ph,sec_Mn,sec_Mw,sec_polyDisp,energyAbsorp,strainMaxLoad,stressMaxLoad,youngsMod
,44.1,127.6,2.89,0.072340,0.051118,28.779,2274.6
,35.9,85.4,2.377,0.023396,0.030050,9.7289,1416.2
,20.1,93.4,4.653,0.034683,0.034793,13.585,2083.7
,29.5,91.2,3.094,0.057662,0.044734,21.320,2015.6
5.065,76.8,161.6,2.105,0.036076,0.047622,16.132,1798.6
,33.5,122.7,3.667,0.036317,0.034782,16.115,1852.0
,58.6,107.2,1.829,0.055638,0.039130,23.529,1919.3
,48.9,105,2.148,0.049192,0.038124,18.333,1780.8
,55.9,124.9,2.236,0.036156,0.031712,17.302,1539.3
,26.6,53.3,2.007,0.029420,0.028192,13.780,1505.6
,18.6,67.9,3.652,0.023906,0.024612,14.191,2044.1
4.830,20,102.4,5.111,0.051608,0.036355,26.062,2465.3
,19.4,81.6,4.212,0.051593,0.034420,27.238,2513.4
,23,80.2,3.495,0.053586,0.048074,23.884,2067.7
,27.4,108.5,3.959,0.051623,0.040532,28.012,2454.2
,45.5,88.3,1.943,0.056732,0.045262,21.359,1705.9
,26.6,85,3.199,0.028100,0.028745,9.9309,1094.6
,21.4,62.4,2.917,0.040640,0.036762,15.844,1427.7
5.207,43.6,81.9,1.878,0.024390,0.028714,9.6245,1269.0
,24.5,79,3.226,0.029432,0.037228,14.758,1482.6
,22.2,49.3,2.221,0.031684,0.033994,16.452,1607.6
,29.9,76.2,2.545,0.049166,0.037218,16.102,1819.0
,22.1,49.4,2.236,0.038232,0.030457,15.988,2443.0
,35.8,82.2,2.296,0.036788,0.031420,19.610,2257.3
,32.5,79.6,2.45,0.030906,0.027886,18.326,2007.5
5.165,20.1,48,2.387,0.0082300,0.011892,9.8780,NaN
,31.5,82.7,2.623,0.0054140,0.014892,9.0508,NaN
,22.7,68.6,3.021,0.044392,0.038707,17.290,1917.3
,33.4,61.4,1.84,0.047474,0.036920,13.598,1418.5
,35.1,94.2,2.681,0.051710,0.040588,22.015,2256.0
,31.8,220.4,6.933,0.12689,0.066282,32.980,1467.7
,19.8,72.5,3.656,0.057664,0.039060,21.674,1834.0
6.405,26.3,239.2,9.093,0.044204,0.033726,19.323,1721.6
,31.2,75.4,2.414,0.051104,0.041714,18.027,1759.0
,21.4,55.4,2.586,0.031190,0.029160,13.942,1902.5
,28.4,69.2,2.435,0.043100,0.040532,18.667,1347.2
,46.2,123.9,2.679,0.043650,0.040256,18.593,1592.4
,20.5,85.2,4.151,0.063876,0.047024,27.247,1660.7
,13,48.5,3.736,0.043946,0.036762,23.002,2035.6
4.960,31.9,127.4,3.996,0.036086,0.033472,18.782,1475.0
,14.2,59.8,4.212,0.033596,0.035100,15.013,1290.1
,13.7,44.4,3.244,0.022548,0.027784,16.801,2109.4
,26,52.8,2.034,0.025630,0.034132,9.9723,1273.9
,36,79,2.197,0.043530,0.044484,20.516,1628.6
,34.3,67.2,1.959,0.028900,0.034150,20.722,1965.6
,20.5,57.3,2.797,0.030072,0.033072,19.755,1904.6
5.067,25,102.4,4.087,0.052760,0.046286,27.456,2277.9
,48.7,89.5,1.837,0.12326,0.058950,29.825,1362.8
,37,128.7,3.477,0.053340,0.048858,33.582,1995.9
,48,201.1,4.193,0.067080,0.050686,28.187,1818.3
,19.4,112.6,5.816,0.033742,0.035952,18.270,2020.1
,28.9,127.8,4.429,0.041088,0.037770,13.485,1290.2
,28.1,112.5,4.004,0.039060,0.036880,23.408,1875.3
5.265,25.5,159.4,6.256,0.070946,0.054988,29.917,1734.1
,30.4,105.4,3.465,0.041410,0.040688,20.818,1715.9
,25.9,152.9,5.911,0.061648,0.044916,26.074,2297.2
,17.2,59.6,3.46,0.039358,0.035944,19.075,2025.0
,17.5,47.3,2.708,0.037062,0.033072,18.651,1845.6
,16.1,43.1,2.678,0.033998,0.032362,13.518,1292.0
,26.2,64,2.446,0.034150,0.034600,11.931,1429.3
4.890,19.1,83.2,4.359,0.051554,0.038062,31.870,2541.0
,33.8,159.7,4.725,0.046608,0.036998,26.527,2303.2
,29.3,87.8,3.001,0.043474,0.047916,18.080,1487.2
,34.4,79.2,2.303,0.032832,0.035182,13.774,1271.0
,13.2,50.5,3.815,0.026823,0.032500,9.4630,1074.0
,30.3,63.1,2.08,0.028612,0.034976,11.417,972.24
,19.6,53,2.705,0.028142,0.029796,15.569,1634.0
5.120,30.7,59.4,1.936,0.039688,0.038456,20.321,1492.6
,35.8,73.8,2.062,0.062284,0.051032,20.656,1448.1
,46.9,98.6,2.103,0.047776,0.042500,22.804,2056.7
,13.5,52.4,3.867,0.036958,0.032874,16.524,1192.6
,14.4,43.9,3.041,0.036876,0.035850,24.446,1912.0
,15.8,74,4.682,0.031772,0.033694,11.751,1628.3
,21.9,70.4,3.222,0.047350,0.036228,23.957,1715.5
4.700,16.8,66.7,3.965,0.031972,0.033300,16.885,2011.0
,20.8,59,2.839,0.047096,0.038856,27.734,3198.9
,18.6,47.9,2.577,0.025367,0.035258,14.508,1517.0
,31.1,95.1,3.061,0.036066,0.034024,20.571,2596.1
,23.5,71.7,3.056,0.027724,0.027884,12.272,1798.1
,38.3,86.4,2.257,0.037824,0.036834,19.857,1885.1
,52.3,80.9,1.546,0.071650,0.054508,24.257,1685.3
4.780,42.3,89.6,2.119,0.058204,0.056108,24.844,1740.6
,63.6,192.3,3.024,0.029426,0.035818,9.8484,911.22
,50.7,111.2,2.194,0.039902,0.039068,10.855,1165.9
,46.5,100.6,2.164,0.059568,0.044568,19.852,1266.6
,44.8,121.2,2.704,0.033818,0.036880,14.884,1636.5
,22.5,55.8,2.479,0.031396,0.034606,15.334,1357.0
,37.7,80.8,2.144,0.049294,0.031868,21.343,2227.1
4.930,35.2,69.2,1.965,0.034450,0.035646,14.667,1128.9
,21.1,42.9,2.034,0.026865,0.031017,16.364,1904.4
,34.6,73.5,2.125,0.032056,0.034520,16.830,1552.8
,31.6,59.3,1.877,0.025364,0.027128,9.8054,1078.8
,37.9,73.5,1.942,0.037036,0.040752,19.892,1734.4
,48.4,113.8,2.349,0.047896,0.047924,24.817,1239.1
,33.3,75.3,2.263,0.050282,0.039972,23.711,1408.3
5.165,29.5,62.9,2.132,0.051950,0.048694,27.104,1824.8
,38.4,90.8,2.364,0.059220,0.041794,22.136,1627.1
,44.9,76.6,1.706,0.049040,0.048002,20.060,1771.4
,25.4,80.1,3.153,0.061006,0.050308,25.674,1660.5
,28.4,131.2,4.614,0.033758,0.033910,13.866,1537.5
,33.7,88.4,2.62,0.042406,0.037572,17.885,1768.3
,28.7,85.4,2.978,0.039420,0.041822,15.964,1619.0
6.200,39,115.7,2.965,0.048518,0.038972,20.186,1443.5
,19.9,69.8,3.51,0.037220,0.033638,20.546,1705.9
,20.1,80.5,3.996,0.044262,0.041112,23.797,1772.3
,19.8,61.5,3.101,0.036570,0.035108,18.093,1402.2
,25.1,86.9,3.465,0.040064,0.038368,22.660,1697.9
,23.4,51.4,2.194,0.035042,0.035286,22.623,2019.0
,27.1,63.7,2.352,0.020288,0.027348,9.1316,NaN
5.105,27,84.7,3.137,0.047850,0.044380,20.732,2244.0
,23.7,61.9,2.613,0.042830,0.040910,24.308,1758.7
,16.2,57.8,3.567,0.026992,0.034660,19.956,2146.7
,26.7,77.6,2.906,0.045104,0.043766,28.285,1650.0
,31.5,87.3,2.772,0.055976,0.047938,29.347,2055.9
,45.9,96.4,2.102,0.071488,0.049490,21.001,1108.5
,39,140.5,3.604,0.071754,0.050378,47.149,3636.6
5.010,37.3,165.5,4.44,0.089132,0.039840,31.219,2791.5
,31.1,136.1,4.373,0.013914,0.017472,19.213,2730.0
,29.9,110.3,3.693,0.051576,0.040462,29.128,3327.8
,36,180.5,5.012,0.044350,0.028156,29.852,3410.7
,45.8,197.2,4.31,0.066852,0.048056,31.486,3449.2
,43,172.2,4.004,0.10246,0.054366,36.266,3046.3
,29.7,105,3.537,0.060022,0.038754,27.181,2766.0
4.940,33.2,173.4,5.222,0.071130,0.041210,24.773,2905.9
6.950,21,59.3,2.827,0.041228,0.032468,19.389,3199.1
,22.5,66.9,2.974,0.068276,0.044578,26.642,2229.2
,21.4,69.1,3.224,0.043988,0.035124,20.109,2323.1
,99.5,495.1,4.978,0.13123,0.084284,56.451,3082.6
,32.2,116.5,3.615,0.046158,0.033050,27.266,3700.5
,20.7,92.7,4.471,0.039538,0.033640,26.768,2457.9
,27.1,108.5,4.009,0.082346,0.055998,35.032,2148.2
,68.5,117.3,1.712,0.053840,0.049206,26.196,2785.3
,40.7,97.8,2.406,0.069458,0.047560,29.634,2194.0
5.850,56.8,101.1,1.781,0.051634,0.044678,15.135,2034.5
5.785,34.9,74.8,2.144,0.068836,0.040392,25.023,2480.1
,30,69.2,2.303,0.033824,0.035558,10.889,1841.1
,84.6,382.8,4.527,0.21904,0.11025,49.313,2107.4
,29.2,70.1,2.398,0.046756,0.043332,29.755,3218.7
,32,71,2.219,0.043614,0.029780,25.224,3024.7
,25.1,60.3,2.4,0.045116,0.031290,21.689,3512.8
,30.8,72,2.336,0.037318,0.025994,20.086,2261.5
,23.8,62.1,2.613,0.068430,0.031844,28.027,2928.3
,23.7,52.2,2.208,0.053660,0.039940,29.480,3397.1
4.995,51.1,108,2.115,0.083052,0.055212,31.559,2835.5
,24.4,74.4,3.057,0.054654,0.045034,19.388,2289.8
,27.8,72.9,2.626,0.030792,0.025626,21.518,2502.8
,118,493.2,4.18,0.28566,0.093762,56.583,1972.7
,88.6,393.1,4.436,0.27090,0.096592,49.993,2191.5
,64.8,469.6,7.245,0.24878,0.093342,50.699,2936.0
,28.1,111.1,3.955,0.050556,0.039668,28.964,3087.9
4.790,27.2,75.9,2.787,0.042660,0.028420,18.346,2557.5
,28.5,129.1,4.521,0.044552,0.026484,27.687,3368.1
,27.3,102.7,3.769,0.068514,0.047166,28.469,3103.1
,21.9,67.2,3.068,0.067814,0.037558,32.784,3336.5
,37,81.4,2.199,0.066496,0.040934,31.873,3263.0
,20.2,50.5,2.502,0.019482,0.018174,15.079,NaN
,22.8,50,2.192,0.029154,0.022412,15.463,2481.4
5.065,34.4,62,1.803,0.032108,0.028118,21.479,2661.8
,68.1,173.4,2.547,0.083150,0.069134,25.444,1949.8
,32.5,65.3,2.008,0.057080,0.036974,26.901,2436.2
,38.8,80.1,2.068,0.070940,0.049142,23.829,2489.4
,38,71.9,1.893,0.041272,0.027752,22.099,2519.3
,31.4,67.9,2.162,0.040346,0.030292,22.307,2547.2
,28.6,64.1,2.24,0.027778,0.027948,18.666,2265.3
4.885,48.6,100.4,2.064,0.058762,0.045806,23.292,2125.9
,27.7,67.1,2.425,0.032354,0.027982,15.157,2116.8
,34.2,71.6,2.094,0.056982,0.039502,21.079,1959.6
,35.8,84.2,2.351,0.057572,0.052628,27.422,2659.1
,31.4,71.6,2.282,0.056826,0.036692,25.779,2499.9
,27.1,62.3,2.297,0.057066,0.034166,26.148,3011.2
,26.8,64.6,2.411,0.059478,0.038980,28.806,2761.9
4.230,26.3,63.4,2.413,0.041536,0.032598,19.677,2644.7
,61.1,121.7,1.991,0.062226,0.045694,25.603,2206.0
,32.2,74.8,2.322,0.057494,0.040060,29.128,3106.9
,29.7,64.3,2.165,0.042182,0.029540,20.377,1800.6
,57.9,130.9,2.262,0.096378,0.049420,27.240,1804.1
,34.5,79.3,2.298,0.089392,0.049598,28.906,2578.3
,49.9,112.7,2.259,0.051372,0.038746,18.274,1818.6
4.675,44.8,93.9,2.097,0.067416,0.048552,22.928,1918.5
,41.4,82.8,1.999,0.054966,0.042760,19.409,1995.9
,28.9,79.6,2.749,0.067470,0.043776,26.968,2462.2
,48.8,84.5,1.73,0.050236,0.036542,22.765,1795.6
,26.6,62.4,2.348,0.042640,0.033796,14.764,1986.4
,26,55.3,2.125,0.048976,0.032576,18.277,2261.1
,23,48.6,2.12,0.034386,0.028900,17.558,2423.1
4.705,30,63.5,2.118,0.043820,0.036714,13.263,1798.1
,41.5,81.8,1.97,0.057472,0.045586,15.328,1120.6
,30.8,70.2,2.275,0.047278,0.041398,15.790,2130.6
,46.3,91.8,1.985,0.079210,0.051730,29.982,2367.1
,28.1,62.8,2.236,0.054962,0.040918,29.134,3319.1
,28.1,63.4,2.257,0.051954,0.040684,25.873,3168.4
,22.1,48.2,2.179,0.020130,0.019078,14.592,NaN
4.885,24.9,56,2.247,0.047792,0.034764,19.503,2525.7
,30.9,67,2.166,0.041298,0.034592,21.087,2027.5
,37.4,80.2,2.145,0.047306,0.036952,22.176,2476.1
,23.9,57.4,2.407,0.061102,0.039606,23.407,2810.7
,20,44.6,2.232,0.045808,0.035844,20.277,2724.9
,22.1,52.8,2.388,0.050248,0.034354,23.061,2983.4
,23.5,85.7,3.654,0.061680,0.042450,30.819,3388.2
4.680,36.4,94.8,2.6,0.083662,0.058034,26.020,1874.1
,48.5,87,1.794,0.075580,0.056044,29.953,2451.0
,62,106.5,1.72,0.080548,0.048692,29.306,2142.2
,47.4,88.8,1.872,0.071986,0.053362,24.573,1869.7
,52.7,99.2,1.882,0.083886,0.059932,28.602,1951.5
,35,125.4,3.585,0.10765,0.056880,29.446,2156.9
,46,88.3,1.919,0.062702,0.042342,17.701,1828.1
5.470,28.8,67,2.325,0.069830,0.041254,23.358,1845.5
,21,68.6,3.266,0.037748,0.027254,17.240,3047.1
,42.4,84.5,1.994,0.081334,0.052904,32.329,2930.7
,49.4,74.8,1.516,0.038388,0.034290,19.367,2501.4
,20.3,47,2.31,0.022244,0.020730,13.689,NaN
,30,78.4,2.612,0.063208,0.044980,26.927,2843.4
,17.8,47,2.642,0.032160,0.025374,18.678,2877.4
4.880,19.5,42,2.155,0.041406,0.030932,17.612,3101.7
,32,82.7,2.58,0.072884,0.040208,24.463,3259.3
,29,65.3,2.252,0.042366,0.032426,21.086,3265.3
,25,54.8,2.192,0.051770,0.037832,17.815,2210.9
,27.1,65.2,2.411,0.095306,0.047208,28.764,2231.0
,21.3,52.2,2.452,0.053988,0.035652,28.901,3068.7
,44.2,90.6,2.049,0.051626,0.034866,25.776,3174.5
4.335,22.1,52.3,2.368,0.056012,0.037344,25.234,2917.0
,21.2,53.3,2.509,0.057354,0.040768,25.923,3160.6
,22.2,49.3,2.221,0.034656,0.029890,19.551,3555.6
,26.9,48.7,1.81,0.014588,0.015986,8.7030,NaN
,20.8,41.7,2.002,0.065146,0.043556,27.700,3031.0
,21.9,64.2,2.936,0.053210,0.039328,27.444,3567.4
,25.8,55.7,2.161,0.035100,0.031498,15.114,2768.1
4.595,23.3,52.3,2.247,0.039486,0.030520,21.058,NaN
,29.6,77.1,2.604,0.047380,0.039076,24.307,3342.4
,30.6,59.3,1.94,0.011928,0.014766,10.094,NaN
,26.6,89.6,3.371,0.048404,0.035912,26.549,3513.7
,23.6,74.5,3.16,0.040340,0.030350,20.276,3686.8
,32,75.4,2.353,0.066932,0.043626,35.084,3253.3
,26.5,79.9,3.012,0.073252,0.043500,35.710,3441.5
4.560,49.2,108.5,2.203,0.12353,0.058770,28.854,2453.9
,20.2,60.5,2.99,0.050282,0.040712,27.218,3154.9
,38.5,126.2,3.275,0.10181,0.062648,58.135,2734.2
,37,160,4.328,0.083764,0.053950,32.939,2631.1
,23.5,126,5.363,0.033490,0.029972,20.215,2817.4
,24,101.4,4.218,0.061360,0.037068,20.955,2502.4
,25.9,59.7,2.301,0.056626,0.040526,27.233,2969.5
4.870,23.3,61.1,2.625,0.046528,0.039314,23.065,2973.3
,23,119.1,5.178,0.051994,0.036446,19.803,2565.8
,26.2,87,3.315,0.047150,0.035298,24.109,2977.7
,50.7,128.4,2.533,0.076288,0.053202,30.001,2176.7
,29.4,96.2,3.271,0.077060,0.055940,31.089,1961.7
,24.9,66,2.647,0.067184,0.046286,30.118,2037.9
,37,114.8,3.104,0.059586,0.045182,26.104,1985.4
5.055,23.9,55,2.301,0.038494,0.030450,19.178,2342.5
,20.4,94.2,4.614,0.062202,0.041650,25.338,2445.1
,29.9,97.7,3.268,0.056532,0.035276,21.804,2690.4
,18.1,52.6,2.903,0.079506,0.045120,26.634,2720.4
,21.9,69.6,3.173,0.045190,0.035084,19.123,2800.4
,18.5,50,2.701,0.049622,0.032960,30.328,3978.3
,26.9,63.5,2.357,0.038756,0.032156,20.202,3198.5
4.915,27.8,74.1,2.661,0.022154,0.023194,15.559,2805.8
,27.6,63.1,2.286,0.037608,0.031114,18.062,3040.0
,22,60.5,2.751,0.046984,0.034040,21.266,2954.7
,24.3,63.6,2.616,0.037510,0.031794,17.064,2278.5
,29.9,91.7,3.069,0.031560,0.029084,13.851,2492.2
,29.1,77.5,2.66,0.051342,0.036440,18.916,2244.2
,26.8,72.5,2.709,0.031696,0.029750,12.447,1947.3
4.825,27.6,68.3,2.479,0.059022,0.044616,21.357,2388.8
,30.6,80.2,2.623,0.038220,0.033748,29.908,3936.2
,24.2,69.2,2.863,0.080364,0.043964,30.193,2981.7
,23.4,70.4,3.014,0.054214,0.040046,24.727,2803.6
,25.6,88,3.436,0.062072,0.043924,34.788,2877.7
,21.5,42.7,1.992,0.032354,0.025392,14.385,2627.2
,27.1,56.5,2.081,0.052966,0.041154,21.193,2351.1
4.790,29.6,108.3,3.658,0.049000,0.041130,34.014,3573.2
,28.6,82.2,2.874,0.055654,0.044804,46.859,4828.2
,25.9,73,2.814,0.057462,0.045516,35.853,3764.3
,24.7,59.4,2.402,0.045404,0.037392,25.727,2972.2
,23.3,68.2,2.929,0.050380,0.043248,40.252,3721.9
,18.1,59.5,3.284,0.039826,0.034274,28.607,4022.1
,26.8,74.5,2.781,0.052026,0.047316,34.098,3265.3
4.610,23,63.6,2.762,0.051296,0.038810,36.729,3242.0
,41.7,131.2,3.143,0.057362,0.052544,41.431,3696.1
,29.1,105.2,3.621,0.046130,0.037480,40.119,3670.1
,24.9,79,3.176,0.037758,0.031986,28.876,3459.5
,26,87.9,3.385,0.072242,0.042380,46.050,3293.8
,31.9,106.8,3.353,0.074054,0.046962,38.204,2976.1
,28.4,122,4.301,0.088962,0.054140,39.921,2588.6
4.530,25.3,101.8,4.025,0.046820,0.041602,26.203,3136.0
,29,68.1,2.352,0.047632,0.037452,21.823,2649.2
,20.5,70.9,3.461,0.061666,0.041092,22.192,1797.0
,22.8,65.8,2.892,0.059314,0.042672,29.885,2946.5
,39.6,83.4,2.107,0.080532,0.052424,30.075,3378.8
,51.6,87.2,1.691,0.064870,0.047420,27.472,2971.0
,26.9,54.6,2.033,0.056224,0.044908,19.231,2100.6
7.920,34.5,60.3,1.746,0.054410,0.038510,20.593,2458.7
,34.2,64.4,1.885,0.068788,0.045138,29.358,3361.3
,67.9,823.5,12.122,0.30318,0.11195,63.603,2691.0
,38.7,78.4,2.024,0.059286,0.048692,23.090,2178.0
,48.5,78.7,1.62,0.055230,0.046946,22.662,1977.9
,36.3,72.3,1.993,0.059696,0.041364,21.959,2053.0
,29.7,58.4,1.97,0.040734,0.036314,18.726,NaN
4.760,41.3,70.2,1.7,0.059184,0.046892,21.331,2434.0
,41.1,78.9,1.919,0.096734,0.054118,34.992,2993.0
,36.8,75.4,2.046,0.086254,0.052722,33.226,2811.7
,19.6,51.4,2.629,0.050792,0.035402,21.001,3047.5
,29.5,74.2,2.519,0.074462,0.042516,33.672,3628.4
,52.9,90.4,1.707,0.072858,0.053134,30.048,2917.5
,22.9,56.9,2.489,0.046230,0.039526,21.685,3025.1
4.610,32,63.8,1.996,0.064576,0.039870,30.794,3318.0
,42.1,84,1.994,0.042472,0.037098,24.028,3401.6
,30.3,52,1.717,0.044026,0.037076,23.337,3053.2
,46.5,122.5,2.632,0.096212,0.067412,23.880,1921.1
,23,74,3.216,0.10014,0.057548,28.753,2719.7
,64,136.1,2.127,0.071172,0.056602,20.372,1800.3
,69.3,132.4,1.91,0.11326,0.072392,24.119,1892.2
4.830,35.3,67.7,1.918,0.046368,0.035740,12.593,1608.5
,48.8,88.9,1.822,0.075094,0.052708,20.728,2195.9
,33.3,74.3,2.228,0.13209,0.058484,30.725,1959.2
,36.1,73.3,2.031,0.058312,0.047908,22.091,2705.3
,26.3,52.5,1.995,0.024398,0.022752,10.581,2187.8
,64.1,104.2,1.626,0.065336,0.051022,22.200,2406.0
,34.1,53,1.552,0.035934,0.033252,14.869,2475.8
4.700,40.5,64.5,1.593,0.044542,0.035892,13.391,2061.1
,26.7,49,1.834,0.057530,0.042014,18.496,2455.1
,21.5,60.5,2.817,0.043704,0.035880,16.119,1816.3
,31.7,70.1,2.21,0.076260,0.055644,32.717,2883.1
,20.9,53.5,2.562,0.043106,0.032992,19.485,2903.8
,26.6,64.3,2.42,0.025130,0.026522,19.471,2081.4
,21.6,43.4,2.006,0.039650,0.028224,16.128,3178.1
4.360,20.2,41.3,2.043,0.039738,0.028380,15.620,3252.6
,22,57.6,2.622,0.039096,0.033346,17.618,2558.6
,24.2,48.8,2.017,0.042806,0.033108,13.499,1975.7
,17.2,45.4,2.638,0.057890,0.046498,23.363,2482.7
,37.4,62.7,1.679,0.057146,0.045028,23.276,2537.3
,21.7,54.9,2.525,0.035360,0.024478,12.144,2468.1
,32.6,69.2,2.124,0.060354,0.044442,29.465,2949.1
5.080,20.7,53,2.553,0.0040660,0.0092220,12.033,NaN
,23.4,60.1,2.564,0.043046,0.034440,18.040,3147.8
,23,61.2,2.657,0.045526,0.041202,20.198,4075.4
,16.7,41.1,2.465,0.040472,0.028386,18.320,3397.7
,40.2,92.5,2.298,0.056166,0.042572,20.056,2336.0
,42.1,139.6,3.314,0.065268,0.044010,26.390,3278.1
,18.9,44.1,2.335,0.057496,0.039800,17.282,3094.0
4.960,24.2,65.6,2.715,0.087352,0.053360,31.549,3521.3
,21.6,57.6,2.668,0.056240,0.042210,26.301,3782.9
,36.4,86.1,2.367,0.055322,0.040642,24.502,3143.6
,22.9,48.8,2.131,0.047408,0.033740,22.676,2891.3
,22.8,49,2.148,0.033686,0.028994,13.491,NaN
,24.6,56.1,2.284,0.060388,0.041310,28.051,2644.9
,29.1,69.9,2.401,0.054086,0.044012,38.304,3966.4
4.605,21.2,52,2.449,0.043434,0.037112,27.759,3600.2
,31.1,82.8,2.664,0.069862,0.051850,30.962,3084.4
,39.3,71,1.804,0.043458,0.036802,15.601,1707.3
,38.6,67,1.736,0.052618,0.038446,21.927,2568.8
,29.1,67.8,2.326,0.050136,0.039634,23.321,2335.9
,43.1,60.2,1.398,0.012654,0.014930,10.172,NaN
,22.9,51.5,2.25,0.044012,0.032006,20.904,3644.5
4.495,24.6,88.1,3.575,0.056210,0.038848,25.647,3139.7
,31.5,59.6,1.893,0.057640,0.038938,25.705,3383.8
,24.1,59.3,2.458,0.054114,0.038430,28.663,3903.6
,31.6,82.1,2.598,0.083900,0.046530,40.556,4275.3
,17.7,52,2.931,0.042792,0.031868,21.944,3479.7
,41.1,178.2,4.333,0.082878,0.055212,22.242,1831.3
,26.7,97.6,3.657,0.020964,0.022790,16.538,2111.1
4.545,31.6,102.5,3.244,0.070500,0.046278,25.895,3098.7
,27.8,132,4.757,0.070358,0.043910,18.151,1898.5
,34,75,2.206,0.042870,0.033852,19.096,2519.7
,22,85.9,3.901,0.043382,0.032500,20.306,3441.9
,48.9,132.3,2.707,0.085020,0.060434,30.646,1702.4
,31.7,105.9,3.337,0.081432,0.054022,30.034,1622.5
,18.2,57.8,3.185,0.079524,0.047956,31.777,2783.6
7.125,25.7,131.1,5.099,0.064798,0.044498,23.579,2367.8
,19.8,48.8,2.461,0.046316,0.033306,23.303,3150.3
,22.1,59.7,2.702,0.040714,0.029104,22.945,3812.4
,54.9,153.3,2.79,0.072480,0.052466,33.717,3120.6
,22.4,50.8,2.265,0.060988,0.042734,28.592,3554.7
,31.3,69.1,2.208,0.057016,0.046200,28.179,2698.8
,36.7,72.9,1.986,0.057202,0.042690,27.584,2730.0
4.920,50.3,91,1.807,0.065984,0.048112,26.448,2885.8
,48.1,82.2,1.708,0.052128,0.045664,13.116,2184.8
,47.2,82.6,1.751,0.041122,0.034624,15.596,2631.9
,35.1,68.5,1.949,0.043464,0.033014,21.551,3942.6
,105.7,222.4,2.105,0.11459,0.085394,29.157,2022.5
,52.3,92.4,1.768,0.056972,0.043194,25.284,3697.7
,108.5,231.5,2.134,0.10488,0.066630,27.917,2616.8
4.720,58.7,90.5,1.543,0.041436,0.035392,17.203,2985.8
,52.8,87,1.648,0.044340,0.038058,21.182,2758.1
,30.1,71.9,2.391,0.056782,0.046992,10.544,1504.6
,31.6,78.6,2.489,0.054626,0.047146,22.241,2520.4
,38.6,86.2,2.23,0.047124,0.041250,15.519,1524.9
,35.2,64,1.821,0.054038,0.041950,21.480,1544.1
,48.5,81.6,1.684,0.066334,0.044710,31.211,2850.1
4.725,55.9,94.6,1.692,0.084630,0.054030,32.298,2467.0
,45.9,80.2,1.749,0.049114,0.033734,22.141,2294.2
,30.7,93.9,3.057,0.053450,0.035250,25.387,2703.7
,58.1,89,1.531,0.053332,0.038220,24.329,3072.6
,39.7,81.9,2.062,0.045542,0.029098,23.951,3006.0
,17.6,69.1,3.928,0.048848,0.038320,28.838,2843.0
,50,83.9,1.679,0.042182,0.034308,24.499,3014.8
4.680,66.8,119.4,1.788,0.081406,0.053628,28.221,2645.1
,77.4,128.8,1.664,0.087228,0.058540,27.869,1906.7
,77,138.2,1.794,0.094048,0.057012,32.202,1593.7
,50.8,88.4,1.741,0.070916,0.044680,21.744,1336.3
,36.3,83.5,2.302,0.075294,0.042484,25.935,1946.5
,47.5,108.2,2.275,0.073408,0.049566,24.589,2344.0
,46.3,109.3,2.358,0.053164,0.035772,20.191,2568.8
4.620,41.8,95.7,2.291,0.075654,0.039666,26.783,3196.5
,71.5,191.6,2.682,0.035824,0.036452,12.033,1541.6
,38.8,87.1,2.243,0.068168,0.038666,28.346,2911.3
,61.4,102.2,1.665,0.061984,0.043380,20.254,2074.1
,50.3,103.2,2.051,0.11795,0.054618,28.661,2724.0
,55.2,103.8,1.88,0.067078,0.048952,21.073,2472.3
,39.1,73.7,1.886,0.070356,0.044536,20.870,2008.3
4.530,60.4,90.5,1.498,0.066704,0.052850,18.460,1433.4
,31.9,65.6,2.058,0.047270,0.039020,16.194,1722.3
,61.2,115.3,1.886,0.077058,0.046252,24.500,2823.3
,29.7,78,2.629,0.062684,0.048000,22.819,1795.4
,48.5,86.8,1.789,0.067310,0.054440,20.261,1251.3
,45.5,100.9,2.218,0.075328,0.053888,21.017,2029.9
,57.4,110.5,1.926,0.12362,0.068496,32.620,2887.3
4.695,42.3,92.7,2.19,0.068278,0.048284,32.402,2830.2
,54.1,95.3,1.761,0.061460,0.044986,30.356,2984.4
,42.6,76.5,1.795,0.032726,0.026978,16.266,2875.6
,37.7,93.3,2.471,0.062226,0.046138,22.131,2426.9
,27.2,69.3,2.551,0.027218,0.026224,16.457,2462.2
,46.4,76.4,1.647,0.024310,0.028264,14.712,1746.9
,38.3,68.4,1.788,0.018606,0.022960,15.502,1886.5
4.660,45,76.5,1.701,0.010482,0.017860,14.067,NaN
,33.5,79,2.359,0.063618,0.050472,20.038,2603.4
,41.8,80.2,1.918,0.069514,0.042476,34.306,2882.3
,32.7,70.8,2.165,0.054628,0.035480,21.420,3270.9
,39.1,75.4,1.925,0.050892,0.035040,21.830,2861.0
,96.1,646.7,6.727,0.21496,0.12023,72.637,3104.0
,38.5,77.3,2.011,0.060952,0.039082,19.525,2115.7
5.255,51.6,92.5,1.794,0.064330,0.041296,28.800,2473.7
,52.5,95.7,1.821,0.057510,0.043666,26.768,2747.6
,72.5,117,1.613,0.082162,0.053250,31.736,1746.6
,47.4,88.3,1.863,0.075186,0.055242,30.236,1599.7
,59,87.3,1.479,0.057368,0.046284,23.410,1569.3
,45.9,85.2,1.854,0.071790,0.055118,28.202,1582.7
,50,215,4.301,0.10985,0.062042,34.912,1796.9
5.380,60.5,114.6,1.892,0.090860,0.057714,24.098,1977.7
,31,80.3,2.591,0.082610,0.049978,32.158,2119.2
,31.8,126.4,3.975,0.078352,0.048338,27.165,2288.4
,64.1,102.4,1.597,0.060194,0.053164,30.010,1492.3
,22.8,53.6,2.352,0.018602,0.023972,16.657,2245.0
,30.7,82.1,2.677,0.055400,0.047670,20.021,1684.6
,43.8,104.5,2.385,0.075214,0.060648,28.641,3216.4
4.555,35.2,97.2,2.761,0.070488,0.049632,28.252,1805.8
5.085,31.5,78.9,2.501,0.046164,0.036142,18.671,2057.8
,30.3,78,2.573,0.077940,0.044576,30.413,3219.5
,32.1,124,3.859,0.079092,0.042782,25.054,3067.3
,31.3,77.1,2.464,0.057470,0.040274,21.736,2755.0
,34.2,84.4,2.471,0.086814,0.048378,36.269,3688.4
,28.4,64.2,2.264,0.056134,0.038298,26.081,4004.5
,57.9,140.6,2.43,0.061500,0.048718,29.947,3553.2
,25.9,60.8,2.346,0.041896,0.029488,18.994,3588.4
,28.8,65.4,2.274,0.046528,0.031294,22.773,3519.4
4.740,36.5,74.4,2.038,0.055626,0.041652,23.859,3405.0
,42.1,85.3,2.027,0.067156,0.045004,26.871,3376.6
,45.9,82.8,1.802,0.050580,0.038062,30.699,3724.4
,61,95.1,1.558,0.043804,0.033354,16.409,2678.1
,59.7,112.8,1.888,0.061900,0.044520,26.147,3073.1
,52.3,83.6,1.599,0.055976,0.039714,24.190,3040.6
,35.4,84.5,2.386,0.059568,0.047646,30.619,3291.8
4.375,28.5,86.2,3.024,0.063094,0.039554,32.421,4671.0
,39,142,3.638,0.053746,0.041028,30.369,3853.5
,36.1,82.8,2.29,0.057744,0.042026,27.854,4127.0
,43.8,147.3,3.366,0.095756,0.047408,36.910,3355.0
,47.6,117.5,2.471,0.10045,0.050254,35.311,3422.4
,40.3,138.5,3.436,0.093856,0.047956,38.752,4036.9
,73.4,123.2,1.68,0.12089,0.058132,29.003,2427.2
4.935,42.3,106.2,2.509,0.082454,0.051434,34.820,3141.0
,47.5,90.2,1.899,0.076142,0.049096,36.890,4084.1
,65.5,214.6,3.277,0.096868,0.056350,48.167,4253.0
,45,243.7,5.412,0.079328,0.049212,32.943,3005.7
,87,267.4,3.073,0.095808,0.058864,38.413,3336.5
,38,137.9,3.633,0.036304,0.032724,24.259,3267.8
,38.3,177.3,4.63,0.049626,0.038306,27.791,3979.3
4.695,45.3,160,3.532,0.062282,0.039028,32.059,3964.2
,42,149,3.549,0.052890,0.039078,27.276,3725.1
,35.3,79.4,2.248,0.050754,0.041862,24.894,4180.1
,43.2,139.5,3.227,0.069592,0.044088,28.408,3348.4
,43.6,136.2,3.121,0.059004,0.045324,31.238,3937.7
,43.1,138,3.202,0.056048,0.041104,30.811,3645.3
,44.5,174.8,3.924,0.081680,0.056062,39.695,3239.8
4.925,41.2,101.4,2.459,0.058002,0.043374,31.635,3710.1
,47,129.6,2.758,0.072482,0.045316,40.064,3278.6
,62.1,175.8,2.832,0.070616,0.041470,32.208,3009.5
,32.1,156.8,4.883,0.055024,0.035260,25.630,3275.0
,32.8,69.2,2.112,0.043440,0.031386,24.639,3684.3
,68,373.8,5.494,0.17095,0.085242,58.290,2414.8
,105.5,523.2,4.96,0.18775,0.093404,62.669,3009.4
4.790,27.2,86.2,3.166,0.097892,0.048654,41.469,2971.3
,32.5,80.9,2.487,0.056394,0.036376,26.728,3491.9
,25.3,72.4,2.862,0.032714,0.027270,14.254,2595.9
,51.9,133.4,2.571,0.072046,0.046270,40.027,4034.4
,36.4,119.2,3.275,0.063448,0.038768,41.308,4341.8
,41.1,163.7,3.986,0.085394,0.051692,42.247,3530.6
,26.5,70.1,2.648,0.072246,0.040762,39.016,3649.9
4.635,20.9,64.6,3.094,0.038860,0.029764,20.933,3966.0
,34.7,112.6,3.243,0.062848,0.044028,31.001,3335.2
,32.9,95.7,2.913,0.041176,0.033204,18.788,2628.6
,32,90.9,2.838,0.056632,0.037992,19.453,2209.2
,30.9,78.9,2.552,0.056970,0.040230,23.987,2225.7
,27.6,87.4,3.162,0.041520,0.036054,34.964,3864.4
,33.1,105,3.171,0.093776,0.045924,39.127,3746.1
4.970,29.2,94.5,3.239,0.056328,0.034188,25.075,2912.8
,31.5,65.4,2.077,0.049026,0.034148,23.256,2673.7
,27.6,105.5,3.821,0.048946,0.040196,40.822,3348.2
,41.3,87,2.108,0.045790,0.038778,24.889,2672.6
,29.2,91,3.119,0.063622,0.040358,30.229,2875.2
,29,75,2.588,0.066696,0.041398,28.334,2723.1
,39,73.9,1.895,0.071348,0.038920,33.211,3219.8
5.065,31.3,84.7,2.704,0.051508,0.035364,22.492,2718.9
4.550,33.4,90,2.697,0.071296,0.049166,35.415,3142.7
,34.7,63.1,1.821,0.048648,0.036204,23.726,2652.0
,26.5,93.3,3.521,0.056534,0.044884,25.860,2962.8
,34.2,108.8,3.182,0.050192,0.042098,22.771,2382.0
,30.3,78.7,2.601,0.058360,0.041650,29.899,3664.4
,30.1,69.6,2.316,0.052238,0.030208,16.617,2244.9
,14.7,66.7,4.53,0.031902,0.023984,14.946,2316.5
,31.5,78.4,2.487,0.052946,0.030704,19.899,2114.2
,32.7,113.1,3.46,0.052490,0.039580,16.389,1999.7
4.510,36.9,87.4,2.368,0.049306,0.033778,30.449,3640.2
,32.1,112.2,3.497,0.065884,0.050364,20.043,2041.2
,41.3,109.8,2.656,0.056006,0.035880,31.594,3476.2
,34.1,142.1,4.163,0.082312,0.052630,28.600,2389.1
,19.1,65.1,3.404,0.044772,0.036470,23.788,3246.1
,27.8,102,3.664,0.031026,0.028224,25.637,4262.7
,35.9,69.4,1.934,0.034526,0.027222,18.710,NaN
4.535,24.1,61,2.529,0.031940,0.030804,18.385,NaN
,24,73.8,3.072,0.036276,0.027476,16.983,2934.5
,26.2,85.8,3.276,0.044272,0.034526,30.123,3834.1
,34.6,74.3,2.149,0.075868,0.053188,23.894,2578.6
,21.9,70,3.19,0.059796,0.038920,13.949,1838.4
,51.9,121.9,2.351,0.089294,0.051504,22.824,2241.2
,38.8,113.3,2.923,0.067532,0.046182,23.664,2834.2
4.445,48.8,122.4,2.512,0.094262,0.052150,31.128,3222.0
,25.7,106.8,4.158,0.055434,0.038014,19.780,2271.1
,27,95.8,3.548,0.045444,0.033072,18.929,2965.9
,49.6,154.1,3.11,0.055324,0.041050,38.040,4344.3
,42.2,125.2,2.965,0.066988,0.051796,21.182,2049.5
,32.2,72.7,2.256,0.082998,0.040974,23.135,2344.2
,23.2,64.6,2.785,0.026338,0.021526,13.870,2271.1
4.650,41.3,101.6,2.462,0.053914,0.043154,24.427,3360.4
,30.4,81,2.668,0.048258,0.041234,17.695,2579.4
,23.9,62.1,2.599,0.034312,0.029418,12.639,2097.3
,27.2,86,3.167,0.033174,0.027260,22.521,3406.9
,29.7,103.7,3.492,0.066764,0.042524,24.713,3053.8
,18.4,76.7,4.174,0.072246,0.047616,21.345,2141.1
,30.4,106.9,3.516,0.043922,0.029930,24.894,3548.7
4.795,42.3,134.3,3.173,0.060428,0.046404,12.228,1458.9
,27.8,106.7,3.84,0.069954,0.047686,25.867,2995.3
,32.9,86.3,2.626,0.046624,0.039636,17.065,2282.8
,28.1,124.2,4.412,0.052312,0.038130,25.017,3112.7
,26.4,64.8,2.456,0.093058,0.049826,25.314,2313.4
,42.4,79.5,1.874,0.044882,0.035044,17.526,2519.5
,24.1,54.1,2.242,0.047220,0.036174,13.252,2096.3
4.745,25.9,63.7,2.456,0.061076,0.043176,30.607,3644.2
,53.7,122.6,2.281,0.14527,0.065546,41.635,2971.9
,39.3,70.1,1.783,0.056720,0.039438,23.048,2618.2
,15.7,106.9,6.791,0.094862,0.060042,23.291,2363.8
,20.6,55.2,2.674,0.092156,0.058500,24.024,2294.4
,33.8,72.7,2.15,0.040286,0.035292,25.820,3004.7
,36.3,68.3,1.882,0.0085560,0.016794,14.279,NaN
5.800,33.8,86,2.545,0.077452,0.040792,36.657,3482.8
5.175,34.7,57.9,1.666,0.053544,0.035852,28.520,3352.4
,43,76.1,1.767,0.037924,0.031740,19.378,3297.9
,33.9,85.4,2.521,0.038750,0.031348,17.876,2477.1
,22.4,75.9,3.385,0.040134,0.029074,17.572,2956.5
,46.1,112,2.428,0.061824,0.039990,21.836,2823.6
,48.9,93.1,1.904,0.054136,0.036328,18.062,2235.8
,44.3,88.5,1.997,0.17152,0.064128,50.153,3430.1
,44.5,174.4,3.921,0.079344,0.055534,33.042,3623.6
,38.4,79.8,2.08,0.072318,0.059546,29.657,3141.5
6.610,26.3,88.7,3.375,0.042787,0.032903,12.154,2000.6
,35.5,85.4,2.406,0.042218,0.032040,22.098,3670.1
,22.3,81.2,3.639,0.050930,0.036078,24.055,3402.2
,30.9,95.3,3.081,0.057806,0.030742,23.144,2967.2
,32.9,109,3.317,0.082172,0.038250,28.287,2916.3
,46.9,83.5,1.78,0.098462,0.052754,38.622,3523.1
,35.1,90.8,2.587,0.11495,0.047514,19.861,1452.9
7.320,33.2,118.6,3.57,0.076468,0.045774,33.238,2617.3
,17.6,65,3.688,0.039050,0.026592,21.488,3691.4
,29.1,104.2,3.575,0.031892,0.023886,15.435,2943.8
,24.4,76.5,3.133,0.054852,0.033264,28.950,4143.6
,30.8,134.4,4.37,0.068704,0.044578,25.790,2716.5
,29.9,119.4,3.993,0.075046,0.042760,36.256,4173.1
,32.6,195.2,5.985,0.0094600,0.017896,11.449,1576.9
5.500,32.2,68.6,2.128,0.061162,0.034560,22.146,2750.8
6.210,33.9,225.1,6.645,0.030956,0.026624,10.297,1482.4
,25.1,69.3,2.762,0.0066860,0.010160,10.485,NaN
,33.3,86.8,2.602,0.048228,0.033736,19.052,2003.4
,21.9,78.2,3.567,0.055876,0.035440,37.155,4423.1
,43,95.3,2.217,0.051340,0.032496,18.367,2016.5
,27.5,104,3.785,0.054354,0.034536,16.984,1413.5
,21.2,98.9,4.669,0.061616,0.043616,26.088,2577.1
,33.9,115.5,3.405,0.035770,0.027830,19.620,3659.8
,24,76.8,3.195,0.070086,0.040546,21.304,2588.8
4.665,37.8,177.1,4.679,0.050770,0.042114,19.271,2623.8
,22.8,65.6,2.876,0.047284,0.037838,22.327,3493.0
,34.9,87.4,2.505,0.043664,0.033534,18.805,3058.2
,21.5,68.4,3.173,0.037782,0.028530,21.278,2937.9
,28.3,66.9,2.363,0.050540,0.034142,16.261,2447.1
,32.3,65.3,2.02,0.037388,0.030854,14.783,2606.5
,28.6,77.1,2.692,0.053216,0.041280,25.054,3086.7
4.420,19.8,53.4,2.694,0.034244,0.027108,16.437,3830.2
,21.4,78.2,3.654,0.035046,0.031710,27.239,4012.7
,26.6,66.3,2.494,0.062322,0.042232,29.898,3440.2
,18.9,41.9,2.215,0.043500,0.029538,17.742,3270.3
,25.6,54.1,2.11,0.049402,0.034448,18.422,2672.6
,19,63.5,3.339,0.052608,0.039344,31.438,3556.7
,23.3,66.5,2.853,0.050024,0.039344,38.005,4750.8
4.505,23.2,119.4,5.144,0.047682,0.038022,34.282,4350.2
,26.7,81.9,3.071,0.051696,0.042256,31.498,4120.8
,29,66.5,2.29,0.049382,0.036792,23.516,2768.5
,21.7,64.9,2.985,0.086170,0.040346,33.928,3879.5
,16,39,2.437,0.071998,0.040406,29.253,2959.0
,23.4,79.2,3.388,0.051914,0.041304,22.471,2864.9
,24.7,73.9,2.994,0.055892,0.042860,22.259,3055.5
4.440,22.2,58.2,2.617,0.033508,0.025934,14.676,3453.4
,22.3,54.7,2.45,0.057894,0.043648,32.515,4073.2
,21.7,58.2,2.687,0.051294,0.038660,17.435,2946.5
,23.8,51.4,2.162,0.054128,0.032338,23.848,3424.8
,25.2,94.3,3.742,0.054698,0.038572,18.443,2062.4
,35.8,112.7,3.145,0.11218,0.052292,33.417,2612.9
,33.1,77.1,2.33,0.045458,0.040966,27.513,4771.0
4.660,49.8,290.4,5.83,0.19620,0.076914,62.009,3515.6
,36.2,304.6,8.418,0.14709,0.062074,58.221,2842.5
,40.2,113.1,2.816,0.072148,0.048662,31.718,3350.8
,24.2,64.9,2.678,0.044238,0.035094,21.567,3218.5
,23.1,57.9,2.509,0.042910,0.033590,16.486,2453.7
,19,58.2,3.056,0.030048,0.026626,17.395,3060.4
,30.2,87.9,2.909,0.050752,0.035414,19.413,2113.4
4.640,29.5,84.3,2.858,0.048808,0.037110,18.184,2328.9
,21.6,55.9,2.589,0.029690,0.027854,15.598,NaN
,20.2,55.6,2.754,0.030542,0.027270,17.182,NaN
,23.6,81.1,3.428,0.035832,0.031796,19.511,2309.6
,18.6,48,2.586,0.042040,0.033214,14.833,1767.2
,25.6,72.5,2.828,0.060146,0.044956,25.022,2635.3
,27.1,59.8,2.204,0.065422,0.046452,22.824,1568.4
4.760,22.2,64.9,2.922,0.044050,0.036290,16.703,1798.7
,27.6,88.6,3.209,0.086432,0.047976,30.877,2366.8
,24.1,57.1,2.372,0.064176,0.047648,18.640,1839.7
,34.3,72.7,2.115,0.068376,0.052502,20.779,1879.5
,34.5,86.4,2.502,0.056426,0.040510,22.231,1897.7
,16.2,147.1,9.062,0.045406,0.037110,20.589,2258.2
,35.4,81.3,2.299,0.059984,0.044300,20.942,1983.7
4.640,31.9,75.5,2.368,0.053016,0.036204,21.727,2374.0
,29.4,73.1,2.485,0.042720,0.039344,13.844,2440.7
,22.2,51.6,2.324,0.036278,0.031018,17.966,2896.6
,20.2,60.1,2.972,0.030038,0.027532,16.156,2859.5
,31.2,69.8,2.235,0.039078,0.031160,20.540,3158.2
,32.9,68.1,2.066,0.044660,0.034080,19.612,2831.1
,30,58.6,1.95,0.050748,0.036060,23.050,3071.3
4.600,18.2,47.8,2.629,0.060776,0.037392,21.768,2583.3
,26.6,71.3,2.682,0.037814,0.033252,17.808,2509.2
,24.5,69.7,2.846,0.050464,0.041666,18.292,2366.0
,19.9,83.6,4.205,0.079518,0.055856,21.569,1939.0
,20.7,67.3,3.252,0.037290,0.031402,13.867,2124.2
,19.8,50.1,2.533,0.039882,0.032670,15.436,2323.9
,20.2,67.6,3.337,0.031446,0.031774,12.503,1639.8
4.680,24.7,97.9,3.959,0.060082,0.039118,22.889,2628.1
,33.2,108.9,3.283,0.079324,0.049860,21.602,1735.5
,30,124.1,4.14,0.095894,0.048624,45.261,3330.1
,24.2,116,4.8,0.077594,0.045696,39.260,3591.9
,54.2,167.6,3.09,0.050428,0.034614,16.441,2112.0
,28.5,69.8,2.448,0.044460,0.035502,20.331,2926.7
,33.7,130.2,3.863,0.034748,0.034874,20.374,3019.2
4.990,34.4,164.1,4.776,0.041410,0.041068,10.355,1390.1
,34.8,133.5,3.839,0.044472,0.041894,13.676,1551.7
,33.8,125.5,3.712,0.054344,0.047136,13.902,1681.2
,30.3,93.8,3.1,0.035030,0.033388,10.106,1380.1
,62.8,457.6,7.285,0.30001,0.15578,59.340,2084.4
,54.5,629.3,11.552,0.27619,0.12445,55.850,2546.2
,39,484.7,12.422,0.20631,0.096442,43.152,1783.5
4.260,92.1,534.9,5.806,0.26633,0.13897,66.460,2090.7
,54.3,408.3,7.516,0.19482,0.090266,42.002,1846.5
,21.4,53.9,2.523,0.069938,0.046632,23.820,2345.0
,20.2,53,2.618,0.094276,0.048550,30.607,2560.1
,18.9,53.6,2.836,0.057088,0.040066,20.934,1793.4
,9.1,21.2,2.318,0.054584,0.044838,17.648,1413.5
,16.8,38.3,2.286,0.057768,0.045492,19.633,1640.2
4.440,10.2,34.5,3.394,0.050736,0.040612,15.159,1464.4
,18.4,45.3,2.463,0.038214,0.035630,11.167,1310.3
,14.9,24.3,1.628,0.043212,0.033566,22.786,2691.3
,14.5,42.3,2.923,0.039974,0.032326,25.543,2484.3
,8.7,25.3,2.928,0.049360,0.037022,25.454,2415.4
,15.5,60.4,3.893,0.042844,0.036764,23.116,2439.4
,23.3,44.8,1.922,0.044326,0.041620,23.466,2754.9
4.565,18.9,36.2,1.918,0.0049560,0.011860,10.289,NaN
,39.1,367.2,9.396,0.029104,0.026674,14.671,NaN
,18.4,152.8,8.295,0.0087780,0.012310,10.943,NaN
,21.6,136.7,6.325,0.061684,0.043758,28.817,2253.5
,21.3,72,3.389,0.054928,0.035954,27.846,2558.0
,26.8,78,2.911,0.065084,0.043956,32.867,2241.9
,26.7,61.5,2.305,0.059488,0.039526,27.808,2120.2
4.860,24.6,96.7,3.923,0.046438,0.038360,17.926,1530.4
,26.8,81.5,3.041,0.062186,0.043862,31.059,3725.5
,22,50.3,2.282,0.045068,0.039448,23.547,3047.9
,15,97.3,6.499,0.054776,0.037362,23.219,2916.7
,13.2,45,3.413,0.043388,0.034474,19.793,2852.4
,17.7,81.4,4.587,0.061244,0.050118,22.959,2459.5
,19.3,58.4,3.032,0.067208,0.045152,37.074,2971.1
4.865,16.7,60.1,3.603,0.054500,0.035338,15.613,2139.5
,21.5,78.5,3.644,0.048764,0.033010,18.187,2330.0
,19.5,48,2.459,0.057904,0.033906,18.478,2267.7
,20.9,89.6,4.284,0.046312,0.033072,14.630,1958.0
,30.4,200,6.576,0.11626,0.060304,27.972,2047.4
,28.9,196.3,6.793,0.094028,0.048144,40.284,3036.3
,19.2,99.9,5.199,0.042440,0.030080,29.007,3597.9
4.710,24,117.2,4.872,0.10248,0.061460,27.909,2528.0
,29.3,110.1,3.755,0.055608,0.035982,43.570,4204.4
,25.6,88,3.44,0.070094,0.042264,32.541,3026.8
,17.1,84.7,4.947,0.046148,0.034072,19.952,2493.3
,12.4,37.6,3.039,0.030054,0.022398,15.386,2475.6
,22.8,63.2,2.768,0.048772,0.041028,28.946,3090.4
,14.8,58.8,3.971,0.024874,0.021266,17.973,NaN
4.550,14.2,50.5,3.553,0.049258,0.038496,15.821,2122.7
,18.6,75.5,4.061,0.048914,0.033890,26.428,3685.2
,15.3,41.8,2.724,0.065870,0.042790,23.191,2534.0
,23.2,78.8,3.4,0.063306,0.039620,27.064,2771.5
,23.1,76.6,3.322,0.032510,0.024802,13.938,2016.8
,20.7,75.6,3.658,0.054228,0.035080,25.999,3272.0
,18.9,102.8,5.427,0.043924,0.030208,14.786,2020.0
5.000,13.8,42.8,3.108,0.048618,0.035046,18.142,2318.5
,17.9,55.5,3.107,0.068816,0.047498,26.662,3077.2
,32.9,362.8,11.024,0.055056,0.047858,33.540,3267.5
,15.6,51.8,3.314,0.049066,0.037422,16.742,2556.5
,16.9,46.9,2.77,0.043540,0.030316,19.775,3320.7
,24.4,86.1,3.531,0.065366,0.046380,21.633,2542.3
,18.4,55.4,3.007,0.038832,0.029350,14.441,2370.9
4.400,40.1,245.9,6.128,0.064256,0.042562,23.188,2171.4
,19.6,59.9,3.059,0.048302,0.030476,18.111,2605.2
,23.8,94,3.944,0.039014,0.026784,16.896,2438.1
,20.2,100.3,4.968,0.064634,0.041368,47.862,4472.0
,23.4,56.4,2.407,0.061168,0.049220,13.671,1763.7
,16.4,71.3,4.344,0.052530,0.032196,16.600,1987.7
,27.8,93.7,3.375,0.047914,0.028556,16.591,2245.3
4.350,25.1,80.5,3.209,0.040846,0.027728,23.492,3302.3
,26,142.3,5.467,0.051990,0.037952,12.324,1467.7
,30.8,109.1,3.538,0.046528,0.035212,31.911,3072.1
,36.1,74.8,2.074,0.058138,0.036166,22.734,2500.9
,19.8,67.9,3.433,0.059530,0.033070,26.673,2928.5
,23.2,73.4,3.16,0.049276,0.033298,17.369,2156.8
,20,68.3,3.415,0.050526,0.035542,22.655,2674.6
4.635,22.8,57.9,2.537,0.047676,0.033416,22.334,2271.2
,20.7,78.9,3.81,0.072420,0.044066,20.168,2239.5
,24.3,124.1,5.108,0.16697,0.048348,44.505,2785.9
,15.9,47.2,2.97,0.091168,0.045876,26.152,1967.2
,20.9,59.2,2.835,0.039990,0.032984,16.346,2337.9
,22,65.3,2.971,0.056224,0.041172,20.488,2492.9
,16.7,31.9,1.913,0.050250,0.037198,25.090,3165.5
4.625,16.5,41,2.494,0.043656,0.034496,24.608,2449.1
,45.5,83.9,1.846,0.12978,0.064260,39.759,2530.3
,20.2,52,2.575,0.059448,0.037934,25.287,2873.3
,24.7,64.7,2.624,0.051894,0.040044,26.300,2455.6
,28.7,124.3,4.327,0.095718,0.055028,42.082,2826.6
,21.3,47.4,2.219,0.064078,0.043036,17.746,1669.0
,18.3,45.9,2.502,0.037364,0.034692,24.702,2742.8
4.480,17.3,37.2,2.145,0.0075620,0.015396,15.723,NaN
,22.1,92.8,4.197,0.057372,0.033472,23.228,2407.8
,28.7,443.1,15.426,0.19223,0.10638,57.545,2672.1
,22.3,61.5,2.757,0.050260,0.034204,25.323,3362.2
,16.2,70.5,4.359,0.067710,0.050166,34.168,2685.7
,24.1,114.7,4.76,0.066620,0.035990,24.698,2590.1
,20.5,61.5,2.997,0.035666,0.027964,18.027,2234.4
4.510,29.8,133.9,4.486,0.052860,0.042430,25.172,2273.6
,22.2,139,6.256,0.060868,0.049836,24.834,2068.5
,20.4,55,2.69,0.066838,0.041484,21.293,1958.2
,17.2,66.5,3.871,0.070858,0.049890,32.676,2170.3
,24.3,74.2,3.06,0.071694,0.055896,29.589,2240.8
,19.2,61.2,3.185,0.053268,0.030192,18.593,2469.4
,22.2,75.1,3.385,0.037642,0.029584,13.240,1866.7
4.620,18.1,63.2,3.484,0.054662,0.036638,22.414,1982.0
,15.5,70.2,4.519,0.035898,0.026406,22.569,2720.4
,24.2,79.6,3.293,0.066550,0.036472,21.998,1963.6
,20.8,89.2,4.294,0.049098,0.032306,27.677,3090.6
,15.4,59.1,3.835,0.068856,0.042580,27.634,2648.5
,15.4,59.1,3.835,0.13845,0.064288,40.736,1944.7
,38.1,129.5,3.404,0.060200,0.037504,17.435,1886.1
4.250,16.7,37.4,2.247,0.074826,0.041366,34.775,3103.1
,26.5,121.8,4.601,0.068854,0.043200,29.012,2770.1
,25.8,80.5,3.121,0.062520,0.038416,36.704,4030.4
,21.5,59.7,2.773,0.10775,0.051102,29.218,2234.4
,25.4,121.2,4.775,0.061016,0.035550,45.073,4884.1
,22.8,90.4,3.962,0.055244,0.033408,21.902,2579.8
,30.8,94.4,3.062,0.072200,0.044430,42.232,3377.5
5.260,25.5,121.4,4.761,0.048448,0.031436,20.471,2298.2
,20.1,63.4,3.158,0.034604,0.026114,25.333,2964.9
,23.7,86.3,3.636,0.037138,0.027670,17.160,2094.4
,20.1,63.4,3.147,0.034424,0.030940,20.764,2585.4
,25.3,70.7,2.801,0.076400,0.046028,21.155,2024.0
,22.5,83.5,3.706,0.062542,0.037770,23.373,2040.8
,25.2,54.2,2.153,0.075590,0.055754,21.481,1744.1
4.425,22.5,61.2,2.718,0.030880,0.027024,11.685,1757.7
,24.8,86.3,3.474,0.046506,0.035372,15.698,1889.6
,28.7,103.6,3.608,0.16671,0.055564,49.113,2856.5
,29,146.5,5.045,0.060360,0.042572,28.902,2715.1
,23.4,65.4,2.789,0.063610,0.042798,29.218,2994.4
,23.3,77.6,3.334,0.027352,0.022170,20.325,2943.0
,22.4,74.8,3.338,0.063246,0.042722,28.641,2754.8
4.420,16.3,71.8,4.41,0.040116,0.030332,18.676,2472.7
,25.1,95.9,3.819,0.037048,0.030908,17.042,2158.6
,29.8,66.4,2.229,0.063354,0.035336,16.998,1904.4
,19.7,68.5,3.484,0.054812,0.033306,26.471,2649.8
,20.8,54.3,2.612,0.085990,0.047542,31.482,2598.1
,20.3,60.4,2.973,0.030120,0.027162,27.331,3377.1
,21.5,72.6,3.375,0.11230,0.053480,37.682,2813.5
4.450,18.5,65.1,3.512,0.069644,0.037496,30.831,2824.8
,21.6,91.2,4.216,0.066356,0.042188,35.804,2829.6
,27.7,68.5,2.474,0.050814,0.034088,23.172,2853.5
,16.8,39.2,2.33,0.057458,0.039786,38.922,3609.5
,26.1,120.1,4.611,0.036572,0.032102,23.732,3016.9
,30.8,61.4,1.992,0.045154,0.037496,22.364,2540.4
,28.5,56.6,1.985,0.081550,0.047036,30.773,2970.0
4.415,21.3,81.5,3.827,0.067706,0.033834,29.320,2943.8
,16.4,50.4,3.073,0.058148,0.039712,36.969,3981.4
,21.7,74.2,3.414,0.059118,0.041098,26.305,2625.9
,19.9,48.6,2.437,0.054210,0.037542,26.100,2904.2
,25.5,95.2,3.733,0.059094,0.043918,25.787,2770.4
,25.5,67.6,2.649,0.069632,0.048632,36.111,2957.9
,19.8,64,3.239,0.050450,0.031348,15.882,2111.0
6.870,20.1,75.7,3.77,0.045372,0.036400,21.344,2375.7
,23.3,122,5.231,0.099558,0.066330,20.601,1904.3
,14.2,37.9,2.67,0.031208,0.027084,11.649,2416.2
,22.2,81.1,3.647,0.10174,0.054960,29.724,2789.1
,25.2,116.4,4.626,0.042370,0.031206,25.303,3663.6
,25.9,111.6,4.312,0.089486,0.058366,24.934,2206.5
,29.8,168.1,5.635,0.056276,0.042152,33.851,4135.7
6.775,26.2,86.7,3.31,0.078276,0.047350,34.324,2955.6
,27.5,247.8,9.026,0.054526,0.036890,22.173,2898.1
,16.3,70.2,4.293,0.030862,0.026406,13.828,2197.7
,20.9,47,2.246,0.026932,0.023674,16.050,NaN
,20.5,65.4,3.185,0.088310,0.040360,34.204,2582.1
,27.5,108.9,3.956,0.038864,0.029766,21.104,3047.9
,20.1,58,2.89,0.056040,0.040912,19.770,2493.0
4.455,25.5,77.7,3.05,0.050438,0.035888,26.309,3140.5
,23.5,110.4,4.706,0.066934,0.046924,25.693,2545.9
,13.7,34.2,2.5,0.063792,0.035676,28.779,3043.1
,23.4,77.2,3.296,0.051526,0.027906,14.001,1861.6
,14.2,46.1,3.243,0.069736,0.044870,20.717,2329.6
,23.1,52.7,2.284,0.036526,0.031820,12.616,1700.3
,24.6,129.9,5.27,0.045754,0.031774,20.871,2876.7
4.425,20.6,70.6,3.423,0.055102,0.034314,18.342,2355.0
,14.4,45.3,3.15,0.041084,0.028042,22.218,2731.3
,28.1,85.6,3.043,0.062784,0.043650,24.363,2795.9
,19.7,61.4,3.119,0.052694,0.034866,33.744,3199.3
,33.4,135.7,4.057,0.048656,0.036252,19.003,2213.7
,23.1,80.5,3.482,0.054784,0.036816,22.330,2115.9
,20.6,76.5,3.719,0.058552,0.044860,21.135,1757.0
4.565,24.6,81,3.296,0.097104,0.057608,17.911,1394.7
,30.7,57.2,1.866,0.033756,0.029608,13.878,1631.9
,18.5,67.3,3.63,0.047680,0.040476,21.597,2219.4
,25.3,94.2,3.72,0.047240,0.032764,18.803,1944.4
,20.8,62.9,3.018,0.057962,0.040156,27.930,2364.8
,22.7,78.5,3.456,0.046762,0.035038,32.329,2686.5
,28.1,103.8,3.691,0.064506,0.042406,24.410,1932.5
4.480,27.1,80,2.957,0.081288,0.050346,21.911,1613.8
,18.1,89.9,4.965,0.051904,0.035504,27.196,2266.2
,29.5,89.1,3.017,0.063844,0.042516,16.264,1380.6
,30.4,143.3,4.71,0.095316,0.045444,27.168,1577.1
,28.2,104.8,3.713,0.073788,0.051764,28.040,1891.9
,26.7,77.6,2.91,0.045474,0.041876,15.315,1548.6
,23.9,74.3,3.105,0.048500,0.036706,27.024,2876.3
4.410,34.3,127.3,3.715,0.071378,0.050952,21.123,1951.5
,19.2,81.6,4.249,0.079140,0.037378,26.315,2259.8
,14.7,50.4,3.424,0.078696,0.041964,27.733,1810.1
,19.8,55,2.777,0.043860,0.034282,17.832,2026.3
,21.3,53.3,2.505,0.053706,0.033300,21.924,2242.1
,16.7,43.4,2.6,0.033862,0.028326,17.730,2807.5
,15.3,43.7,2.853,0.049402,0.037266,23.957,3223.6
9.260,15.1,34.6,2.292,0.13038,0.063814,40.303,2002.5
,28.2,65,2.307,0.066480,0.050654,32.259,3070.9
,23.9,45.9,1.916,0.059688,0.042294,23.281,2341.7
,26.1,59.6,2.284,0.12018,0.056012,42.891,2603.2
,23.9,54.6,2.283,0.066666,0.040596,24.866,2101.0
,22.2,57.3,2.577,0.067564,0.055470,19.795,1995.8
,25.6,73.6,2.871,0.032226,0.030906,21.487,2774.5
5.075,25.5,54.4,2.136,0.0096940,0.019408,14.764,1598.7
,15.3,45.6,2.985,0.056694,0.035118,24.720,2419.8
,20.4,102.3,5.015,0.048590,0.038828,25.527,3053.5
,15.4,64.1,4.154,0.045994,0.032692,21.349,3339.2
,14.3,36.1,2.526,0.063294,0.043200,27.985,3363.3
,11.3,34.5,3.055,0.087540,0.053306,25.890,1922.8
,23.4,70.9,3.025,0.035894,0.028718,16.693,2474.7
4.575,19.3,59.2,3.061,0.038178,0.030836,14.527,1885.7
,20.4,52.8,2.588,0.055410,0.045836,22.196,2303.9
,27,107,3.965,0.051798,0.038982,17.899,2195.1
,17.6,64.2,3.653,0.043318,0.034662,24.206,3242.1
,23.1,78.6,3.405,0.065946,0.042628,27.908,2819.7
,24.9,76,3.054,0.068104,0.050790,30.649,3332.7
,25.9,76.2,2.936,0.055584,0.039076,29.913,3608.0
5.025,21.5,74.2,3.459,0.077702,0.045688,45.348,3097.6
,30.8,120.6,3.912,0.045906,0.032766,20.966,2747.6
,16.2,50.9,3.139,0.0093320,0.013490,12.349,NaN
,23.2,53.5,2.312,0.062754,0.045520,23.863,2688.3
,23.3,45.4,1.949,0.064626,0.041792,19.101,2093.0
,20.2,78,3.86,0.053716,0.039030,20.945,2229.1
,24.3,90.5,3.73,0.092030,0.053456,27.065,1932.2
5.385,30.6,121.1,3.955,0.042630,0.033322,27.858,3538.7
,20.1,63.7,3.172,0.041612,0.030938,14.723,2414.3
,11.5,36.4,3.173,0.059058,0.041688,30.710,3421.6
,21.7,68.7,3.172,0.069460,0.045830,24.381,2289.8
,22.8,61,2.672,0.042806,0.034374,14.465,1961.2
,18.9,50.8,2.684,0.054644,0.038964,19.215,1968.9
,22.5,44.5,1.977,0.084176,0.050568,21.408,1914.8
4.950,20,50.8,2.536,0.060168,0.037306,20.018,2468.4
,18.8,47.6,2.525,0.11731,0.063184,33.698,2635.5
,27.5,161.1,5.866,0.061914,0.035576,21.878,2560.1
,12.8,44.5,3.473,0.047606,0.031646,17.920,2552.9
,17.9,47,2.631,0.040926,0.028184,16.287,2706.5
,20.7,55.6,2.693,0.033852,0.026742,12.450,1972.3
,18.4,52.1,2.835,0.042232,0.027664,17.778,2034.8
7.385,16.6,52.9,3.18,0.043360,0.031364,27.524,4011.9
4.820,20,71.7,3.59,0.098236,0.050836,24.358,1920.5
,19.9,103.8,5.223,0.046462,0.030378,18.701,1761.1
,31.5,102.9,3.267,0.065008,0.043514,23.757,2434.6
,19.5,83.4,4.269,0.043116,0.032412,17.603,2122.1
,22.2,57.8,2.606,0.057748,0.039100,17.823,2009.6
,27.2,71.9,2.639,0.043932,0.032772,17.509,2249.1
,26.5,58.9,2.225,0.054908,0.033434,17.955,2168.4
,23.8,55.1,2.315,0.075328,0.039966,21.896,2026.7
,20.9,60.7,2.906,0.050232,0.034006,23.781,2984.7
4.810,25,63.9,2.557,0.048744,0.035070,19.252,2368.2
,27.2,82.3,3.023,0.026426,0.023628,12.496,2173.0
,19.4,46.8,2.413,0.073330,0.045028,25.020,2361.9
,35.6,136.4,3.835,0.18926,0.063474,51.411,3163.8
,52.7,133.5,2.533,0.071668,0.048308,32.020,3390.2
,28.9,73.9,2.56,0.090198,0.063236,36.180,3049.1
,34.1,114.7,3.37,0.057690,0.035780,20.008,2318.8
8.215,22.9,58.4,2.552,0.068386,0.044050,14.731,1466.6
,31,68.6,2.216,0.095560,0.046214,37.978,2472.4
,30.5,123,4.032,0.047452,0.029538,20.296,2184.7
,21,69.5,3.311,0.066594,0.035060,31.015,2736.4
,26.4,92.8,3.508,0.056964,0.042114,26.167,2351.0
,29,82.4,2.845,0.051626,0.038164,37.282,3223.7
,28.7,120.8,4.206,0.10803,0.051710,51.377,3492.2
4.920,88.1,267.2,3.032,0.041546,0.031270,25.127,3202.8
,25.6,67.8,2.649,0.023898,0.023816,12.905,2034.5
,20.9,60.5,2.899,0.072960,0.046552,17.901,1514.4
,24.8,72.7,2.928,0.069420,0.043728,24.384,2453.5
,36.2,85.6,2.362,0.055270,0.046892,15.832,1424.5
,27.3,77.1,2.824,0.15416,0.067198,37.122,1859.2
,40,138.2,3.454,0.060452,0.040942,23.572,2124.3
4.835,45.1,119.1,2.64,0.054256,0.036330,21.724,1678.6
,31,84.8,2.731,0.059426,0.040548,23.770,1995.2
,33.9,111.9,3.305,0.065052,0.039690,25.136,2580.5
,31.3,114.8,3.667,0.037062,0.031012,14.823,2222.1
,28.1,61.2,2.176,0.046548,0.030868,26.116,2794.0
,22.6,62.8,2.783,0.063130,0.046672,13.553,1290.5
,32.3,124.2,3.846,0.047866,0.032008,21.510,2350.2
4.320,21.6,71.9,3.334,0.067426,0.033748,36.632,3744.5
4.665,28.5,107.9,3.785,0.037744,0.029554,10.825,1497.2
,24.9,80.6,3.238,0.047392,0.035132,16.862,2134.6
,19,83.3,4.392,0.17185,0.065892,49.781,2601.0
,22,170.2,7.743,0.064584,0.055006,29.374,3083.0
,14.7,46.5,3.16,0.13609,0.060996,37.163,2242.8
,27,83.1,3.072,0.067116,0.045726,25.100,2233.2
,25.4,100.3,3.945,,,,
,,,,,,,
,,,,,,,
4.260,,,,,,,
,,,,,,,
,,,,,,,
,,,,,,,
,,,,,,,
,,,,,,,
,,,,,,,
4.600,,,,,,,
,,,,,,,
,,,,,,,
,,,,,,,
,,,,,,,
,,,,,,,
,,,,,,,
4.865,,,,,,,
,,,,,,,
,,,,,,,
,,,,,,,
,,,,,,,
,,,,,,,
,,,,,,,
4.690,,,,,,,
,,,,,,,
,,,,,,,
,,,,,,,
,,,,,,,
,,,,,,,
,,,,,,,
4.490,,,,,,,
,,,,,,,
,,,,,,,
,,,,,,,
,,,,,,,
,,,,,,,
,,,,,,,
9.370,,,,,,,
,,,,,,,
,,,,,,,
,,,,,,,
,,,,,,,
,,,,,,,
,,,,,,,
9.335,,,,,,,
9.245,,,,,,,
,,,,,,,
,,,,,,,
,,,,,,,
,,,,,,,
,,,,,,,
,,,,,,,
,,,,,,,
,,,,,,,
5.340,,,,,,,
,,,,,,,
,,,,,,,
,,,,,,,
,,,,,,,
,,,,,,,
,,,,,,,
4.450,,,,,,,
,,,,,,,
,,,,,,,
,,,,,,,
,,,,,,,
,,,,,,,
,,,,,,,
4.580,,,,,,,
,,,,,,,
,,,,,,,
,,,,,,,
,,,,,,,
,,,,,,,
,,,,,,,
4.580,,,,,,,
,,,,,,,
,,,,,,,
,,,,,,,
,,,,,,,
,,,,,,,
,,,,,,,
4.590,,,,,,,
,,,,,,,
,,,,,,,
,,,,,,,
,,,,,,,
,,,,,,,
,,,,,,,
4.735,,,,,,,
,,,,,,,
,,,,,,,
,,,,,,,
,,,,,,,
,,,,,,,
,,,,,,,
4.235,,,,,,,
,,,,,,,
,,,,,,,
,,,,,,,
,,,,,,,
,,,,,,,
,,,,,,,
4.200,,,,,,,
,,,,,,,
,,,,,,,
,,,,,,,
,,,,,,,
,,,,,,,
,,,,,,,
4.360,,,,,,,
,,,,,,,
,,,,,,,
,,,,,,,
,,,,,,,
,,,,,,,
,,,,,,,
5.587,,,,,,,
,,,,,,,
,,,,,,,
,,,,,,,
,,,,,,,
,,,,,,,
,,,,,,,
4.575,,,,,,,
,,,,,,,
,,,,,,,
,,,,,,,
,,,,,,,
,,,,,,,
,,,,,,,
4.980,,,,,,,
,,,,,,,
,,,,,,,
,,,,,,,
,,,,,,,
,,,,,,,
,,,,,,,
4.535,,,,,,,
,,,,,,,
,,,,,,,
,,,,,,,
,,,,,,,
,,,,,,,
,,,,,,,
4.440,,,,,,,
,,,,,,,
,,,,,,,
,,,,,,,
,,,,,,,
,,,,,,,
,,,,,,,
4.475,,,,,,,
,,,,,,,
,,,,,,,
,,,,,,,
,,,,,,,
,,,,,,,
,,,,,,,
4.915,,,,,,,
,,,,,,,
,,,,,,,
,,,,,,,
,,,,,,,
,,,,,,,
,,,,,,,
4.440,,,,,,,
,,,,,,,
,,,,,,,
,,,,,,,
,,,,,,,
,,,,,,,
,,,,,,,
4.740,,,,,,,
,,,,,,,
,,,,,,,
,,,,,,,
,,,,,,,
,,,,,,,
,,,,,,,
4.820,,,,,,,
,,,,,,,
,,,,,,,
,,,,,,,
,,,,,,,
,,,,,,,
,,,,,,,
4.525,,,,,,,
,,,,,,,
,,,,,,,
,,,,,,,
,,,,,,,
,,,,,,,
,,,,,,,
4.490,,,,,,,
,,,,,,,
,,,,,,,
,,,,,,,
,,,,,,,
,,,,,,,
,,,,,,,
4.695,,,,,,,
,,,,,,,
,,,,,,,
,,,,,,,
,,,,,,,
,,,,,,,
,,,,,,,
4.700,,,,,,,
,,,,,,,
,,,,,,,
,,,,,,,
,,,,,,,
,,,,,,,
,,,,,,,
6.330,,,,,,,
,,,,,,,
,,,,,,,
,,,,,,,
,,,,,,,
,,,,,,,
,,,,,,,
5.980,,,,,,,
,,,,,,,
,,,,,,,
,,,,,,,
,,,,,,,
,,,,,,,
,,,,,,,
4.630,,,,,,,
,,,,,,,
,,,,,,,
,,,,,,,
,,,,,,,
,,,,,,,
,,,,,,,
5.805,,,,,,,
5.115,,,,,,,
,,,,,,,
,,,,,,,
,,,,,,,
,,,,,,,
,,,,,,,
,,,,,,,
,,,,,,,
,,,,,,,
6.610,,,,,,,
5.005,,,,,,,
,,,,,,,
,,,,,,,
,,,,,,,
,,,,,,,
,,,,,,,
,,,,,,,
,,,,,,,
,,,,,,,
4.955,,,,,,,
,,,,,,,
,,,,,,,
,,,,,,,
,,,,,,,
,,,,,,,
,,,,,,,
5.405,,,,,,,
4.900,,,,,,,
,,,,,,,
,,,,,,,
,,,,,,,
,,,,,,,
,,,,,,,
,,,,,,,
,,,,,,,
,,,,,,,
4.550,,,,,,,
,,,,,,,
,,,,,,,
,,,,,,,
,,,,,,,
,,,,,,,
,,,,,,,
4.790,,,,,,,
,,,,,,,
,,,,,,,
,,,,,,,
,,,,,,,
,,,,,,,
,,,,,,,
4.435,,,,,,,
,,,,,,,
,,,,,,,
,,,,,,,
,,,,,,,
,,,,,,,
,,,,,,,
4.520,,,,,,,
,,,,,,,
,,,,,,,
,,,,,,,
,,,,,,,
,,,,,,,
,,,,,,,
5.055,,,,,,,
5.085,,,,,,,
,,,,,,,
,,,,,,,
,,,,,,,
,,,,,,,
,,,,,,,
,,,,,,,
,,,,,,,
,,,,,,,
5.185,,,,,,,
,,,,,,,
,,,,,,,
,,,,,,,
,,,,,,,
,,,,,,,
,,,,,,,
4.870,,,,,,,
,,,,,,,
,,,,,,,
,,,,,,,
,,,,,,,
,,,,,,,
,,,,,,,
4.795,,,,,,,
,,,,,,,
,,,,,,,
,,,,,,,
,,,,,,,
,,,,,,,
,,,,,,,
4.280,,,,,,,
,,,,,,,
,,,,,,,
,,,,,,,
,,,,,,,
,,,,,,,
,,,,,,,
4.870,,,,,,,
,,,,,,,
,,,,,,,
,,,,,,,
,,,,,,,
,,,,,,,
,,,,,,,
4.505,,,,,,,
4.665,,,,,,,
,,,,,,,
,,,,,,,
,,,,,,,
,,,,,,,
,,,,,,,
,,,,,,,
,,,,,,,
,,,,,,,
4.480,,,,,,,
,,,,,,,
,,,,,,,
,,,,,,,
,,,,,,,
,,,,,,,
,,,,,,,
4.220,,,,,,,
,,,,,,,
,,,,,,,
,,,,,,,
,,,,,,,
,,,,,,,
,,,,,,,
4.620,,,,,,,
,,,,,,,
,,,,,,,
,,,,,,,
,,,,,,,
,,,,,,,
,,,,,,,
4.590,,,,,,,
,,,,,,,
,,,,,,,
,,,,,,,
,,,,,,,
,,,,,,,
,,,,,,,
4.620,,,,,,,
,,,,,,,
,,,,,,,
,,,,,,,
,,,,,,,
,,,,,,,
,,,,,,,
4.650,,,,,,,
,,,,,,,
,,,,,,,
,,,,,,,
,,,,,,,
,,,,,,,
,,,,,,,
4.730,,,,,,,
,,,,,,,
,,,,,,,
,,,,,,,
,,,,,,,
,,,,,,,
,,,,,,,
4.680,,,,,,,
,,,,,,,
,,,,,,,
,,,,,,,
,,,,,,,
,,,,,,,
,,,,,,,
4.740,,,,,,,
,,,,,,,
,,,,,,,
,,,,,,,
,,,,,,,
,,,,,,,
,,,,,,,
5.030,,,,,,,
,,,,,,,
,,,,,,,
,,,,,,,
,,,,,,,
,,,,,,,
,,,,,,,
5.160,,,,,,,
,,,,,,,
,,,,,,,
,,,,,,,
,,,,,,,
,,,,,,,
,,,,,,,
4.940,,,,,,,
,,,,,,,
,,,,,,,
,,,,,,,
,,,,,,,
,,,,,,,
,,,,,,,
4.360,,,,,,,
,,,,,,,
,,,,,,,
,,,,,,,
,,,,,,,
,,,,,,,
,,,,,,,
4.890,,,,,,,
4.545,,,,,,,
,,,,,,,
,,,,,,,
,,,,,,,
,,,,,,,
,,,,,,,
,,,,,,,
,,,,,,,
,,,,,,,
4.265,,,,,,,
,,,,,,,
,,,,,,,
,,,,,,,
,,,,,,,
,,,,,,,
,,,,,,,
4.975,,,,,,,
,,,,,,,
,,,,,,,
,,,,,,,
,,,,,,,
,,,,,,,
,,,,,,,
4.390,,,,,,,
,,,,,,,
,,,,,,,
,,,,,,,
,,,,,,,
,,,,,,,
,,,,,,,
4.285,,,,,,,
,,,,,,,
,,,,,,,
,,,,,,,
,,,,,,,
,,,,,,,
,,,,,,,
4.760,,,,,,,
,,,,,,,
,,,,,,,
,,,,,,,
,,,,,,,
,,,,,,,
,,,,,,,
4.795,,,,,,,
,,,,,,,
,,,,,,,
,,,,,,,
,,,,,,,
,,,,,,,
,,,,,,,
4.735,,,,,,,
,,,,,,,
,,,,,,,
,,,,,,,
,,,,,,,
,,,,,,,
,,,,,,,
4.785,,,,,,,
,,,,,,,
,,,,,,,
,,,,,,,
,,,,,,,
,,,,,,,
,,,,,,,
4.590,,,,,,,
,,,,,,,
,,,,,,,
,,,,,,,
,,,,,,,
,,,,,,,
,,,,,,,
4.845,,,,,,,
,,,,,,,
,,,,,,,
,,,,,,,
,,,,,,,
,,,,,,,
,,,,,,,
4.610,,,,,,,
,,,,,,,
,,,,,,,
,,,,,,,
,,,,,,,
,,,,,,,
,,,,,,,
4.735,,,,,,,
,,,,,,,
,,,,,,,
,,,,,,,
,,,,,,,
,,,,,,,
,,,,,,,
4.380,,,,,,,
,,,,,,,
,,,,,,,
,,,,,,,
,,,,,,,
,,,,,,,
,,,,,,,
4.305,,,,,,,
,,,,,,,
,,,,,,,
,,,,,,,
,,,,,,,
,,,,,,,
,,,,,,,
4.690,,,,,,,
,,,,,,,
,,,,,,,
,,,,,,,
,,,,,,,
,,,,,,,
,,,,,,,
4.780,,,,,,,
,,,,,,,
,,,,,,,
,,,,,,,
,,,,,,,
,,,,,,,
,,,,,,,
4.445,,,,,,,
4.445,,,,,,,
,,,,,,,
,,,,,,,
,,,,,,,
,,,,,,,
,,,,,,,
,,,,,,,
,,,,,,,
,,,,,,,
4.695,,,,,,,
4.285,,,,,,,
,,,,,,,
,,,,,,,
,,,,,,,
,,,,,,,
,,,,,,,
,,,,,,,
,,,,,,,
,,,,,,,
4.415,,,,,,,
,,,,,,,
,,,,,,,
,,,,,,,
,,,,,,,
,,,,,,,
,,,,,,,
4.360,,,,,,,
,,,,,,,
,,,,,,,
,,,,,,,
,,,,,,,
,,,,,,,
,,,,,,,
4.520,,,,,,,
,,,,,,,
,,,,,,,
,,,,,,,
,,,,,,,
,,,,,,,
,,,,,,,
4.520,,,,,,,
,,,,,,,
,,,,,,,
,,,,,,,
,,,,,,,
,,,,,,,
,,,,,,,
4.395,,,,,,,
,,,,,,,
,,,,,,,
,,,,,,,
,,,,,,,
,,,,,,,
,,,,,,,
4.810,,,,,,,
,,,,,,,
,,,,,,,
,,,,,,,
,,,,,,,
,,,,,,,
,,,,,,,
5.600,,,,,,,
,,,,,,,
,,,,,,,
,,,,,,,
,,,,,,,
,,,,,,,
,,,,,,,
4.935,,,,,,,
,,,,,,,
,,,,,,,
,,,,,,,
,,,,,,,
,,,,,,,
,,,,,,,
4.670,,,,,,,
,,,,,,,
,,,,,,,
,,,,,,,
,,,,,,,
,,,,,,,
,,,,,,,
4.500,,,,,,,
,,,,,,,
,,,,,,,
,,,,,,,
,,,,,,,
,,,,,,,
,,,,,,,
4.660,,,,,,,
,,,,,,,
,,,,,,,
,,,,,,,
,,,,,,,
,,,,,,,
,,,,,,,
4.725,,,,,,,
,,,,,,,
,,,,,,,
,,,,,,,
,,,,,,,
,,,,,,,
,,,,,,,
4.460,,,,,,,
,,,,,,,
,,,,,,,
,,,,,,,
,,,,,,,
,,,,,,,
,,,,,,,
4.385,,,,,,,
,,,,,,,
,,,,,,,
,,,,,,,
,,,,,,,
,,,,,,,
,,,,,,,
6.430,,,,,,,
,,,,,,,
,,,,,,,
,,,,,,,
,,,,,,,
,,,,,,,
,,,,,,,
6.495,,,,,,,
,,,,,,,
,,,,,,,
,,,,,,,
,,,,,,,
,,,,,,,
,,,,,,,
4.790,,,,,,,
,,,,,,,
,,,,,,,
,,,,,,,
,,,,,,,
,,,,,,,
,,,,,,,
4.375,,,,,,,
,,,,,,,
,,,,,,,
,,,,,,,
,,,,,,,
,,,,,,,
,,,,,,,
4.455,,,,,,,
,,,,,,,
,,,,,,,
,,,,,,,
,,,,,,,
,,,,,,,
,,,,,,,
4.410,,,,,,,
,,,,,,,
,,,,,,,
,,,,,,,
,,,,,,,
,,,,,,,
,,,,,,,
4.260,,,,,,,
,,,,,,,
,,,,,,,
,,,,,,,
,,,,,,,
,,,,,,,
,,,,,,,
4.515,,,,,,,
,,,,,,,
,,,,,,,
,,,,,,,
,,,,,,,
,,,,,,,
,,,,,,,
4.375,,,,,,,
,,,,,,,
,,,,,,,
,,,,,,,
,,,,,,,
,,,,,,,
,,,,,,,
4.495,,,,,,,
,,,,,,,
,,,,,,,
,,,,,,,
,,,,,,,
,,,,,,,
,,,,,,,
4.405,,,,,,,
,,,,,,,
,,,,,,,
,,,,,,,
,,,,,,,
,,,,,,,
,,,,,,,
4.325,,,,,,,
,,,,,,,
,,,,,,,
,,,,,,,
,,,,,,,
,,,,,,,
,,,,,,,
4.305,,,,,,,
,,,,,,,
,,,,,,,
,,,,,,,
,,,,,,,
,,,,,,,
,,,,,,,
4.460,,,,,,,
,,,,,,,
,,,,,,,
,,,,,,,
,,,,,,,
,,,,,,,
,,,,,,,
4.705,,,,,,,
,,,,,,,
,,,,,,,
,,,,,,,
,,,,,,,
,,,,,,,
,,,,,,,
4.875,,,,,,,
,,,,,,,
,,,,,,,
,,,,,,,
,,,,,,,
,,,,,,,
,,,,,,,
4.920,,,,,,,
,,,,,,,
,,,,,,,
,,,,,,,
,,,,,,,
,,,,,,,
,,,,,,,
4.710,,,,,,,
,,,,,,,
,,,,,,,
,,,,,,,
,,,,,,,
,,,,,,,
,,,,,,,
5.035,,,,,,,
,,,,,,,
,,,,,,,
,,,,,,,
,,,,,,,
,,,,,,,
,,,,,,,
4.640,,,,,,,
,,,,,,,
,,,,,,,
,,,,,,,
,,,,,,,
,,,,,,,
,,,,,,,
6.290,,,,,,,
,,,,,,,
,,,,,,,
,,,,,,,
,,,,,,,
,,,,,,,
,,,,,,,
4.335,,,,,,,
,,,,,,,
,,,,,,,
,,,,,,,
,,,,,,,
,,,,,,,
,,,,,,,
4.740,,,,,,,
,,,,,,,
,,,,,,,
,,,,,,,
,,,,,,,
,,,,,,,
,,,,,,,
4.410,,,,,,,
4.780,,,,,,,
,,,,,,,
,,,,,,,
,,,,,,,
,,,,,,,
,,,,,,,
,,,,,,,
,,,,,,,
,,,,,,,
5.805,,,,,,,
,,,,,,,
,,,,,,,
,,,,,,,
,,,,,,,
,,,,,,,
,,,,,,,
4.555,,,,,,,
4.585,,,,,,,
,,,,,,,
,,,,,,,
,,,,,,,
,,,,,,,
,,,,,,,
,,,,,,,
,,,,,,,
,,,,,,,
4.645,,,,,,,
4.660,,,,,,,
4.645,,,,,,,
,,,,,,,
,,,,,,,
,,,,,,,
,,,,,,,
,,,,,,,
,,,,,,,
,,,,,,,
,,,,,,,
,,,,,,,
,,,,,,,
5.055,,,,,,,
4.680,,,,,,,
,,,,,,,
,,,,,,,
,,,,,,,
,,,,,,,
,,,,,,,
,,,,,,,
,,,,,,,
,,,,,,,
4.885,,,,,,,
,,,,,,,
,,,,,,,
,,,,,,,
,,,,,,,
,,,,,,,
,,,,,,,
6.080,,,,,,,
,,,,,,,
,,,,,,,
,,,,,,,
,,,,,,,
,,,,,,,
,,,,,,,
4.830,,,,,,,
,,,,,,,
,,,,,,,
,,,,,,,
,,,,,,,
,,,,,,,
,,,,,,,
4.720,,,,,,,
,,,,,,,
,,,,,,,
,,,,,,,
,,,,,,,
,,,,,,,
,,,,,,,
4.820,,,,,,,
,,,,,,,
,,,,,,,
,,,,,,,
,,,,,,,
,,,,,,,
,,,,,,,
5.330,,,,,,,
,,,,,,,
,,,,,,,
,,,,,,,
,,,,,,,
,,,,,,,
,,,,,,,
4.650,,,,,,,
,,,,,,,
,,,,,,,
,,,,,,,
,,,,,,,
,,,,,,,
,,,,,,,
4.930,,,,,,,
,,,,,,,
,,,,,,,
,,,,,,,
,,,,,,,
,,,,,,,
,,,,,,,
4.500,,,,,,,
,,,,,,,
,,,,,,,
,,,,,,,
,,,,,,,
,,,,,,,
,,,,,,,
4.630,,,,,,,
,,,,,,,
,,,,,,,
,,,,,,,
,,,,,,,
,,,,,,,
,,,,,,,
4.685,,,,,,,
,,,,,,,
,,,,,,,
,,,,,,,
,,,,,,,
,,,,,,,
,,,,,,,
4.635,,,,,,,
,,,,,,,
,,,,,,,
,,,,,,,
,,,,,,,
,,,,,,,
,,,,,,,
4.660,,,,,,,
,,,,,,,
,,,,,,,
,,,,,,,
,,,,,,,
,,,,,,,
,,,,,,,
4.555,,,,,,,
,,,,,,,
,,,,,,,
,,,,,,,
,,,,,,,
,,,,,,,
,,,,,,,
4.650,,,,,,,
,,,,,,,
,,,,,,,
,,,,,,,
,,,,,,,
,,,,,,,
,,,,,,,
6.430,,,,,,,
,,,,,,,
,,,,,,,
,,,,,,,
,,,,,,,
,,,,,,,
,,,,,,,
4.830,,,,,,,
,,,,,,,
,,,,,,,
,,,,,,,
,,,,,,,
,,,,,,,
,,,,,,,
4.680,,,,,,,
,,,,,,,
,,,,,,,
,,,,,,,
,,,,,,,
,,,,,,,
,,,,,,,
4.680,,,,,,,
,,,,,,,
,,,,,,,
,,,,,,,
,,,,,,,
,,,,,,,
,,,,,,,
4.550,,,,,,,
,,,,,,,
,,,,,,,
,,,,,,,
,,,,,,,
,,,,,,,
,,,,,,,
4.620,,,,,,,
,,,,,,,
,,,,,,,
,,,,,,,
,,,,,,,
,,,,,,,
,,,,,,,
5.030,,,,,,,
,,,,,,,
,,,,,,,
,,,,,,,
,,,,,,,
,,,,,,,
,,,,,,,
5.000,,,,,,,
,,,,,,,
,,,,,,,
,,,,,,,
,,,,,,,
,,,,,,,
,,,,,,,
4.750,,,,,,,
,,,,,,,
,,,,,,,
,,,,,,,
,,,,,,,
,,,,,,,
,,,,,,,
4.765,,,,,,,
,,,,,,,
,,,,,,,
,,,,,,,
,,,,,,,
,,,,,,,
,,,,,,,
5.045,,,,,,,
4.680,,,,,,,
,,,,,,,
,,,,,,,
,,,,,,,
,,,,,,,
,,,,,,,
,,,,,,,
,,,,,,,
,,,,,,,
4.690,,,,,,,
,,,,,,,
,,,,,,,
,,,,,,,
,,,,,,,
,,,,,,,
,,,,,,,
5.127,,,,,,,
,,,,,,,
,,,,,,,
,,,,,,,
,,,,,,,
,,,,,,,
,,,,,,,
5.400,,,,,,,
,,,,,,,
,,,,,,,
,,,,,,,
,,,,,,,
,,,,,,,
,,,,,,,
6.325,,,,,,,
5.360,,,,,,,
5.550,,,,,,,
,,,,,,,
,,,,,,,
,,,,,,,
,,,,,,,
,,,,,,,
,,,,,,,
,,,,,,,
,,,,,,,
,,,,,,,
,,,,,,,
5.970,,,,,,,
4.750,,,,,,,
,,,,,,,
,,,,,,,
,,,,,,,
,,,,,,,
,,,,,,,
,,,,,,,
,,,,,,,
,,,,,,,
6.570,,,,,,,
4.985,,,,,,,
,,,,,,,
,,,,,,,
,,,,,,,
,,,,,,,
,,,,,,,
,,,,,,,
,,,,,,,
,,,,,,,
5.315,,,,,,,
,,,,,,,
,,,,,,,
,,,,,,,
,,,,,,,
,,,,,,,
,,,,,,,
4.700,,,,,,,
,,,,,,,
,,,,,,,
,,,,,,,
,,,,,,,
,,,,,,,
,,,,,,,
4.800,,,,,,,
,,,,,,,
,,,,,,,
,,,,,,,
,,,,,,,
,,,,,,,
,,,,,,,
4.505,,,,,,,
,,,,,,,
,,,,,,,
,,,,,,,
,,,,,,,
,,,,,,,
,,,,,,,
4.820,,,,,,,
4.335,,,,,,,
,,,,,,,
,,,,,,,
,,,,,,,
,,,,,,,
,,,,,,,
,,,,,,,
,,,,,,,
,,,,,,,
4.690,,,,,,,
,,,,,,,
,,,,,,,
,,,,,,,
,,,,,,,
,,,,,,,
,,,,,,,
5.265,,,,,,,
,,,,,,,
,,,,,,,
,,,,,,,
,,,,,,,
,,,,,,,
,,,,,,,
4.915,,,,,,,
,,,,,,,
,,,,,,,
,,,,,,,
,,,,,,,
,,,,,,,
,,,,,,,
4.785,,,,,,,
,,,,,,,
,,,,,,,
,,,,,,,
,,,,,,,
,,,,,,,
,,,,,,,
4.600,,,,,,,
,,,,,,,
,,,,,,,
,,,,,,,
,,,,,,,
,,,,,,,
,,,,,,,
4.610,,,,,,,
,,,,,,,
,,,,,,,
,,,,,,,
,,,,,,,
,,,,,,,
,,,,,,,
4.635,,,,,,,
,,,,,,,
,,,,,,,
,,,,,,,
,,,,,,,
,,,,,,,
,,,,,,,
4.590,,,,,,,
,,,,,,,
,,,,,,,
,,,,,,,
,,,,,,,
,,,,,,,
,,,,,,,
4.575,,,,,,,
,,,,,,,
,,,,,,,
,,,,,,,
,,,,,,,
,,,,,,,
,,,,,,,
4.495,,,,,,,
,,,,,,,
,,,,,,,
,,,,,,,
,,,,,,,
,,,,,,,
,,,,,,,
4.165,,,,,,,
,,,,,,,
,,,,,,,
,,,,,,,
,,,,,,,
,,,,,,,
,,,,,,,
4.755,,,,,,,
4.365,,,,,,,
,,,,,,,
,,,,,,,
,,,,,,,
,,,,,,,
,,,,,,,
,,,,,,,
,,,,,,,
,,,,,,,
4.500,,,,,,,
,,,,,,,
,,,,,,,
,,,,,,,
,,,,,,,
,,,,,,,
,,,,,,,
4.730,,,,,,,
,,,,,,,
,,,,,,,
,,,,,,,
,,,,,,,
,,,,,,,
,,,,,,,
4.260,,,,,,,
,,,,,,,
,,,,,,,
,,,,,,,
,,,,,,,
,,,,,,,
,,,,,,,
4.865,,,,,,,
,,,,,,,
,,,,,,,
,,,,,,,
,,,,,,,
,,,,,,,
,,,,,,,
5.050,,,,,,,
,,,,,,,
,,,,,,,
,,,,,,,
,,,,,,,
,,,,,,,
,,,,,,,
4.585,,,,,,,
,,,,,,,
,,,,,,,
,,,,,,,
,,,,,,,
,,,,,,,
,,,,,,,
4.800,,,,,,,
,,,,,,,
,,,,,,,
,,,,,,,
,,,,,,,
,,,,,,,
,,,,,,,
4.785,,,,,,,
,,,,,,,
,,,,,,,
,,,,,,,
,,,,,,,
,,,,,,,
,,,,,,,
5.095,,,,,,,
,,,,,,,
,,,,,,,
,,,,,,,
,,,,,,,
,,,,,,,
,,,,,,,
4.685,,,,,,,
,,,,,,,
,,,,,,,
,,,,,,,
,,,,,,,
,,,,,,,
,,,,,,,
4.590,,,,,,,
,,,,,,,
,,,,,,,
,,,,,,,
,,,,,,,
,,,,,,,
,,,,,,,
4.725,,,,,,,
,,,,,,,
,,,,,,,
,,,,,,,
,,,,,,,
,,,,,,,
,,,,,,,
4.995,,,,,,,
4.605,,,,,,,
5.240,,,,,,,
,,,,,,,
,,,,,,,
,,,,,,,
,,,,,,,
,,,,,,,
,,,,,,,
,,,,,,,
,,,,,,,
,,,,,,,
,,,,,,,
4.510,,,,,,,
4.590,,,,,,,
,,,,,,,
,,,,,,,
,,,,,,,
,,,,,,,
,,,,,,,
,,,,,,,
,,,,,,,
,,,,,,,
4.780,,,,,,,
4.435,,,,,,,
,,,,,,,
,,,,,,,
,,,,,,,
,,,,,,,
,,,,,,,
,,,,,,,
,,,,,,,
,,,,,,,
4.470,,,,,,,
,,,,,,,
,,,,,,,
,,,,,,,
,,,,,,,
,,,,,,,
,,,,,,,
4.595,,,,,,,
,,,,,,,
,,,,,,,
,,,,,,,
,,,,,,,
,,,,,,,
,,,,,,,
4.555,,,,,,,
,,,,,,,
,,,,,,,
,,,,,,,
,,,,,,,
,,,,,,,
,,,,,,,
4.565,,,,,,,
,,,,,,,
,,,,,,,
,,,,,,,
,,,,,,,
,,,,,,,
,,,,,,,
4.755,,,,,,,
,,,,,,,
,,,,,,,
,,,,,,,
,,,,,,,
,,,,,,,
,,,,,,,
4.515,,,,,,,
,,,,,,,
,,,,,,,
,,,,,,,
,,,,,,,
,,,,,,,
,,,,,,,
4.755,,,,,,,
,,,,,,,
,,,,,,,
,,,,,,,
,,,,,,,
,,,,,,,
,,,,,,,
4.645,,,,,,,
,,,,,,,
,,,,,,,
,,,,,,,
,,,,,,,
,,,,,,,
,,,,,,,
4.600,,,,,,,
,,,,,,,
,,,,,,,
,,,,,,,
,,,,,,,
,,,,,,,
,,,,,,,
4.670,,,,,,,
,,,,,,,
,,,,,,,
,,,,,,,
,,,,,,,
,,,,,,,
,,,,,,,
4.515,,,,,,,
,,,,,,,
,,,,,,,
,,,,,,,
,,,,,,,
,,,,,,,
,,,,,,,
4.495,,,,,,,
,,,,,,,
,,,,,,,
,,,,,,,
,,,,,,,
,,,,,,,
,,,,,,,
7.060,,,,,,,
,,,,,,,
,,,,,,,
,,,,,,,
,,,,,,,
,,,,,,,
,,,,,,,
6.375,,,,,,,
,,,,,,,
,,,,,,,
,,,,,,,
,,,,,,,
,,,,,,,
,,,,,,,
4.790,,,,,,,
,,,,,,,
,,,,,,,
,,,,,,,
,,,,,,,
,,,,,,,
,,,,,,,
4.530,,,,,,,
,,,,,,,
,,,,,,,
,,,,,,,
,,,,,,,
,,,,,,,
,,,,,,,
4.525,,,,,,,
,,,,,,,
,,,,,,,
,,,,,,,
,,,,,,,
,,,,,,,
,,,,,,,
4.580,,,,,,,
,,,,,,,
,,,,,,,
,,,,,,,
,,,,,,,
,,,,,,,
,,,,,,,
4.870,,,,,,,
,,,,,,,
,,,,,,,
,,,,,,,
,,,,,,,
,,,,,,,
,,,,,,,
4.590,,,,,,,
,,,,,,,
,,,,,,,
,,,,,,,
,,,,,,,
,,,,,,,
,,,,,,,
4.800,,,,,,,
,,,,,,,
,,,,,,,
,,,,,,,
,,,,,,,
,,,,,,,
,,,,,,,
4.745,,,,,,,
,,,,,,,
,,,,,,,
,,,,,,,
,,,,,,,
,,,,,,,
,,,,,,,
4.750,,,,,,,
,,,,,,,
,,,,,,,
,,,,,,,
,,,,,,,
,,,,,,,
,,,,,,,
4.500,,,,,,,
,,,,,,,
,,,,,,,
,,,,,,,
,,,,,,,
,,,,,,,
,,,,,,,
4.460,,,,,,,
,,,,,,,
,,,,,,,
,,,,,,,
,,,,,,,
,,,,,,,
,,,,,,,
4.680,,,,,,,
,,,,,,,
,,,,,,,
,,,,,,,
,,,,,,,
,,,,,,,
,,,,,,,
7.273,,,,,,,
,,,,,,,
,,,,,,,
,,,,,,,
,,,,,,,
,,,,,,,
,,,,,,,
4.670,,,,,,,
,,,,,,,
,,,,,,,
,,,,,,,
,,,,,,,
,,,,,,,
,,,,,,,
5.180,,,,,,,
,,,,,,,
,,,,,,,
,,,,,,,
,,,,,,,
,,,,,,,
,,,,,,,
4.570,,,,,,,
,,,,,,,
,,,,,,,
,,,,,,,
,,,,,,,
,,,,,,,
,,,,,,,
4.655,,,,,,,
,,,,,,,
,,,,,,,
,,,,,,,
,,,,,,,
,,,,,,,
,,,,,,,
4.545,,,,,,,
,,,,,,,
,,,,,,,
,,,,,,,
,,,,,,,
,,,,,,,
,,,,,,,
4.725,,,,,,,
,,,,,,,
,,,,,,,
,,,,,,,
,,,,,,,
,,,,,,,
,,,,,,,
4.600,,,,,,,
,,,,,,,
,,,,,,,
,,,,,,,
,,,,,,,
,,,,,,,
,,,,,,,
4.730,,,,,,,
,,,,,,,
,,,,,,,
,,,,,,,
,,,,,,,
,,,,,,,
,,,,,,,
4.860,,,,,,,
,,,,,,,
,,,,,,,
,,,,,,,
,,,,,,,
,,,,,,,
,,,,,,,
4.900,,,,,,,
,,,,,,,
,,,,,,,
,,,,,,,
,,,,,,,
,,,,,,,
,,,,,,,
4.945,,,,,,,
,,,,,,,
,,,,,,,
,,,,,,,
,,,,,,,
,,,,,,,
,,,,,,,
4.665,,,,,,,
,,,,,,,
,,,,,,,
,,,,,,,
,,,,,,,
,,,,,,,
,,,,,,,
4.855,,,,,,,
,,,,,,,
,,,,,,,
,,,,,,,
,,,,,,,
,,,,,,,
,,,,,,,
4.635,,,,,,,
,,,,,,,
,,,,,,,
,,,,,,,
,,,,,,,
,,,,,,,
,,,,,,,
5.870,,,,,,,
,,,,,,,
,,,,,,,
,,,,,,,
,,,,,,,
,,,,,,,
,,,,,,,
5.640,,,,,,,
,,,,,,,
,,,,,,,
,,,,,,,
,,,,,,,
,,,,,,,
,,,,,,,
4.845,,,,,,,
,,,,,,,
,,,,,,,
,,,,,,,
,,,,,,,
,,,,,,,
,,,,,,,
4.925,,,,,,,
,,,,,,,
,,,,,,,
,,,,,,,
,,,,,,,
,,,,,,,
,,,,,,,
4.880,,,,,,,
,,,,,,,
,,,,,,,
,,,,,,,
,,,,,,,
,,,,,,,
,,,,,,,
4.730,,,,,,,
4.780,,,,,,,
7.123,,,,,,,
,,,,,,,
,,,,,,,
,,,,,,,
,,,,,,,
,,,,,,,
,,,,,,,
,,,,,,,
,,,,,,,
,,,,,,,
,,,,,,,
5.525,,,,,,,
,,,,,,,
,,,,,,,
,,,,,,,
,,,,,,,
,,,,,,,
,,,,,,,
5.220,,,,,,,
7.440,,,,,,,
,,,,,,,
,,,,,,,
,,,,,,,
,,,,,,,
,,,,,,,
,,,,,,,
,,,,,,,
,,,,,,,
4.770,,,,,,,
,,,,,,,
,,,,,,,
,,,,,,,
,,,,,,,
,,,,,,,
,,,,,,,
5.890,,,,,,,
4.965,,,,,,,
,,,,,,,
,,,,,,,
,,,,,,,
,,,,,,,
,,,,,,,
,,,,,,,
,,,,,,,
,,,,,,,
5.515,,,,,,,
,,,,,,,
,,,,,,,
,,,,,,,
,,,,,,,
,,,,,,,
,,,,,,,
5.790,,,,,,,
6.195,,,,,,,
,,,,,,,
,,,,,,,
,,,,,,,
,,,,,,,
,,,,,,,
,,,,,,,
,,,,,,,
,,,,,,,
4.615,,,,,,,
,,,,,,,
,,,,,,,
,,,,,,,
,,,,,,,
,,,,,,,
,,,,,,,
5.140,,,,,,,
,,,,,,,
,,,,,,,
,,,,,,,
,,,,,,,
,,,,,,,
,,,,,,,
4.570,,,,,,,
,,,,,,,
,,,,,,,
,,,,,,,
,,,,,,,
,,,,,,,
,,,,,,,
4.570,,,,,,,
,,,,,,,
,,,,,,,
,,,,,,,
,,,,,,,
,,,,,,,
,,,,,,,
4.645,,,,,,,
,,,,,,,
,,,,,,,
,,,,,,,
,,,,,,,
,,,,,,,
,,,,,,,
5.025,,,,,,,
,,,,,,,
,,,,,,,
,,,,,,,
,,,,,,,
,,,,,,,
,,,,,,,
4.940,,,,,,,
,,,,,,,
,,,,,,,
,,,,,,,
,,,,,,,
,,,,,,,
,,,,,,,
4.840,,,,,,,
,,,,,,,
,,,,,,,
,,,,,,,
,,,,,,,
,,,,,,,
,,,,,,,
4.250,,,,,,,
,,,,,,,
,,,,,,,
,,,,,,,
,,,,,,,
,,,,,,,
,,,,,,,
4.880,,,,,,,
,,,,,,,
,,,,,,,
,,,,,,,
,,,,,,,
,,,,,,,
,,,,,,,
4.610,,,,,,,
4.550,,,,,,,
,,,,,,,
,,,,,,,
,,,,,,,
,,,,,,,
,,,,,,,
,,,,,,,
,,,,,,,
,,,,,,,
4.660,,,,,,,
4.560,,,,,,,
,,,,,,,
,,,,,,,
,,,,,,,
,,,,,,,
,,,,,,,
,,,,,,,
,,,,,,,
,,,,,,,
4.500,,,,,,,
,,,,,,,
,,,,,,,
,,,,,,,
,,,,,,,
,,,,,,,
,,,,,,,
4.585,,,,,,,
,,,,,,,
,,,,,,,
,,,,,,,
,,,,,,,
,,,,,,,
,,,,,,,
4.600,,,,,,,
,,,,,,,
,,,,,,,
,,,,,,,
,,,,,,,
,,,,,,,
,,,,,,,
4.640,,,,,,,
,,,,,,,
,,,,,,,
,,,,,,,
,,,,,,,
,,,,,,,
,,,,,,,
9.165,,,,,,,
,,,,,,,
,,,,,,,
,,,,,,,
,,,,,,,
,,,,,,,
,,,,,,,
4.760,,,,,,,
,,,,,,,
,,,,,,,
,,,,,,,
,,,,,,,
,,,,,,,
,,,,,,,
4.805,,,,,,,
,,,,,,,
,,,,,,,
,,,,,,,
,,,,,,,
,,,,,,,
,,,,,,,
4.695,,,,,,,
,,,,,,,
,,,,,,,
,,,,,,,
,,,,,,,
,,,,,,,
,,,,,,,
4.780,,,,,,,
,,,,,,,
,,,,,,,
,,,,,,,
,,,,,,,
,,,,,,,
,,,,,,,
4.670,,,,,,,
,,,,,,,
,,,,,,,
,,,,,,,
,,,,,,,
,,,,,,,
,,,,,,,
4.665,,,,,,,
,,,,,,,
,,,,,,,
,,,,,,,
,,,,,,,
,,,,,,,
,,,,,,,
4.740,,,,,,,
,,,,,,,
,,,,,,,
,,,,,,,
,,,,,,,
,,,,,,,
,,,,,,,
4.935,,,,,,,
,,,,,,,
,,,,,,,
,,,,,,,
,,,,,,,
,,,,,,,
,,,,,,,
5.205,,,,,,,
,,,,,,,
,,,,,,,
,,,,,,,
,,,,,,,
,,,,,,,
,,,,,,,
4.905,,,,,,,
,,,,,,,
,,,,,,,
,,,,,,,
,,,,,,,
,,,,,,,
,,,,,,,
4.460,,,,,,,
,,,,,,,
,,,,,,,
,,,,,,,
,,,,,,,
,,,,,,,
,,,,,,,
4.740,,,,,,,
4.415,,,,,,,
,,,,,,,
,,,,,,,
,,,,,,,
,,,,,,,
,,,,,,,
,,,,,,,
,,,,,,,
,,,,,,,
4.635,,,,,,,
,,,,,,,
,,,,,,,
,,,,,,,
,,,,,,,
,,,,,,,
,,,,,,,
4.975,,,,,,,
,,,,,,,
,,,,,,,
,,,,,,,
,,,,,,,
,,,,,,,
,,,,,,,
4.905,,,,,,,
,,,,,,,
,,,,,,,
,,,,,,,
,,,,,,,
,,,,,,,
,,,,,,,
4.625,,,,,,,
,,,,,,,
,,,,,,,
,,,,,,,
,,,,,,,
,,,,,,,
,,,,,,,
4.630,,,,,,,
,,,,,,,
,,,,,,,
,,,,,,,
,,,,,,,
,,,,,,,
,,,,,,,
4.805,,,,,,,
,,,,,,,
,,,,,,,
,,,,,,,
,,,,,,,
,,,,,,,
,,,,,,,
4.705,,,,,,,
,,,,,,,
,,,,,,,
,,,,,,,
,,,,,,,
,,,,,,,
,,,,,,,
4.665,,,,,,,
,,,,,,,
,,,,,,,
,,,,,,,
,,,,,,,
,,,,,,,
,,,,,,,
4.640,,,,,,,
,,,,,,,
,,,,,,,
,,,,,,,
,,,,,,,
,,,,,,,
,,,,,,,
5.175,,,,,,,
,,,,,,,
,,,,,,,
,,,,,,,
,,,,,,,
,,,,,,,
,,,,,,,
4.595,,,,,,,
,,,,,,,
,,,,,,,
,,,,,,,
,,,,,,,
,,,,,,,
,,,,,,,
4.695,,,,,,,
,,,,,,,
,,,,,,,
,,,,,,,
,,,,,,,
,,,,,,,
,,,,,,,
4.570,,,,,,,
,,,,,,,
,,,,,,,
,,,,,,,
,,,,,,,
,,,,,,,
,,,,,,,
4.700,,,,,,,
,,,,,,,
,,,,,,,
,,,,,,,
,,,,,,,
,,,,,,,
,,,,,,,
4.575,,,,,,,
,,,,,,,
,,,,,,,
,,,,,,,
,,,,,,,
,,,,,,,
,,,,,,,
4.420,,,,,,,
,,,,,,,
,,,,,,,
,,,,,,,
,,,,,,,
,,,,,,,
,,,,,,,
4.805,,,,,,,
,,,,,,,
,,,,,,,
,,,,,,,
,,,,,,,
,,,,,,,
,,,,,,,
4.610,,,,,,,
,,,,,,,
,,,,,,,
,,,,,,,
,,,,,,,
,,,,,,,
,,,,,,,
4.795,,,,,,,
,,,,,,,
,,,,,,,
,,,,,,,
,,,,,,,
,,,,,,,
,,,,,,,
4.620,,,,,,,
,,,,,,,
,,,,,,,
,,,,,,,
,,,,,,,
,,,,,,,
,,,,,,,
4.540,,,,,,,
,,,,,,,
,,,,,,,
,,,,,,,
,,,,,,,
,,,,,,,
,,,,,,,
4.650,,,,,,,
,,,,,,,
,,,,,,,
,,,,,,,
,,,,,,,
,,,,,,,
,,,,,,,
4.595,,,,,,,
,,,,,,,
,,,,,,,
,,,,,,,
,,,,,,,
,,,,,,,
,,,,,,,
4.740,,,,,,,
,,,,,,,
,,,,,,,
,,,,,,,
,,,,,,,
,,,,,,,
,,,,,,,
4.795,,,,,,,
,,,,,,,
,,,,,,,
,,,,,,,
,,,,,,,
,,,,,,,
,,,,,,,
4.390,,,,,,,
,,,,,,,
,,,,,,,
,,,,,,,
,,,,,,,
,,,,,,,
,,,,,,,
4.645,,,,,,,
,,,,,,,
,,,,,,,
,,,,,,,
,,,,,,,
,,,,,,,
,,,,,,,
4.695,,,,,,,
,,,,,,,
,,,,,,,
,,,,,,,
,,,,,,,
,,,,,,,
,,,,,,,
5.290,,,,,,,
,,,,,,,
,,,,,,,
,,,,,,,
,,,,,,,
,,,,,,,
,,,,,,,
5.130,,,,,,,
,,,,,,,
,,,,,,,
,,,,,,,
,,,,,,,
,,,,,,,
,,,,,,,
4.900,,,,,,,
,,,,,,,
,,,,,,,
,,,,,,,
,,,,,,,
,,,,,,,
,,,,,,,
4.520,,,,,,,
,,,,,,,
,,,,,,,
,,,,,,,
,,,,,,,
,,,,,,,
,,,,,,,
4.620,,,,,,,
,,,,,,,
,,,,,,,
,,,,,,,
,,,,,,,
,,,,,,,
,,,,,,,
4.585,,,,,,,
,,,,,,,
,,,,,,,
,,,,,,,
,,,,,,,
,,,,,,,
,,,,,,,
4.635,,,,,,,
,,,,,,,
,,,,,,,
,,,,,,,
,,,,,,,
,,,,,,,
,,,,,,,
4.850,,,,,,,
,,,,,,,
,,,,,,,
,,,,,,,
,,,,,,,
,,,,,,,
,,,,,,,
4.735,,,,,,,
,,,,,,,
,,,,,,,
,,,,,,,
,,,,,,,
,,,,,,,
,,,,,,,
4.585,,,,,,,
,,,,,,,
,,,,,,,
,,,,,,,
,,,,,,,
,,,,,,,
,,,,,,,
4.570,,,,,,,
,,,,,,,
,,,,,,,
,,,,,,,
,,,,,,,
,,,,,,,
,,,,,,,
6.805,,,,,,,
,,,,,,,
,,,,,,,
,,,,,,,
,,,,,,,
,,,,,,,
,,,,,,,
4.830,,,,,,,
,,,,,,,
,,,,,,,
,,,,,,,
,,,,,,,
,,,,,,,
,,,,,,,
4.545,,,,,,,
,,,,,,,
,,,,,,,
,,,,,,,
,,,,,,,
,,,,,,,
,,,,,,,
4.385,,,,,,,
,,,,,,,
,,,,,,,
,,,,,,,
,,,,,,,
,,,,,,,
,,,,,,,
4.550,,,,,,,
,,,,,,,
,,,,,,,
,,,,,,,
,,,,,,,
,,,,,,,
,,,,,,,
4.570,,,,,,,
,,,,,,,
,,,,,,,
,,,,,,,
,,,,,,,
,,,,,,,
,,,,,,,
8.135,,,,,,,
,,,,,,,
,,,,,,,
,,,,,,,
,,,,,,,
,,,,,,,
,,,,,,,
8.290,,,,,,,
,,,,,,,
,,,,,,,
,,,,,,,
,,,,,,,
,,,,,,,
,,,,,,,
5.295,,,,,,,
,,,,,,,
,,,,,,,
,,,,,,,
,,,,,,,
,,,,,,,
,,,,,,,
4.850,,,,,,,
,,,,,,,
,,,,,,,
,,,,,,,
,,,,,,,
,,,,,,,
,,,,,,,
4.420,,,,,,,
,,,,,,,
,,,,,,,
,,,,,,,
,,,,,,,
,,,,,,,
,,,,,,,
4.985,,,,,,,
,,,,,,,
,,,,,,,
,,,,,,,
,,,,,,,
,,,,,,,
,,,,,,,
4.730,,,,,,,
,,,,,,,
,,,,,,,
,,,,,,,
,,,,,,,
,,,,,,,
,,,,,,,
4.965,,,,,,,
,,,,,,,
,,,,,,,
,,,,,,,
,,,,,,,
,,,,,,,
,,,,,,,
4.680,,,,,,,
,,,,,,,
,,,,,,,
,,,,,,,
,,,,,,,
,,,,,,,
,,,,,,,
4.490,,,,,,,
,,,,,,,
,,,,,,,
,,,,,,,
,,,,,,,
,,,,,,,
,,,,,,,
5.235,,,,,,,
,,,,,,,
,,,,,,,
,,,,,,,
,,,,,,,
,,,,,,,
,,,,,,,
4.990,,,,,,,
,,,,,,,
,,,,,,,
,,,,,,,
,,,,,,,
,,,,,,,
,,,,,,,
6.420,,,,,,,
,,,,,,,
,,,,,,,
,,,,,,,
,,,,,,,
,,,,,,,
,,,,,,,
4.960,,,,,,,
,,,,,,,
,,,,,,,
,,,,,,,
,,,,,,,
,,,,,,,
,,,,,,,
5.000,,,,,,,
,,,,,,,
,,,,,,,
,,,,,,,
,,,,,,,
,,,,,,,
,,,,,,,
4.770,,,,,,,
,,,,,,,
,,,,,,,
,,,,,,,
,,,,,,,
,,,,,,,
,,,,,,,
4.745,,,,,,,
,,,,,,,
,,,,,,,
,,,,,,,
,,,,,,,
,,,,,,,
,,,,,,,
4.925,,,,,,,
,,,,,,,
,,,,,,,
,,,,,,,
,,,,,,,
,,,,,,,
,,,,,,,
5.795,,,,,,,
,,,,,,,
,,,,,,,
,,,,,,,
,,,,,,,
,,,,,,,
,,,,,,,
5.845,,,,,,,
,,,,,,,
,,,,,,,
,,,,,,,
,,,,,,,
,,,,,,,
,,,,,,,
4.730,,,,,,,
,,,,,,,
,,,,,,,
,,,,,,,
,,,,,,,
,,,,,,,
,,,,,,,
5.200,,,,,,,
5.335,,,,,,,
,,,,,,,
,,,,,,,
,,,,,,,
,,,,,,,
,,,,,,,
,,,,,,,
,,,,,,,
,,,,,,,
5.105,,,,,,,
,,,,,,,
,,,,,,,
,,,,,,,
,,,,,,,
,,,,,,,
,,,,,,,
5.460,,,,,,,
,,,,,,,
,,,,,,,
,,,,,,,
,,,,,,,
,,,,,,,
,,,,,,,
4.575,,,,,,,
,,,,,,,
,,,,,,,
,,,,,,,
,,,,,,,
,,,,,,,
,,,,,,,
4.900,,,,,,,
,,,,,,,
,,,,,,,
,,,,,,,
,,,,,,,
,,,,,,,
,,,,,,,
5.250,,,,,,,
,,,,,,,
,,,,,,,
,,,,,,,
,,,,,,,
,,,,,,,
,,,,,,,
5.690,,,,,,,
,,,,,,,
,,,,,,,
,,,,,,,
,,,,,,,
,,,,,,,
,,,,,,,
5.135,,,,,,,
,,,,,,,
,,,,,,,
,,,,,,,
,,,,,,,
,,,,,,,
,,,,,,,
4.700,,,,,,,
,,,,,,,
,,,,,,,
,,,,,,,
,,,,,,,
,,,,,,,
,,,,,,,
4.950,,,,,,,
,,,,,,,
,,,,,,,
,,,,,,,
,,,,,,,
,,,,,,,
,,,,,,,
4.530,,,,,,,
,,,,,,,
,,,,,,,
,,,,,,,
,,,,,,,
,,,,,,,
,,,,,,,
4.590,,,,,,,
,,,,,,,
,,,,,,,
,,,,,,,
,,,,,,,
,,,,,,,
,,,,,,,
4.600,,,,,,,
,,,,,,,
,,,,,,,
,,,,,,,
,,,,,,,
,,,,,,,
,,,,,,,
4.705,,,,,,,
,,,,,,,
,,,,,,,
,,,,,,,
,,,,,,,
,,,,,,,
,,,,,,,
5.190,,,,,,,
,,,,,,,
,,,,,,,
,,,,,,,
,,,,,,,
,,,,,,,
,,,,,,,
4.625,,,,,,,
,,,,,,,
,,,,,,,
,,,,,,,
,,,,,,,
,,,,,,,
,,,,,,,
5.105,,,,,,,
,,,,,,,
,,,,,,,
,,,,,,,
,,,,,,,
,,,,,,,
,,,,,,,
4.445,,,,,,,
,,,,,,,
,,,,,,,
,,,,,,,
,,,,,,,
,,,,,,,
,,,,,,,
4.550,,,,,,,
,,,,,,,
,,,,,,,
,,,,,,,
,,,,,,,
,,,,,,,
,,,,,,,
4.755,,,,,,,
,,,,,,,
,,,,,,,
,,,,,,,
,,,,,,,
,,,,,,,
,,,,,,,
4.700,,,,,,,
,,,,,,,
,,,,,,,
,,,,,,,
,,,,,,,
,,,,,,,
,,,,,,,
4.930,,,,,,,
,,,,,,,
,,,,,,,
,,,,,,,
,,,,,,,
,,,,,,,
,,,,,,,
4.575,,,,,,,
,,,,,,,
,,,,,,,
,,,,,,,
,,,,,,,
,,,,,,,
,,,,,,,
6.080,,,,,,,
,,,,,,,
,,,,,,,
,,,,,,,
,,,,,,,
,,,,,,,
,,,,,,,
5.463,,,,,,,
,,,,,,,
,,,,,,,
,,,,,,,
,,,,,,,
,,,,,,,
,,,,,,,
5.595,,,,,,,
,,,,,,,
,,,,,,,
,,,,,,,
,,,,,,,
,,,,,,,
,,,,,,,
4.940,,,,,,,
,,,,,,,
,,,,,,,
,,,,,,,
,,,,,,,
,,,,,,,
,,,,,,,
5.305,,,,,,,
,,,,,,,
,,,,,,,
,,,,,,,
,,,,,,,
,,,,,,,
,,,,,,,
6.790,,,,,,,
,,,,,,,
,,,,,,,
,,,,,,,
,,,,,,,
,,,,,,,
,,,,,,,
4.690,,,,,,,
,,,,,,,
,,,,,,,
,,,,,,,
,,,,,,,
,,,,,,,
,,,,,,,
4.505,,,,,,,
,,,,,,,
,,,,,,,
,,,,,,,
,,,,,,,
,,,,,,,
,,,,,,,
4.525,,,,,,,
,,,,,,,
,,,,,,,
,,,,,,,
,,,,,,,
,,,,,,,
,,,,,,,
4.785,,,,,,,
,,,,,,,
,,,,,,,
,,,,,,,
,,,,,,,
,,,,,,,
,,,,,,,
4.920,,,,,,,
,,,,,,,
,,,,,,,
,,,,,,,
,,,,,,,
,,,,,,,
,,,,,,,
4.900,,,,,,,
,,,,,,,
,,,,,,,
,,,,,,,
,,,,,,,
,,,,,,,
,,,,,,,
4.735,,,,,,,
,,,,,,,
,,,,,,,
,,,,,,,
,,,,,,,
,,,,,,,
,,,,,,,
5.430,,,,,,,
,,,,,,,
,,,,,,,
,,,,,,,
,,,,,,,
,,,,,,,
,,,,,,,
5.325,,,,,,,
,,,,,,,
,,,,,,,
,,,,,,,
,,,,,,,
,,,,,,,
,,,,,,,
4.370,,,,,,,
,,,,,,,
,,,,,,,
,,,,,,,
,,,,,,,
,,,,,,,
,,,,,,,
4.880,,,,,,,
,,,,,,,
,,,,,,,
,,,,,,,
,,,,,,,
,,,,,,,
,,,,,,,
5.170,,,,,,,
,,,,,,,
,,,,,,,
,,,,,,,
,,,,,,,
,,,,,,,
,,,,,,,
5.130,,,,,,,
,,,,,,,
,,,,,,,
,,,,,,,
,,,,,,,
,,,,,,,
,,,,,,,
4.760,,,,,,,
,,,,,,,
,,,,,,,
,,,,,,,
,,,,,,,
,,,,,,,
,,,,,,,
4.815,,,,,,,
,,,,,,,
,,,,,,,
,,,,,,,
,,,,,,,
,,,,,,,
,,,,,,,
4.810,,,,,,,
,,,,,,,
,,,,,,,
,,,,,,,
,,,,,,,
,,,,,,,
,,,,,,,
5.063,,,,,,,
,,,,,,,
,,,,,,,
,,,,,,,
,,,,,,,
,,,,,,,
,,,,,,,
4.775,,,,,,,
,,,,,,,
,,,,,,,
,,,,,,,
,,,,,,,
,,,,,,,
,,,,,,,
5.770,,,,,,,
,,,,,,,
,,,,,,,
,,,,,,,
,,,,,,,
,,,,,,,
,,,,,,,
4.885,,,,,,,
,,,,,,,
,,,,,,,
,,,,,,,
,,,,,,,
,,,,,,,
,,,,,,,
7.975,,,,,,,
6.615,,,,,,,
,,,,,,,
,,,,,,,
,,,,,,,
,,,,,,,
,,,,,,,
,,,,,,,
,,,,,,,
,,,,,,,
4.880,,,,,,,
4.655,,,,,,,
,,,,,,,
,,,,,,,
,,,,,,,
,,,,,,,
,,,,,,,
,,,,,,,
,,,,,,,
,,,,,,,
5.030,,,,,,,
,,,,,,,
,,,,,,,
,,,,,,,
,,,,,,,
,,,,,,,
,,,,,,,
5.055,,,,,,,
,,,,,,,
,,,,,,,
,,,,,,,
,,,,,,,
,,,,,,,
,,,,,,,
4.690,,,,,,,
,,,,,,,
,,,,,,,
,,,,,,,
,,,,,,,
,,,,,,,
,,,,,,,
5.255,,,,,,,
,,,,,,,
,,,,,,,
,,,,,,,
,,,,,,,
,,,,,,,
,,,,,,,
4.675,,,,,,,
,,,,,,,
,,,,,,,
,,,,,,,
,,,,,,,
,,,,,,,
,,,,,,,
4.965,,,,,,,
,,,,,,,
,,,,,,,
,,,,,,,
,,,,,,,
,,,,,,,
,,,,,,,
4.745,,,,,,,
,,,,,,,
,,,,,,,
,,,,,,,
,,,,,,,
,,,,,,,
,,,,,,,
8.700,,,,,,,
4.865,,,,,,,
,,,,,,,
,,,,,,,
,,,,,,,
,,,,,,,
,,,,,,,
,,,,,,,
,,,,,,,
,,,,,,,
5.190,,,,,,,
,,,,,,,
,,,,,,,
,,,,,,,
,,,,,,,
,,,,,,,
,,,,,,,
5.980,,,,,,,
,,,,,,,
,,,,,,,
,,,,,,,
,,,,,,,
,,,,,,,
,,,,,,,
4.465,,,,,,,
,,,,,,,
,,,,,,,
,,,,,,,
,,,,,,,
,,,,,,,
,,,,,,,
4.845,,,,,,,
,,,,,,,
,,,,,,,
,,,,,,,
,,,,,,,
,,,,,,,
,,,,,,,
4.615,,,,,,,
4.530,,,,,,,
,,,,,,,
,,,,,,,
,,,,,,,
,,,,,,,
,,,,,,,
,,,,,,,
,,,,,,,
,,,,,,,
4.815,,,,,,,
5.465,,,,,,,
,,,,,,,
,,,,,,,
,,,,,,,
,,,,,,,
,,,,,,,
,,,,,,,
,,,,,,,
,,,,,,,
4.830,,,,,,,
,,,,,,,
,,,,,,,
,,,,,,,
,,,,,,,
,,,,,,,
,,,,,,,
4.605,,,,,,,
4.490,,,,,,,
,,,,,,,
,,,,,,,
,,,,,,,
,,,,,,,
,,,,,,,
,,,,,,,
,,,,,,,
,,,,,,,
4.757,,,,,,,
,,,,,,,
,,,,,,,
,,,,,,,
,,,,,,,
,,,,,,,
,,,,,,,
5.805,,,,,,,
,,,,,,,
,,,,,,,
,,,,,,,
,,,,,,,
,,,,,,,
,,,,,,,
4.645,,,,,,,
,,,,,,,
,,,,,,,
,,,,,,,
,,,,,,,
,,,,,,,
,,,,,,,
5.035,,,,,,,
,,,,,,,
,,,,,,,
,,,,,,,
,,,,,,,
,,,,,,,
,,,,,,,
5.000,,,,,,,
,,,,,,,
,,,,,,,
,,,,,,,
,,,,,,,
,,,,,,,
,,,,,,,
4.465,,,,,,,
,,,,,,,
,,,,,,,
,,,,,,,
,,,,,,,
,,,,,,,
,,,,,,,
3.630,,,,,,,
,,,,,,,
,,,,,,,
,,,,,,,
,,,,,,,
,,,,,,,
,,,,,,,
4.640,,,,,,,
3.830,,,,,,,
,,,,,,,
,,,,,,,
,,,,,,,
,,,,,,,
,,,,,,,
,,,,,,,
,,,,,,,
,,,,,,,
4.510,,,,,,,
,,,,,,,
,,,,,,,
,,,,,,,
,,,,,,,
,,,,,,,
,,,,,,,
4.840,,,,,,,
,,,,,,,
,,,,,,,
,,,,,,,
,,,,,,,
,,,,,,,
,,,,,,,
4.530,,,,,,,
,,,,,,,
,,,,,,,
,,,,,,,
,,,,,,,
,,,,,,,
,,,,,,,
4.840,,,,,,,
,,,,,,,
,,,,,,,
,,,,,,,
,,,,,,,
,,,,,,,
,,,,,,,
4.625,,,,,,,
,,,,,,,
,,,,,,,
,,,,,,,
,,,,,,,
,,,,,,,
,,,,,,,
5.415,,,,,,,
,,,,,,,
,,,,,,,
,,,,,,,
,,,,,,,
,,,,,,,
,,,,,,,
4.585,,,,,,,
,,,,,,,
,,,,,,,
,,,,,,,
,,,,,,,
,,,,,,,
,,,,,,,
4.590,,,,,,,
,,,,,,,
,,,,,,,
,,,,,,,
,,,,,,,
,,,,,,,
,,,,,,,
4.710,,,,,,,
,,,,,,,
,,,,,,,
,,,,,,,
,,,,,,,
,,,,,,,
,,,,,,,
5.820,,,,,,,
,,,,,,,
,,,,,,,
,,,,,,,
,,,,,,,
,,,,,,,
,,,,,,,
4.645,,,,,,,
,,,,,,,
,,,,,,,
,,,,,,,
,,,,,,,
,,,,,,,
,,,,,,,
4.370,,,,,,,
,,,,,,,
,,,,,,,
,,,,,,,
,,,,,,,
,,,,,,,
,,,,,,,
4.860,,,,,,,
,,,,,,,
,,,,,,,
,,,,,,,
,,,,,,,
,,,,,,,
,,,,,,,
4.330,,,,,,,
,,,,,,,
,,,,,,,
,,,,,,,
,,,,,,,
,,,,,,,
,,,,,,,
4.530,,,,,,,
,,,,,,,
,,,,,,,
,,,,,,,
,,,,,,,
,,,,,,,
,,,,,,,
4.345,,,,,,,
4.790,,,,,,,
,,,,,,,
,,,,,,,
,,,,,,,
,,,,,,,
,,,,,,,
,,,,,,,
,,,,,,,
,,,,,,,
4.790,,,,,,,
4.520,,,,,,,
,,,,,,,
,,,,,,,
,,,,,,,
,,,,,,,
,,,,,,,
,,,,,,,
,,,,,,,
,,,,,,,
5.905,,,,,,,
,,,,,,,
,,,,,,,
,,,,,,,
,,,,,,,
,,,,,,,
,,,,,,,
4.445,,,,,,,
,,,,,,,
,,,,,,,
,,,,,,,
,,,,,,,
,,,,,,,
,,,,,,,
5.700,,,,,,,
,,,,,,,
,,,,,,,
,,,,,,,
,,,,,,,
,,,,,,,
,,,,,,,
5.080,,,,,,,
,,,,,,,
,,,,,,,
,,,,,,,
,,,,,,,
,,,,,,,
,,,,,,,
4.385,,,,,,,
,,,,,,,
,,,,,,,
,,,,,,,
,,,,,,,
,,,,,,,
,,,,,,,
4.240,,,,,,,
,,,,,,,
,,,,,,,
,,,,,,,
,,,,,,,
,,,,,,,
,,,,,,,
4.415,,,,,,,
,,,,,,,
,,,,,,,
,,,,,,,
,,,,,,,
,,,,,,,
,,,,,,,
4.430,,,,,,,
,,,,,,,
,,,,,,,
,,,,,,,
,,,,,,,
,,,,,,,
,,,,,,,
5.465,,,,,,,
,,,,,,,
,,,,,,,
,,,,,,,
,,,,,,,
,,,,,,,
,,,,,,,
4.750,,,,,,,
,,,,,,,
,,,,,,,
,,,,,,,
,,,,,,,
,,,,,,,
,,,,,,,
4.575,,,,,,,
,,,,,,,
,,,,,,,
,,,,,,,
,,,,,,,
,,,,,,,
,,,,,,,
4.470,,,,,,,
,,,,,,,
,,,,,,,
,,,,,,,
,,,,,,,
,,,,,,,
,,,,,,,
6.655,,,,,,,
,,,,,,,
,,,,,,,
,,,,,,,
,,,,,,,
,,,,,,,
,,,,,,,
4.485,,,,,,,
,,,,,,,
,,,,,,,
,,,,,,,
,,,,,,,
,,,,,,,
,,,,,,,
4.210,,,,,,,
,,,,,,,
,,,,,,,
,,,,,,,
,,,,,,,
,,,,,,,
,,,,,,,
4.160,,,,,,,
,,,,,,,
,,,,,,,
,,,,,,,
,,,,,,,
,,,,,,,
,,,,,,,
4.655,,,,,,,
,,,,,,,
,,,,,,,
,,,,,,,
,,,,,,,
,,,,,,,
,,,,,,,
4.515,,,,,,,
,,,,,,,
,,,,,,,
,,,,,,,
,,,,,,,
,,,,,,,
,,,,,,,
4.625,,,,,,,
,,,,,,,
,,,,,,,
,,,,,,,
,,,,,,,
,,,,,,,
,,,,,,,
4.240,,,,,,,
,,,,,,,
,,,,,,,
,,,,,,,
,,,,,,,
,,,,,,,
,,,,,,,
6.320,,,,,,,
,,,,,,,
,,,,,,,
,,,,,,,
,,,,,,,
,,,,,,,
,,,,,,,
6.040,,,,,,,
,,,,,,,
,,,,,,,
,,,,,,,
,,,,,,,
,,,,,,,
,,,,,,,
4.390,,,,,,,
,,,,,,,
,,,,,,,
,,,,,,,
,,,,,,,
,,,,,,,
,,,,,,,
4.455,,,,,,,
,,,,,,,
,,,,,,,
,,,,,,,
,,,,,,,
,,,,,,,
,,,,,,,
4.390,,,,,,,
,,,,,,,
,,,,,,,
,,,,,,,
,,,,,,,
,,,,,,,
,,,,,,,
4.840,,,,,,,
,,,,,,,
,,,,,,,
,,,,,,,
,,,,,,,
,,,,,,,
,,,,,,,
4.755,,,,,,,
,,,,,,,
,,,,,,,
,,,,,,,
,,,,,,,
,,,,,,,
,,,,,,,
4.730,,,,,,,
,,,,,,,
,,,,,,,
,,,,,,,
,,,,,,,
,,,,,,,
,,,,,,,
4.480,,,,,,,
,,,,,,,
,,,,,,,
,,,,,,,
,,,,,,,
,,,,,,,
,,,,,,,
4.675,,,,,,,
,,,,,,,
,,,,,,,
,,,,,,,
,,,,,,,
,,,,,,,
,,,,,,,
5.705,,,,,,,
,,,,,,,
,,,,,,,
,,,,,,,
,,,,,,,
,,,,,,,
,,,,,,,
5.425,,,,,,,
,,,,,,,
,,,,,,,
,,,,,,,
,,,,,,,
,,,,,,,
,,,,,,,
4.710,,,,,,,
,,,,,,,
,,,,,,,
,,,,,,,
,,,,,,,
,,,,,,,
,,,,,,,
4.455,,,,,,,
,,,,,,,
,,,,,,,
,,,,,,,
,,,,,,,
,,,,,,,
,,,,,,,
4.565,,,,,,,
,,,,,,,
,,,,,,,
,,,,,,,
,,,,,,,
,,,,,,,
,,,,,,,
4.435,,,,,,,
,,,,,,,
,,,,,,,
,,,,,,,
,,,,,,,
,,,,,,,
,,,,,,,
4.360,,,,,,,
,,,,,,,
,,,,,,,
,,,,,,,
,,,,,,,
,,,,,,,
,,,,,,,
4.470,,,,,,,
,,,,,,,
,,,,,,,
,,,,,,,
,,,,,,,
,,,,,,,
,,,,,,,
4.390,,,,,,,
,,,,,,,
,,,,,,,
,,,,,,,
,,,,,,,
,,,,,,,
,,,,,,,
4.370,,,,,,,
,,,,,,,
,,,,,,,
,,,,,,,
,,,,,,,
,,,,,,,
,,,,,,,
4.380,,,,,,,
,,,,,,,
,,,,,,,
,,,,,,,
,,,,,,,
,,,,,,,
,,,,,,,
4.280,,,,,,,
,,,,,,,
,,,,,,,
,,,,,,,
,,,,,,,
,,,,,,,
,,,,,,,
4.365,,,,,,,
,,,,,,,
,,,,,,,
,,,,,,,
,,,,,,,
,,,,,,,
,,,,,,,
4.425,,,,,,,
,,,,,,,
,,,,,,,
,,,,,,,
,,,,,,,
,,,,,,,
,,,,,,,
4.210,,,,,,,
,,,,,,,
,,,,,,,
,,,,,,,
,,,,,,,
,,,,,,,
,,,,,,,
4.735,,,,,,,
,,,,,,,
,,,,,,,
,,,,,,,
,,,,,,,
,,,,,,,
,,,,,,,
4.600,,,,,,,
,,,,,,,
,,,,,,,
,,,,,,,
,,,,,,,
,,,,,,,
,,,,,,,
4.740,,,,,,,
,,,,,,,
,,,,,,,
,,,,,,,
,,,,,,,
,,,,,,,
,,,,,,,
4.755,,,,,,,
,,,,,,,
,,,,,,,
,,,,,,,
,,,,,,,
,,,,,,,
,,,,,,,
5.000,,,,,,,
,,,,,,,
,,,,,,,
,,,,,,,
,,,,,,,
,,,,,,,
,,,,,,,
5.285,,,,,,,
,,,,,,,
,,,,,,,
,,,,,,,
,,,,,,,
,,,,,,,
,,,,,,,
5.097,,,,,,,
,,,,,,,
,,,,,,,
,,,,,,,
,,,,,,,
,,,,,,,
,,,,,,,
4.550,,,,,,,
,,,,,,,
,,,,,,,
,,,,,,,
,,,,,,,
,,,,,,,
,,,,,,,
4.230,,,,,,,
,,,,,,,
,,,,,,,
,,,,,,,
,,,,,,,
,,,,,,,
,,,,,,,
4.145,,,,,,,
,,,,,,,
,,,,,,,
,,,,,,,
,,,,,,,
,,,,,,,
,,,,,,,
4.470,,,,,,,
,,,,,,,
,,,,,,,
,,,,,,,
,,,,,,,
,,,,,,,
,,,,,,,
4.580,,,,,,,
,,,,,,,
,,,,,,,
,,,,,,,
,,,,,,,
,,,,,,,
,,,,,,,
4.740,,,,,,,
,,,,,,,
,,,,,,,
,,,,,,,
,,,,,,,
,,,,,,,
,,,,,,,
4.650,,,,,,,
,,,,,,,
,,,,,,,
,,,,,,,
,,,,,,,
,,,,,,,
,,,,,,,
5.090,,,,,,,
,,,,,,,
,,,,,,,
,,,,,,,
,,,,,,,
,,,,,,,
,,,,,,,
8.610,,,,,,,
,,,,,,,
,,,,,,,
,,,,,,,
,,,,,,,
,,,,,,,
,,,,,,,
8.700,,,,,,,
8.790,,,,,,,
,,,,,,,
,,,,,,,
,,,,,,,
,,,,,,,
,,,,,,,
,,,,,,,
,,,,,,,
,,,,,,,
8.660,,,,,,,
8.830,,,,,,,
,,,,,,,
,,,,,,,
,,,,,,,
,,,,,,,
,,,,,,,
,,,,,,,
,,,,,,,
,,,,,,,
4.830,,,,,,,
,,,,,,,
,,,,,,,
,,,,,,,
,,,,,,,
,,,,,,,
,,,,,,,
4.920,,,,,,,
,,,,,,,
,,,,,,,
,,,,,,,
,,,,,,,
,,,,,,,
,,,,,,,
4.855,,,,,,,
,,,,,,,
,,,,,,,
,,,,,,,
,,,,,,,
,,,,,,,
,,,,,,,
4.745,,,,,,,
,,,,,,,
,,,,,,,
,,,,,,,
,,,,,,,
,,,,,,,
,,,,,,,
4.670,,,,,,,
,,,,,,,
,,,,,,,
,,,,,,,
,,,,,,,
,,,,,,,
,,,,,,,
4.715,,,,,,,
,,,,,,,
,,,,,,,
,,,,,,,
,,,,,,,
,,,,,,,
,,,,,,,
4.730,,,,,,,
,,,,,,,
,,,,,,,
,,,,,,,
,,,,,,,
,,,,,,,
,,,,,,,
4.310,,,,,,,
,,,,,,,
,,,,,,,
,,,,,,,
,,,,,,,
,,,,,,,
,,,,,,,
4.250,,,,,,,
,,,,,,,
,,,,,,,
,,,,,,,
,,,,,,,
,,,,,,,
,,,,,,,
4.240,,,,,,,
,,,,,,,
,,,,,,,
,,,,,,,
,,,,,,,
,,,,,,,
,,,,,,,
4.580,,,,,,,
,,,,,,,
,,,,,,,
,,,,,,,
,,,,,,,
,,,,,,,
,,,,,,,
4.480,,,,,,,
,,,,,,,
,,,,,,,
,,,,,,,
,,,,,,,
,,,,,,,
,,,,,,,
4.100,,,,,,,
,,,,,,,
,,,,,,,
,,,,,,,
,,,,,,,
,,,,,,,
,,,,,,,
4.170,,,,,,,
,,,,,,,
,,,,,,,
,,,,,,,
,,,,,,,
,,,,,,,
,,,,,,,
3.895,,,,,,,
,,,,,,,
,,,,,,,
,,,,,,,
,,,,,,,
,,,,,,,
,,,,,,,
4.465,,,,,,,
,,,,,,,
,,,,,,,
,,,,,,,
,,,,,,,
,,,,,,,
,,,,,,,
4.285,,,,,,,
,,,,,,,
,,,,,,,
,,,,,,,
,,,,,,,
,,,,,,,
,,,,,,,
4.440,,,,,,,
,,,,,,,
,,,,,,,
,,,,,,,
,,,,,,,
,,,,,,,
,,,,,,,
4.400,,,,,,,
,,,,,,,
,,,,,,,
,,,,,,,
,,,,,,,
,,,,,,,
,,,,,,,
4.590,,,,,,,
,,,,,,,
,,,,,,,
,,,,,,,
,,,,,,,
,,,,,,,
,,,,,,,
4.605,,,,,,,
,,,,,,,
,,,,,,,
,,,,,,,
,,,,,,,
,,,,,,,
,,,,,,,
4.535,,,,,,,
,,,,,,,
,,,,,,,
,,,,,,,
,,,,,,,
,,,,,,,
,,,,,,,
4.300,,,,,,,
,,,,,,,
,,,,,,,
,,,,,,,
,,,,,,,
,,,,,,,
,,,,,,,
4.245,,,,,,,
,,,,,,,
,,,,,,,
,,,,,,,
,,,,,,,
,,,,,,,
,,,,,,,
5.935,,,,,,,
,,,,,,,
,,,,,,,
,,,,,,,
,,,,,,,
,,,,,,,
,,,,,,,
5.657,,,,,,,
,,,,,,,
,,,,,,,
,,,,,,,
,,,,,,,
,,,,,,,
,,,,,,,
4.473,,,,,,,
,,,,,,,
,,,,,,,
,,,,,,,
,,,,,,,
,,,,,,,
,,,,,,,
5.257,,,,,,,
,,,,,,,
,,,,,,,
,,,,,,,
,,,,,,,
,,,,,,,
,,,,,,,
4.640,,,,,,,
,,,,,,,
,,,,,,,
,,,,,,,
,,,,,,,
,,,,,,,
,,,,,,,
4.350,,,,,,,
,,,,,,,
,,,,,,,
,,,,,,,
,,,,,,,
,,,,,,,
,,,,,,,
6.775,,,,,,,
,,,,,,,
,,,,,,,
,,,,,,,
,,,,,,,
,,,,,,,
,,,,,,,
5.835,,,,,,,
,,,,,,,
,,,,,,,
,,,,,,,
,,,,,,,
,,,,,,,
,,,,,,,
4.275,,,,,,,
,,,,,,,
,,,,,,,
,,,,,,,
,,,,,,,
,,,,,,,
,,,,,,,
4.615,,,,,,,
,,,,,,,
,,,,,,,
,,,,,,,
,,,,,,,
,,,,,,,
,,,,,,,
4.695,,,,,,,
,,,,,,,
,,,,,,,
,,,,,,,
,,,,,,,
,,,,,,,
,,,,,,,
4.705,,,,,,,
,,,,,,,
,,,,,,,
,,,,,,,
,,,,,,,
,,,,,,,
,,,,,,,
4.480,,,,,,,
,,,,,,,
,,,,,,,
,,,,,,,
,,,,,,,
,,,,,,,
,,,,,,,
4.410,,,,,,,
,,,,,,,
,,,,,,,
,,,,,,,
,,,,,,,
,,,,,,,
,,,,,,,
4.835,,,,,,,
,,,,,,,
,,,,,,,
,,,,,,,
,,,,,,,
,,,,,,,
,,,,,,,
4.345,,,,,,,
,,,,,,,
,,,,,,,
,,,,,,,
,,,,,,,
,,,,,,,
,,,,,,,
5.075,,,,,,,
,,,,,,,
,,,,,,,
,,,,,,,
,,,,,,,
,,,,,,,
,,,,,,,
4.475,,,,,,,
,,,,,,,
,,,,,,,
,,,,,,,
,,,,,,,
,,,,,,,
,,,,,,,
4.565,,,,,,,
,,,,,,,
,,,,,,,
,,,,,,,
,,,,,,,
,,,,,,,
,,,,,,,
4.230,,,,,,,
,,,,,,,
,,,,,,,
,,,,,,,
,,,,,,,
,,,,,,,
,,,,,,,
4.545,,,,,,,
,,,,,,,
,,,,,,,
,,,,,,,
,,,,,,,
,,,,,,,
,,,,,,,
4.325,,,,,,,
,,,,,,,
,,,,,,,
,,,,,,,
,,,,,,,
,,,,,,,
,,,,,,,
4.225,,,,,,,
,,,,,,,
,,,,,,,
,,,,,,,
,,,,,,,
,,,,,,,
,,,,,,,
5.355,,,,,,,
,,,,,,,
,,,,,,,
,,,,,,,
,,,,,,,
,,,,,,,
,,,,,,,
4.635,,,,,,,
,,,,,,,
,,,,,,,
,,,,,,,
,,,,,,,
,,,,,,,
,,,,,,,
6.795,,,,,,,
,,,,,,,
,,,,,,,
,,,,,,,
,,,,,,,
,,,,,,,
,,,,,,,
4.380,,,,,,,
,,,,,,,
,,,,,,,
,,,,,,,
,,,,,,,
,,,,,,,
,,,,,,,
4.165,,,,,,,
,,,,,,,
,,,,,,,
,,,,,,,
,,,,,,,
,,,,,,,
,,,,,,,
4.385,,,,,,,
,,,,,,,
,,,,,,,
,,,,,,,
,,,,,,,
,,,,,,,
,,,,,,,
4.265,,,,,,,
,,,,,,,
,,,,,,,
,,,,,,,
,,,,,,,
,,,,,,,
,,,,,,,
5.320,,,,,,,
,,,,,,,
,,,,,,,
,,,,,,,
,,,,,,,
,,,,,,,
,,,,,,,
4.645,,,,,,,
,,,,,,,
,,,,,,,
,,,,,,,
,,,,,,,
,,,,,,,
,,,,,,,
4.685,,,,,,,
,,,,,,,
,,,,,,,
,,,,,,,
,,,,,,,
,,,,,,,
,,,,,,,
5.135,,,,,,,
,,,,,,,
,,,,,,,
,,,,,,,
,,,,,,,
,,,,,,,
,,,,,,,
5.150,,,,,,,
,,,,,,,
,,,,,,,
,,,,,,,
,,,,,,,
,,,,,,,
,,,,,,,
4.895,,,,,,,
,,,,,,,
,,,,,,,
,,,,,,,
,,,,,,,
,,,,,,,
,,,,,,,
4.325,,,,,,,
,,,,,,,
,,,,,,,
,,,,,,,
,,,,,,,
,,,,,,,
,,,,,,,
4.335,,,,,,,
,,,,,,,
,,,,,,,
,,,,,,,
,,,,,,,
,,,,,,,
,,,,,,,
4.610,,,,,,,
,,,,,,,
,,,,,,,
,,,,,,,
,,,,,,,
,,,,,,,
,,,,,,,
4.683,,,,,,,
,,,,,,,
,,,,,,,
,,,,,,,
,,,,,,,
,,,,,,,
,,,,,,,
4.350,,,,,,,
,,,,,,,
,,,,,,,
,,,,,,,
,,,,,,,
,,,,,,,
,,,,,,,
5.040,,,,,,,
,,,,,,,
,,,,,,,
,,,,,,,
,,,,,,,
,,,,,,,
,,,,,,,
4.835,,,,,,,
,,,,,,,
,,,,,,,
,,,,,,,
,,,,,,,
,,,,,,,
,,,,,,,
4.695,,,,,,,
4.700,,,,,,,
,,,,,,,
,,,,,,,
,,,,,,,
,,,,,,,
,,,,,,,
,,,,,,,
,,,,,,,
,,,,,,,
5.020,,,,,,,
,,,,,,,
,,,,,,,
,,,,,,,
,,,,,,,
,,,,,,,
,,,,,,,
4.635,,,,,,,
,,,,,,,
,,,,,,,
,,,,,,,
,,,,,,,
,,,,,,,
,,,,,,,
4.565,,,,,,,
,,,,,,,
,,,,,,,
,,,,,,,
,,,,,,,
,,,,,,,
,,,,,,,
4.610,,,,,,,
,,,,,,,
,,,,,,,
,,,,,,,
,,,,,,,
,,,,,,,
,,,,,,,
4.845,,,,,,,
,,,,,,,
,,,,,,,
,,,,,,,
,,,,,,,
,,,,,,,
,,,,,,,
4.660,,,,,,,
,,,,,,,
,,,,,,,
,,,,,,,
,,,,,,,
,,,,,,,
,,,,,,,
4.640,,,,,,,
,,,,,,,
,,,,,,,
,,,,,,,
,,,,,,,
,,,,,,,
,,,,,,,
5.390,,,,,,,
,,,,,,,
,,,,,,,
,,,,,,,
,,,,,,,
,,,,,,,
,,,,,,,
4.740,,,,,,,
,,,,,,,
,,,,,,,
,,,,,,,
,,,,,,,
,,,,,,,
,,,,,,,
4.650,,,,,,,
,,,,,,,
,,,,,,,
,,,,,,,
,,,,,,,
,,,,,,,
,,,,,,,
4.770,,,,,,,
,,,,,,,
,,,,,,,
,,,,,,,
,,,,,,,
,,,,,,,
,,,,,,,
6.195,,,,,,,
,,,,,,,
,,,,,,,
,,,,,,,
,,,,,,,
,,,,,,,
,,,,,,,
4.340,,,,,,,
4.155,,,,,,,
,,,,,,,
,,,,,,,
,,,,,,,
,,,,,,,
,,,,,,,
,,,,,,,
,,,,,,,
,,,,,,,
4.620,,,,,,,
,,,,,,,
,,,,,,,
,,,,,,,
,,,,,,,
,,,,,,,
,,,,,,,
8.795,,,,,,,
,,,,,,,
,,,,,,,
,,,,,,,
,,,,,,,
,,,,,,,
,,,,,,,
4.655,,,,,,,
,,,,,,,
,,,,,,,
,,,,,,,
,,,,,,,
,,,,,,,
,,,,,,,
4.540,,,,,,,
,,,,,,,
,,,,,,,
,,,,,,,
,,,,,,,
,,,,,,,
,,,,,,,
4.715,,,,,,,
,,,,,,,
,,,,,,,
,,,,,,,
,,,,,,,
,,,,,,,
,,,,,,,
4.605,,,,,,,
,,,,,,,
,,,,,,,
,,,,,,,
,,,,,,,
,,,,,,,
,,,,,,,
4.835,,,,,,,
,,,,,,,
,,,,,,,
,,,,,,,
,,,,,,,
,,,,,,,
,,,,,,,
5.473,,,,,,,
,,,,,,,
,,,,,,,
,,,,,,,
,,,,,,,
,,,,,,,
,,,,,,,
4.800,,,,,,,
,,,,,,,
,,,,,,,
,,,,,,,
,,,,,,,
,,,,,,,
,,,,,,,
4.955,,,,,,,
,,,,,,,
,,,,,,,
,,,,,,,
,,,,,,,
,,,,,,,
,,,,,,,
4.845,,,,,,,
,,,,,,,
,,,,,,,
,,,,,,,
,,,,,,,
,,,,,,,
,,,,,,,
4.375,,,,,,,
,,,,,,,
,,,,,,,
,,,,,,,
,,,,,,,
,,,,,,,
,,,,,,,
5.635,,,,,,,
,,,,,,,
,,,,,,,
,,,,,,,
,,,,,,,
,,,,,,,
,,,,,,,
4.575,,,,,,,
,,,,,,,
,,,,,,,
,,,,,,,
,,,,,,,
,,,,,,,
,,,,,,,
4.245,,,,,,,
,,,,,,,
,,,,,,,
,,,,,,,
,,,,,,,
,,,,,,,
,,,,,,,
5.235,,,,,,,
,,,,,,,
,,,,,,,
,,,,,,,
,,,,,,,
,,,,,,,
,,,,,,,
4.735,,,,,,,
4.580,,,,,,,
,,,,,,,
,,,,,,,
,,,,,,,
,,,,,,,
,,,,,,,
,,,,,,,
,,,,,,,
,,,,,,,
,,,,,,,
5.010,,,,,,,
,,,,,,,
,,,,,,,
,,,,,,,
,,,,,,,
,,,,,,,
,,,,,,,
4.720,,,,,,,
5.025,,,,,,,
,,,,,,,
,,,,,,,
,,,,,,,
,,,,,,,
,,,,,,,
,,,,,,,
,,,,,,,
,,,,,,,
4.855,,,,,,,
4.705,,,,,,,
,,,,,,,
,,,,,,,
,,,,,,,
,,,,,,,
,,,,,,,
,,,,,,,
,,,,,,,
,,,,,,,
4.735,,,,,,,
,,,,,,,
,,,,,,,
,,,,,,,
,,,,,,,
,,,,,,,
,,,,,,,
4.515,,,,,,,
,,,,,,,
,,,,,,,
,,,,,,,
,,,,,,,
,,,,,,,
,,,,,,,
4.660,,,,,,,
,,,,,,,
,,,,,,,
,,,,,,,
,,,,,,,
,,,,,,,
,,,,,,,
5.490,,,,,,,
,,,,,,,
,,,,,,,
,,,,,,,
,,,,,,,
,,,,,,,
,,,,,,,
4.855,,,,,,,
,,,,,,,
,,,,,,,
,,,,,,,
,,,,,,,
,,,,,,,
,,,,,,,
4.345,,,,,,,
,,,,,,,
,,,,,,,
,,,,,,,
,,,,,,,
,,,,,,,
,,,,,,,
4.755,,,,,,,
,,,,,,,
,,,,,,,
,,,,,,,
,,,,,,,
,,,,,,,
,,,,,,,
3.935,,,,,,,
,,,,,,,
,,,,,,,
,,,,,,,
,,,,,,,
,,,,,,,
,,,,,,,
5.730,,,,,,,
,,,,,,,
,,,,,,,
,,,,,,,
,,,,,,,
,,,,,,,
,,,,,,,
4.655,,,,,,,
,,,,,,,
,,,,,,,
,,,,,,,
,,,,,,,
,,,,,,,
,,,,,,,
5.320,,,,,,,
,,,,,,,
,,,,,,,
,,,,,,,
,,,,,,,
,,,,,,,
,,,,,,,
4.690,,,,,,,
,,,,,,,
,,,,,,,
,,,,,,,
,,,,,,,
,,,,,,,
,,,,,,,
4.455,,,,,,,
,,,,,,,
,,,,,,,
,,,,,,,
,,,,,,,
,,,,,,,
,,,,,,,
8.640,,,,,,,
4.920,,,,,,,
,,,,,,,
,,,,,,,
,,,,,,,
,,,,,,,
,,,,,,,
,,,,,,,
,,,,,,,
,,,,,,,
5.025,,,,,,,
,,,,,,,
,,,,,,,
,,,,,,,
,,,,,,,
,,,,,,,
,,,,,,,
4.770,,,,,,,
,,,,,,,
,,,,,,,
,,,,,,,
,,,,,,,
,,,,,,,
,,,,,,,
4.895,,,,,,,
,,,,,,,
,,,,,,,
,,,,,,,
,,,,,,,
,,,,,,,
,,,,,,,
5.280,,,,,,,
,,,,,,,
,,,,,,,
,,,,,,,
,,,,,,,
,,,,,,,
,,,,,,,
5.165,,,,,,,
,,,,,,,
,,,,,,,
,,,,,,,
,,,,,,,
,,,,,,,
,,,,,,,
5.270,,,,,,,
,,,,,,,
,,,,,,,
,,,,,,,
,,,,,,,
,,,,,,,
,,,,,,,
4.840,,,,,,,
,,,,,,,
,,,,,,,
,,,,,,,
,,,,,,,
,,,,,,,
,,,,,,,
4.910,,,,,,,
,,,,,,,
,,,,,,,
,,,,,,,
,,,,,,,
,,,,,,,
,,,,,,,
4.840,,,,,,,
,,,,,,,
,,,,,,,
,,,,,,,
,,,,,,,
,,,,,,,
,,,,,,,
7.190,,,,,,,
,,,,,,,
,,,,,,,
,,,,,,,
,,,,,,,
,,,,,,,
,,,,,,,
4.640,,,,,,,
,,,,,,,
,,,,,,,
,,,,,,,
,,,,,,,
,,,,,,,
,,,,,,,
4.455,,,,,,,
,,,,,,,
,,,,,,,
,,,,,,,
,,,,,,,
,,,,,,,
,,,,,,,
4.795,,,,,,,
,,,,,,,
,,,,,,,
,,,,,,,
,,,,,,,
,,,,,,,
,,,,,,,
5.905,,,,,,,
,,,,,,,
,,,,,,,
,,,,,,,
,,,,,,,
,,,,,,,
,,,,,,,
5.045,,,,,,,
,,,,,,,
,,,,,,,
,,,,,,,
,,,,,,,
,,,,,,,
,,,,,,,
5.830,,,,,,,
,,,,,,,
,,,,,,,
,,,,,,,
,,,,,,,
,,,,,,,
,,,,,,,
4.755,,,,,,,
,,,,,,,
,,,,,,,
,,,,,,,
,,,,,,,
,,,,,,,
,,,,,,,
4.950,,,,,,,
,,,,,,,
,,,,,,,
,,,,,,,
,,,,,,,
,,,,,,,
,,,,,,,
5.100,,,,,,,
,,,,,,,
,,,,,,,
,,,,,,,
,,,,,,,
,,,,,,,
,,,,,,,
4.935,,,,,,,
,,,,,,,
,,,,,,,
,,,,,,,
,,,,,,,
,,,,,,,
,,,,,,,
4.770,,,,,,,
,,,,,,,
,,,,,,,
,,,,,,,
,,,,,,,
,,,,,,,
,,,,,,,
4.760,,,,,,,
,,,,,,,
,,,,,,,
,,,,,,,
,,,,,,,
,,,,,,,
,,,,,,,
5.690,,,,,,,
,,,,,,,
,,,,,,,
,,,,,,,
,,,,,,,
,,,,,,,
,,,,,,,
4.715,,,,,,,
,,,,,,,
,,,,,,,
,,,,,,,
,,,,,,,
,,,,,,,
,,,,,,,
4.760,,,,,,,
,,,,,,,
,,,,,,,
,,,,,,,
,,,,,,,
,,,,,,,
,,,,,,,
5.005,,,,,,,
,,,,,,,
,,,,,,,
,,,,,,,
,,,,,,,
,,,,,,,
,,,,,,,
4.550,,,,,,,
,,,,,,,
,,,,,,,
,,,,,,,
,,,,,,,
,,,,,,,
,,,,,,,
6.990,,,,,,,
,,,,,,,
,,,,,,,
,,,,,,,
,,,,,,,
,,,,,,,
,,,,,,,
4.730,,,,,,,
,,,,,,,
,,,,,,,
,,,,,,,
,,,,,,,
,,,,,,,
,,,,,,,
4.745,,,,,,,
,,,,,,,
,,,,,,,
,,,,,,,
,,,,,,,
,,,,,,,
,,,,,,,
4.805,,,,,,,
,,,,,,,
,,,,,,,
,,,,,,,
,,,,,,,
,,,,,,,
,,,,,,,
4.870,,,,,,,
,,,,,,,
,,,,,,,
,,,,,,,
,,,,,,,
,,,,,,,
,,,,,,,
4.710,,,,,,,
,,,,,,,
,,,,,,,
,,,,,,,
,,,,,,,
,,,,,,,
,,,,,,,
4.680,,,,,,,
,,,,,,,
,,,,,,,
,,,,,,,
,,,,,,,
,,,,,,,
,,,,,,,
4.475,,,,,,,
,,,,,,,
,,,,,,,
,,,,,,,
,,,,,,,
,,,,,,,
,,,,,,,
7.435,,,,,,,
,,,,,,,
,,,,,,,
,,,,,,,
,,,,,,,
,,,,,,,
,,,,,,,
4.630,,,,,,,
,,,,,,,
,,,,,,,
,,,,,,,
,,,,,,,
,,,,,,,
,,,,,,,
5.205,,,,,,,
,,,,,,,
,,,,,,,
,,,,,,,
,,,,,,,
,,,,,,,
,,,,,,,
4.820,,,,,,,
,,,,,,,
,,,,,,,
,,,,,,,
,,,,,,,
,,,,,,,
,,,,,,,
4.940,,,,,,,
,,,,,,,
,,,,,,,
,,,,,,,
,,,,,,,
,,,,,,,
,,,,,,,
4.630,,,,,,,
,,,,,,,
,,,,,,,
,,,,,,,
,,,,,,,
,,,,,,,
,,,,,,,
4.545,,,,,,,
,,,,,,,
,,,,,,,
,,,,,,,
,,,,,,,
,,,,,,,
,,,,,,,
6.425,,,,,,,
,,,,,,,
,,,,,,,
,,,,,,,
,,,,,,,
,,,,,,,
,,,,,,,
4.870,,,,,,,
,,,,,,,
,,,,,,,
,,,,,,,
,,,,,,,
,,,,,,,
,,,,,,,
4.580,,,,,,,
,,,,,,,
,,,,,,,
,,,,,,,
,,,,,,,
,,,,,,,
,,,,,,,
4.745,,,,,,,
,,,,,,,
,,,,,,,
,,,,,,,
,,,,,,,
,,,,,,,
,,,,,,,
5.995,,,,,,,
,,,,,,,
,,,,,,,
,,,,,,,
,,,,,,,
,,,,,,,
,,,,,,,
4.950,,,,,,,
,,,,,,,
,,,,,,,
,,,,,,,
,,,,,,,
,,,,,,,
,,,,,,,
7.415,,,,,,,
,,,,,,,
,,,,,,,
,,,,,,,
,,,,,,,
,,,,,,,
,,,,,,,
4.820,,,,,,,
,,,,,,,
,,,,,,,
,,,,,,,
,,,,,,,
,,,,,,,
,,,,,,,
4.930,,,,,,,
,,,,,,,
,,,,,,,
,,,,,,,
,,,,,,,
,,,,,,,
,,,,,,,
4.675,,,,,,,
,,,,,,,
,,,,,,,
,,,,,,,
,,,,,,,
,,,,,,,
,,,,,,,
4.690,,,,,,,
,,,,,,,
,,,,,,,
,,,,,,,
,,,,,,,
,,,,,,,
,,,,,,,
4.870,,,,,,,
,,,,,,,
,,,,,,,
,,,,,,,
,,,,,,,
,,,,,,,
,,,,,,,
5.050,,,,,,,
,,,,,,,
,,,,,,,
,,,,,,,
,,,,,,,
,,,,,,,
,,,,,,,
5.035,,,,,,,
,,,,,,,
,,,,,,,
,,,,,,,
,,,,,,,
,,,,,,,
,,,,,,,
5.020,,,,,,,
,,,,,,,
,,,,,,,
,,,,,,,
,,,,,,,
,,,,,,,
,,,,,,,
4.960,,,,,,,
,,,,,,,
,,,,,,,
,,,,,,,
,,,,,,,
,,,,,,,
,,,,,,,
5.605,,,,,,,
,,,,,,,
,,,,,,,
,,,,,,,
,,,,,,,
,,,,,,,
,,,,,,,
5.855,,,,,,,
,,,,,,,
,,,,,,,
,,,,,,,
,,,,,,,
,,,,,,,
,,,,,,,
4.660,,,,,,,
,,,,,,,
,,,,,,,
,,,,,,,
,,,,,,,
,,,,,,,
,,,,,,,
5.060,,,,,,,
,,,,,,,
,,,,,,,
,,,,,,,
,,,,,,,
,,,,,,,
,,,,,,,
4.795,,,,,,,
,,,,,,,
,,,,,,,
,,,,,,,
,,,,,,,
,,,,,,,
,,,,,,,
5.520,,,,,,,
,,,,,,,
,,,,,,,
,,,,,,,
,,,,,,,
,,,,,,,
,,,,,,,
5.375,,,,,,,
,,,,,,,
,,,,,,,
,,,,,,,
,,,,,,,
,,,,,,,
,,,,,,,
4.840,,,,,,,
,,,,,,,
,,,,,,,
,,,,,,,
,,,,,,,
,,,,,,,
,,,,,,,
5.340,,,,,,,
,,,,,,,
,,,,,,,
,,,,,,,
,,,,,,,
,,,,,,,
,,,,,,,
4.585,,,,,,,
,,,,,,,
,,,,,,,
,,,,,,,
,,,,,,,
,,,,,,,
,,,,,,,
4.730,,,,,,,
,,,,,,,
,,,,,,,
,,,,,,,
,,,,,,,
,,,,,,,
,,,,,,,
4.910,,,,,,,
,,,,,,,
,,,,,,,
,,,,,,,
,,,,,,,
,,,,,,,
,,,,,,,
4.890,,,,,,,
,,,,,,,
,,,,,,,
,,,,,,,
,,,,,,,
,,,,,,,
,,,,,,,
4.940,,,,,,,
,,,,,,,
,,,,,,,
,,,,,,,
,,,,,,,
,,,,,,,
,,,,,,,
5.120,,,,,,,
,,,,,,,
,,,,,,,
,,,,,,,
,,,,,,,
,,,,,,,
,,,,,,,
5.440,,,,,,,
,,,,,,,
,,,,,,,
,,,,,,,
,,,,,,,
,,,,,,,
,,,,,,,
5.015,,,,,,,
4.960,,,,,,,
,,,,,,,
,,,,,,,
,,,,,,,
,,,,,,,
,,,,,,,
,,,,,,,
,,,,,,,
,,,,,,,
5.105,,,,,,,
,,,,,,,
,,,,,,,
,,,,,,,
,,,,,,,
,,,,,,,
,,,,,,,
4.910,,,,,,,
,,,,,,,
,,,,,,,
,,,,,,,
,,,,,,,
,,,,,,,
,,,,,,,
7.330,,,,,,,
,,,,,,,
,,,,,,,
,,,,,,,
,,,,,,,
,,,,,,,
,,,,,,,
4.800,,,,,,,
4.750,,,,,,,
,,,,,,,
,,,,,,,
,,,,,,,
,,,,,,,
,,,,,,,
,,,,,,,
,,,,,,,
,,,,,,,
5.060,,,,,,,
,,,,,,,
,,,,,,,
,,,,,,,
,,,,,,,
,,,,,,,
,,,,,,,
4.795,,,,,,,
,,,,,,,
,,,,,,,
,,,,,,,
,,,,,,,
,,,,,,,
,,,,,,,
4.845,,,,,,,
,,,,,,,
,,,,,,,
,,,,,,,
,,,,,,,
,,,,,,,
,,,,,,,
6.520,,,,,,,
,,,,,,,
,,,,,,,
,,,,,,,
,,,,,,,
,,,,,,,
,,,,,,,
6.093,,,,,,,
,,,,,,,
,,,,,,,
,,,,,,,
,,,,,,,
,,,,,,,
,,,,,,,
4.875,,,,,,,
,,,,,,,
,,,,,,,
,,,,,,,
,,,,,,,
,,,,,,,
,,,,,,,
4.825,,,,,,,
,,,,,,,
,,,,,,,
,,,,,,,
,,,,,,,
,,,,,,,
,,,,,,,
5.310,,,,,,,
,,,,,,,
,,,,,,,
,,,,,,,
,,,,,,,
,,,,,,,
,,,,,,,
4.915,,,,,,,
,,,,,,,
,,,,,,,
,,,,,,,
,,,,,,,
,,,,,,,
,,,,,,,
4.990,,,,,,,
4.840,,,,,,,
,,,,,,,
,,,,,,,
,,,,,,,
,,,,,,,
,,,,,,,
,,,,,,,
,,,,,,,
,,,,,,,
5.310,,,,,,,
4.665,,,,,,,
,,,,,,,
,,,,,,,
,,,,,,,
,,,,,,,
,,,,,,,
,,,,,,,
,,,,,,,
,,,,,,,
4.820,,,,,,,
,,,,,,,
,,,,,,,
,,,,,,,
,,,,,,,
,,,,,,,
,,,,,,,
5.090,,,,,,,
,,,,,,,
,,,,,,,
,,,,,,,
,,,,,,,
,,,,,,,
,,,,,,,
4.665,,,,,,,
,,,,,,,
,,,,,,,
,,,,,,,
,,,,,,,
,,,,,,,
,,,,,,,
4.550,,,,,,,
,,,,,,,
,,,,,,,
,,,,,,,
,,,,,,,
,,,,,,,
,,,,,,,
4.655,,,,,,,
,,,,,,,
,,,,,,,
,,,,,,,
,,,,,,,
,,,,,,,
,,,,,,,
5.375,,,,,,,
,,,,,,,
,,,,,,,
,,,,,,,
,,,,,,,
,,,,,,,
,,,,,,,
6.385,,,,,,,
,,,,,,,
,,,,,,,
,,,,,,,
,,,,,,,
,,,,,,,
,,,,,,,
4.680,,,,,,,
,,,,,,,
,,,,,,,
,,,,,,,
,,,,,,,
,,,,,,,
,,,,,,,
4.510,,,,,,,
,,,,,,,
,,,,,,,
,,,,,,,
,,,,,,,
,,,,,,,
,,,,,,,
4.485,,,,,,,
,,,,,,,
,,,,,,,
,,,,,,,
,,,,,,,
,,,,,,,
,,,,,,,
5.995,,,,,,,
,,,,,,,
,,,,,,,
,,,,,,,
,,,,,,,
,,,,,,,
,,,,,,,
5.035,,,,,,,
,,,,,,,
,,,,,,,
,,,,,,,
,,,,,,,
,,,,,,,
,,,,,,,
4.615,,,,,,,
,,,,,,,
,,,,,,,
,,,,,,,
,,,,,,,
,,,,,,,
,,,,,,,
5.647,,,,,,,
,,,,,,,
,,,,,,,
,,,,,,,
,,,,,,,
,,,,,,,
,,,,,,,
4.665,,,,,,,
,,,,,,,
,,,,,,,
,,,,,,,
,,,,,,,
,,,,,,,
,,,,,,,
5.900,,,,,,,
,,,,,,,
,,,,,,,
,,,,,,,
,,,,,,,
,,,,,,,
,,,,,,,
4.470,,,,,,,
,,,,,,,
,,,,,,,
,,,,,,,
,,,,,,,
,,,,,,,
,,,,,,,
5.390,,,,,,,
,,,,,,,
,,,,,,,
,,,,,,,
,,,,,,,
,,,,,,,
,,,,,,,
4.455,,,,,,,
,,,,,,,
,,,,,,,
,,,,,,,
,,,,,,,
,,,,,,,
,,,,,,,
4.730,,,,,,,
,,,,,,,
,,,,,,,
,,,,,,,
,,,,,,,
,,,,,,,
,,,,,,,
5.075,,,,,,,
,,,,,,,
,,,,,,,
,,,,,,,
,,,,,,,
,,,,,,,
,,,,,,,
4.845,,,,,,,
,,,,,,,
,,,,,,,
,,,,,,,
,,,,,,,
,,,,,,,
,,,,,,,
5.545,,,,,,,
,,,,,,,
,,,,,,,
,,,,,,,
,,,,,,,
,,,,,,,
,,,,,,,
4.610,,,,,,,
,,,,,,,
,,,,,,,
,,,,,,,
,,,,,,,
,,,,,,,
,,,,,,,
5.255,,,,,,,
,,,,,,,
,,,,,,,
,,,,,,,
,,,,,,,
,,,,,,,
,,,,,,,
5.275,,,,,,,
,,,,,,,
,,,,,,,
,,,,,,,
,,,,,,,
,,,,,,,
,,,,,,,
5.610,,,,,,,
,,,,,,,
,,,,,,,
,,,,,,,
,,,,,,,
,,,,,,,
,,,,,,,
4.860,,,,,,,
,,,,,,,
,,,,,,,
,,,,,,,
,,,,,,,
,,,,,,,
,,,,,,,
4.535,,,,,,,
,,,,,,,
,,,,,,,
,,,,,,,
,,,,,,,
,,,,,,,
,,,,,,,
5.075,,,,,,,
,,,,,,,
,,,,,,,
,,,,,,,
,,,,,,,
,,,,,,,
,,,,,,,
4.855,,,,,,,
,,,,,,,
,,,,,,,
,,,,,,,
,,,,,,,
,,,,,,,
,,,,,,,
5.647,,,,,,,
,,,,,,,
,,,,,,,
,,,,,,,
,,,,,,,
,,,,,,,
,,,,,,,
4.865,,,,,,,
,,,,,,,
,,,,,,,
,,,,,,,
,,,,,,,
,,,,,,,
,,,,,,,
5.710,,,,,,,
,,,,,,,
,,,,,,,
,,,,,,,
,,,,,,,
,,,,,,,
,,,,,,,
8.690,,,,,,,
5.100,,,,,,,
,,,,,,,
,,,,,,,
,,,,,,,
,,,,,,,
,,,,,,,
,,,,,,,
,,,,,,,
,,,,,,,
5.705,,,,,,,
,,,,,,,
,,,,,,,
,,,,,,,
,,,,,,,
,,,,,,,
,,,,,,,
5.460,,,,,,,
,,,,,,,
,,,,,,,
,,,,,,,
,,,,,,,
,,,,,,,
,,,,,,,
4.895,,,,,,,
5.340,,,,,,,
,,,,,,,
,,,,,,,
,,,,,,,
,,,,,,,
,,,,,,,
,,,,,,,
,,,,,,,
,,,,,,,
4.980,,,,,,,
4.565,,,,,,,
,,,,,,,
,,,,,,,
,,,,,,,
,,,,,,,
,,,,,,,
,,,,,,,
,,,,,,,
,,,,,,,
5.045,,,,,,,
,,,,,,,
,,,,,,,
,,,,,,,
,,,,,,,
,,,,,,,
,,,,,,,
4.740,,,,,,,
,,,,,,,
,,,,,,,
,,,,,,,
,,,,,,,
,,,,,,,
,,,,,,,
8.245,,,,,,,
,,,,,,,
,,,,,,,
,,,,,,,
,,,,,,,
,,,,,,,
,,,,,,,
4.615,,,,,,,
,,,,,,,
,,,,,,,
,,,,,,,
,,,,,,,
,,,,,,,
,,,,,,,
4.695,,,,,,,
,,,,,,,
,,,,,,,
,,,,,,,
,,,,,,,
,,,,,,,
,,,,,,,
6.010,,,,,,,
,,,,,,,
,,,,,,,
,,,,,,,
,,,,,,,
,,,,,,,
,,,,,,,
4.860,,,,,,,
,,,,,,,
,,,,,,,
,,,,,,,
,,,,,,,
,,,,,,,
,,,,,,,
5.445,,,,,,,
,,,,,,,
,,,,,,,
,,,,,,,
,,,,,,,
,,,,,,,
,,,,,,,
4.760,,,,,,,
,,,,,,,
,,,,,,,
,,,,,,,
,,,,,,,
,,,,,,,
,,,,,,,
5.695,,,,,,,
,,,,,,,
,,,,,,,
,,,,,,,
,,,,,,,
,,,,,,,
,,,,,,,
4.700,,,,,,,
,,,,,,,
,,,,,,,
,,,,,,,
,,,,,,,
,,,,,,,
,,,,,,,
4.855,,,,,,,
,,,,,,,
,,,,,,,
,,,,,,,
,,,,,,,
,,,,,,,
,,,,,,,
5.160,,,,,,,
,,,,,,,
,,,,,,,
,,,,,,,
,,,,,,,
,,,,,,,
,,,,,,,
4.800,,,,,,,
,,,,,,,
,,,,,,,
,,,,,,,
,,,,,,,
,,,,,,,
,,,,,,,
4.620,,,,,,,
,,,,,,,
,,,,,,,
,,,,,,,
,,,,,,,
,,,,,,,
,,,,,,,
5.000,,,,,,,
,,,,,,,
,,,,,,,
,,,,,,,
,,,,,,,
,,,,,,,
,,,,,,,
4.730,,,,,,,
,,,,,,,
,,,,,,,
,,,,,,,
,,,,,,,
,,,,,,,
,,,,,,,
4.595,,,,,,,
,,,,,,,
,,,,,,,
,,,,,,,
,,,,,,,
,,,,,,,
,,,,,,,
4.890,,,,,,,
,,,,,,,
,,,,,,,
,,,,,,,
,,,,,,,
,,,,,,,
,,,,,,,
4.890,,,,,,,
,,,,,,,
,,,,,,,
,,,,,,,
,,,,,,,
,,,,,,,
,,,,,,,
,,,,,,,
,,,,,,,
,,,,,,,
,,,,,,,
,,,,,,,
,,,,,,,
,,,,,,,
,,,,,,,
,,,,,,,
,,,,,,,
,,,,,,,
,,,,,,,
,,,,,,,
,,,,,,,
,,,,,,,
,,,,,,,
,,,,,,,
,,,,,,,
,,,,,,,
,,,,,,,
,,,,,,,
,,,,,,,
,,,,,,,
,,,,,,,
,,,,,,,
,,,,,,,
,,,,,,,
,,,,,,,
,,,,,,,
,,,,,,,
,,,,,,,
,,,,,,,
,,,,,,,
,,,,,,,
,,,,,,,
,,,,,,,
,,,,,,,
,,,,,,,
,,,,,,,
,,,,,,,
,,,,,,,
,,,,,,,
,,,,,,,
,,,,,,,
,,,,,,,
,,,,,,,
,,,,,,,
,,,,,,,
,,,,,,,
,,,,,,,
,,,,,,,
,,,,,,,
,,,,,,,
,,,,,,,
,,,,,,,
,,,,,,,
,,,,,,,
,,,,,,,
,,,,,,,
,,,,,,,
,,,,,,,
,,,,,,,
,,,,,,,
,,,,,,,
,,,,,,,
,,,,,,,
,,,,,,,
,,,,,,,
,,,,,,,
,,,,,,,
,,,,,,,
,,,,,,,
,,,,,,,
,,,,,,,
,,,,,,,
,,,,,,,
,,,,,,,
,,,,,,,
,,,,,,,
,,,,,,,
,,,,,,,
,,,,,,,
,,,,,,,
,,,,,,,
,,,,,,,
,,,,,,,
,,,,,,,
,,,,,,,
,,,,,,,
,,,,,,,
,,,,,,,
,,,,,,,
,,,,,,,
,,,,,,,
,,,,,,,
,,,,,,,
,,,,,,,
,,,,,,,
,,,,,,,
,,,,,,,
,,,,,,,
,,,,,,,
,,,,,,,
,,,,,,,
,,,,,,,
,,,,,,,
,,,,,,,
,,,,,,,
,,,,,,,
,,,,,,,
,,,,,,,
,,,,,,,
,,,,,,,
,,,,,,,
,,,,,,,
,,,,,,,
,,,,,,,
,,,,,,,
,,,,,,,
,,,,,,,
,,,,,,,
,,,,,,,
,,,,,,,
,,,,,,,
,,,,,,,
,,,,,,,
,,,,,,,
,,,,,,,
,,,,,,,
,,,,,,,
,,,,,,,
,,,,,,,
,,,,,,,
,,,,,,,
,,,,,,,
,,,,,,,
,,,,,,,
,,,,,,,
,,,,,,,
,,,,,,,
,,,,,,,
,,,,,,,
,,,,,,,
,,,,,,,
,,,,,,,
,,,,,,,
,,,,,,,
,,,,,,,
,,,,,,,
,,,,,,,
,,,,,,,
,,,,,,,
,,,,,,,
,,,,,,,
,,,,,,,
,,,,,,,
,,,,,,,
,,,,,,,
,,,,,,,
,,,,,,,
,,,,,,,
,,,,,,,
,,,,,,,
,,,,,,,
,,,,,,,
,,,,,,,
,,,,,,,
,,,,,,,
,,,,,,,
,,,,,,,
,,,,,,,
,,,,,,,
,,,,,,,
,,,,,,,
,,,,,,,
,,,,,,,
,,,,,,,
,,,,,,,
,,,,,,,
,,,,,,,
,,,,,,,
,,,,,,,
,,,,,,,
,,,,,,,
,,,,,,,
,,,,,,,
,,,,,,,
,,,,,,,
,,,,,,,
,,,,,,,
,,,,,,,
,,,,,,,
,,,,,,,
,,,,,,,
,,,,,,,
,,,,,,,
,,,,,,,
,,,,,,,
,,,,,,,
,,,,,,,
,,,,,,,
,,,,,,,
,,,,,,,
,,,,,,,
,,,,,,,
,,,,,,,
,,,,,,,
,,,,,,,
,,,,,,,
,,,,,,,
,,,,,,,
,,,,,,,
,,,,,,,
,,,,,,,
,,,,,,,
,,,,,,,
,,,,,,,
,,,,,,,
,,,,,,,
,,,,,,,
,,,,,,,
,,,,,,,
,,,,,,,
,,,,,,,
,,,,,,,
,,,,,,,
,,,,,,,
,,,,,,,
,,,,,,,
,,,,,,,
,,,,,,,
,,,,,,,
,,,,,,,
,,,,,,,
,,,,,,,
,,,,,,,
,,,,,,,
,,,,,,,
,,,,,,,
,,,,,,,
,,,,,,,
,,,,,,,
,,,,,,,
,,,,,,,
,,,,,,,
,,,,,,,
,,,,,,,
,,,,,,,
,,,,,,,
,,,,,,,
,,,,,,,
,,,,,,,
8.465,,,,,,,
5.150,,,,,,,
,,,,,,,
,,,,,,,
,,,,,,,
,,,,,,,
,,,,,,,
,,,,,,,
,,,,,,,
,,,,,,,
7.440,,,,,,,
5.165,,,,,,,
,,,,,,,
,,,,,,,
,,,,,,,
,,,,,,,
