maxLoad,stressMaxLoad,strainMaxLoad,energyAbsorp,ph,sec_Mn,sec_Mw,sec_polyDisp
34.67,28.779,0.051118,0.07234,5.065,44.1,127.6,2.89
12.71,9.7289,0.03005,0.023396,4.83,35.9,85.4,2.377
17.301,13.585,0.034793,0.034683,5.207,20.1,93.4,4.653
25.879,21.32,0.044734,0.057662,5.165,29.5,91.2,3.094
14.901,16.132,0.047622,0.036076,6.405,76.8,161.6,2.105
17.917,16.115,0.034782,0.036317,4.96,33.5,122.7,3.667
25.052,23.529,0.03913,0.055638,5.067,58.6,107.2,1.829
21.543,18.333,0.038124,0.049192,5.265,48.9,105.0,2.148
21.009,17.302,0.031712,0.036156,4.89,55.9,124.9,2.236
18.361,13.78,0.028192,0.02942,5.12,26.6,53.3,2.007
17.563,14.191,0.024612,0.023906,4.7,18.6,67.9,3.652
27.457,26.062,0.036355,0.051608,4.78,20.0,102.4,5.111
28.773,27.238,0.03442,0.051593,4.93,19.4,81.6,4.212
24.492,23.884,0.048074,0.053586,5.165,23.0,80.2,3.495
23.765,28.012,0.040532,0.051623,6.2,27.4,108.5,3.959
29.257,21.359,0.045262,0.056732,5.105,45.5,88.3,1.943
14.92,9.9309,0.028745,0.0281,5.01,26.6,85.0,3.199
24.094,15.844,0.036762,0.04064,4.94,21.4,62.4,2.917
24.094,15.844,0.036762,0.04064,4.94,43.6,81.9,1.878
24.094,15.844,0.036762,0.04064,6.95,21.4,62.4,2.917
24.094,15.844,0.036762,0.04064,6.95,43.6,81.9,1.878
12.043,9.6245,0.028714,0.02439,4.94,21.4,62.4,2.917
12.043,9.6245,0.028714,0.02439,4.94,43.6,81.9,1.878
12.043,9.6245,0.028714,0.02439,6.95,21.4,62.4,2.917
12.043,9.6245,0.028714,0.02439,6.95,43.6,81.9,1.878
18.013,14.758,0.037228,0.029432,5.85,24.5,79.0,3.226
18.013,14.758,0.037228,0.029432,5.85,22.2,49.3,2.221
18.013,14.758,0.037228,0.029432,5.785,24.5,79.0,3.226
18.013,14.758,0.037228,0.029432,5.785,22.2,49.3,2.221
19.484,16.452,0.033994,0.031684,5.85,24.5,79.0,3.226
19.484,16.452,0.033994,0.031684,5.85,22.2,49.3,2.221
19.484,16.452,0.033994,0.031684,5.785,24.5,79.0,3.226
19.484,16.452,0.033994,0.031684,5.785,22.2,49.3,2.221
23.439,16.102,0.037218,0.049166,4.995,29.9,76.2,2.545
19.518,15.988,0.030457,0.038232,4.79,22.1,49.4,2.236
19.73,19.61,0.03142,0.036788,5.065,35.8,82.2,2.296
19.245,18.326,0.027886,0.030906,4.885,32.5,79.6,2.45
10.447,9.878,0.011892,0.00823,4.23,20.1,48.0,2.387
7.5063,9.0508,0.014892,0.005414,4.675,31.5,82.7,2.623
21.009,17.29,0.038707,0.044392,4.705,22.7,68.6,3.021
23.49,13.598,0.03692,0.047474,4.885,33.4,61.4,1.84
26.482,22.015,0.040588,0.05171,4.68,35.1,94.2,2.681
52.132,32.98,0.066282,0.12689,5.47,31.8,220.4,6.933
30.552,21.674,0.03906,0.057664,4.88,19.8,72.5,3.656
29.045,19.323,0.033726,0.044204,4.335,26.3,239.2,9.093
22.438,18.027,0.041714,0.051104,4.595,31.2,75.4,2.414
16.79,13.942,0.02916,0.03119,4.56,21.4,55.4,2.586
30.14,18.667,0.040532,0.0431,4.87,28.4,69.2,2.435
20.251,18.593,0.040256,0.04365,5.055,46.2,123.9,2.679
44.773,27.247,0.047024,0.063876,4.915,20.5,85.2,4.151
25.413,23.002,0.036762,0.043946,4.825,13.0,48.5,3.736
22.771,18.782,0.033472,0.036086,4.79,31.9,127.4,3.996
20.038,15.013,0.0351,0.033596,4.61,14.2,59.8,4.212
15.284,16.801,0.027784,0.022548,4.53,13.7,44.4,3.244
13.162,9.9723,0.034132,0.02563,7.92,26.0,52.8,2.034
22.854,20.516,0.044484,0.04353,4.76,36.0,79.0,2.197
18.044,20.722,0.03415,0.0289,4.61,34.3,67.2,1.959
24.204,19.755,0.033072,0.030072,4.83,20.5,57.3,2.797
31.209,27.456,0.046286,0.05276,4.7,25.0,102.4,4.087
43.106,29.825,0.05895,0.12326,4.36,48.7,89.5,1.837
30.911,33.582,0.048858,0.05334,5.08,37.0,128.7,3.477
35.388,28.187,0.050686,0.06708,4.96,48.0,201.1,4.193
15.055,18.27,0.035952,0.033742,4.605,19.4,112.6,5.816
24.583,13.485,0.03777,0.041088,4.495,28.9,127.8,4.429
25.109,23.408,0.03688,0.03906,4.545,28.1,112.5,4.004
29.676,29.917,0.054988,0.070946,7.125,25.5,159.4,6.256
25.589,20.818,0.040688,0.04141,4.92,30.4,105.4,3.465
29.805,26.074,0.044916,0.061648,4.72,25.9,152.9,5.911
19.989,19.075,0.035944,0.039358,4.725,17.2,59.6,3.46
26.751,18.651,0.033072,0.037062,4.68,17.5,47.3,2.708
20.53,13.518,0.032362,0.033998,4.62,16.1,43.1,2.678
16.951,11.931,0.0346,0.03415,4.53,26.2,64.0,2.446
28.622,31.87,0.038062,0.051554,4.695,19.1,83.2,4.359
24.195,26.527,0.036998,0.046608,4.66,33.8,159.7,4.725
22.587,18.08,0.047916,0.043474,5.255,29.3,87.8,3.001
16.789,13.774,0.035182,0.032832,5.38,34.4,79.2,2.303
14.246,9.463,0.0325,0.026823,4.555,13.2,50.5,3.815
14.246,9.463,0.0325,0.026823,4.555,30.3,63.1,2.08
14.246,9.463,0.0325,0.026823,5.085,13.2,50.5,3.815
14.246,9.463,0.0325,0.026823,5.085,30.3,63.1,2.08
16.501,11.417,0.034976,0.028612,4.555,13.2,50.5,3.815
16.501,11.417,0.034976,0.028612,4.555,30.3,63.1,2.08
16.501,11.417,0.034976,0.028612,5.085,13.2,50.5,3.815
16.501,11.417,0.034976,0.028612,5.085,30.3,63.1,2.08
18.001,15.569,0.029796,0.028142,4.74,19.6,53.0,2.705
29.197,20.321,0.038456,0.039688,4.375,30.7,59.4,1.936
27.071,20.656,0.051032,0.062284,4.935,35.8,73.8,2.062
20.787,22.804,0.0425,0.047776,4.695,46.9,98.6,2.103
26.372,16.524,0.032874,0.036958,4.925,13.5,52.4,3.867
28.566,24.446,0.03585,0.036876,4.79,14.4,43.9,3.041
19.654,11.751,0.033694,0.031772,4.635,15.8,74.0,4.682
29.275,23.957,0.036228,0.04735,4.97,21.9,70.4,3.222
19.639,16.885,0.0333,0.031972,5.065,16.8,66.7,3.965
19.639,16.885,0.0333,0.031972,5.065,20.8,59.0,2.839
19.639,16.885,0.0333,0.031972,4.55,16.8,66.7,3.965
19.639,16.885,0.0333,0.031972,4.55,20.8,59.0,2.839
28.338,27.734,0.038856,0.047096,5.065,16.8,66.7,3.965
28.338,27.734,0.038856,0.047096,5.065,20.8,59.0,2.839
28.338,27.734,0.038856,0.047096,4.55,16.8,66.7,3.965
28.338,27.734,0.038856,0.047096,4.55,20.8,59.0,2.839
18.797,14.508,0.035258,0.025367,4.51,18.6,47.9,2.577
22.326,20.571,0.034024,0.036066,4.535,31.1,95.1,3.061
13.847,12.272,0.027884,0.027724,4.445,23.5,71.7,3.056
21.583,19.857,0.036834,0.037824,4.65,38.3,86.4,2.257
27.577,24.257,0.054508,0.07165,4.795,52.3,80.9,1.546
28.015,24.844,0.056108,0.058204,4.745,42.3,89.6,2.119
11.659,9.8484,0.035818,0.029426,5.8,63.6,192.3,3.024
11.659,9.8484,0.035818,0.029426,5.8,50.7,111.2,2.194
11.659,9.8484,0.035818,0.029426,5.175,63.6,192.3,3.024
11.659,9.8484,0.035818,0.029426,5.175,50.7,111.2,2.194
15.249,10.855,0.039068,0.039902,5.8,63.6,192.3,3.024
15.249,10.855,0.039068,0.039902,5.8,50.7,111.2,2.194
15.249,10.855,0.039068,0.039902,5.175,63.6,192.3,3.024
15.249,10.855,0.039068,0.039902,5.175,50.7,111.2,2.194
27.458,19.852,0.044568,0.059568,6.61,46.5,100.6,2.164
17.84,14.884,0.03688,0.033818,7.32,44.8,121.2,2.704
18.989,15.334,0.034606,0.031396,5.5,22.5,55.8,2.479
18.989,15.334,0.034606,0.031396,5.5,37.7,80.8,2.144
18.989,15.334,0.034606,0.031396,6.21,22.5,55.8,2.479
18.989,15.334,0.034606,0.031396,6.21,37.7,80.8,2.144
27.187,21.343,0.031868,0.049294,5.5,22.5,55.8,2.479
27.187,21.343,0.031868,0.049294,5.5,37.7,80.8,2.144
27.187,21.343,0.031868,0.049294,6.21,22.5,55.8,2.479
27.187,21.343,0.031868,0.049294,6.21,37.7,80.8,2.144
19.776,14.667,0.035646,0.03445,4.665,35.2,69.2,1.965
15.659,16.364,0.031017,0.026865,4.42,21.1,42.9,2.034
14.645,16.83,0.03452,0.032056,4.505,34.6,73.5,2.125
14.531,9.8054,0.027128,0.025364,4.44,31.6,59.3,1.877
22.095,19.892,0.040752,0.037036,4.66,37.9,73.5,1.942
25.676,24.817,0.047924,0.047896,4.64,48.4,113.8,2.349
26.24,23.711,0.039972,0.050282,4.76,33.3,75.3,2.263
29.04,27.104,0.048694,0.05195,4.64,29.5,62.9,2.132
28.461,22.136,0.041794,0.05922,4.6,38.4,90.8,2.364
21.93,20.06,0.048002,0.04904,4.68,44.9,76.6,1.706
34.314,25.674,0.050308,0.061006,4.99,25.4,80.1,3.153
19.372,13.866,0.03391,0.033758,4.26,28.4,131.2,4.614
21.564,17.885,0.037572,0.042406,4.44,33.7,88.4,2.62
18.206,15.964,0.041822,0.03942,4.565,28.7,85.4,2.978
28.166,20.186,0.038972,0.048518,4.86,39.0,115.7,2.965
23.852,20.546,0.033638,0.03722,4.865,19.9,69.8,3.51
26.93,23.797,0.041112,0.044262,4.71,20.1,80.5,3.996
25.876,18.093,0.035108,0.03657,4.55,19.8,61.5,3.101
28.502,22.66,0.038368,0.040064,5.0,25.1,86.9,3.465
20.348,22.623,0.035286,0.035042,4.4,23.4,51.4,2.194
11.362,9.1316,0.027348,0.020288,4.35,27.1,63.7,2.352
19.062,20.732,0.04438,0.04785,4.635,27.0,84.7,3.137
24.275,24.308,0.04091,0.04283,4.625,23.7,61.9,2.613
22.782,19.956,0.03466,0.026992,4.48,16.2,57.8,3.567
32.52,28.285,0.043766,0.045104,4.51,26.7,77.6,2.906
33.651,29.347,0.047938,0.055976,4.62,31.5,87.3,2.772
29.746,21.001,0.04949,0.071488,4.25,45.9,96.4,2.102
32.923,47.149,0.050378,0.071754,5.26,39.0,140.5,3.604
61.524,31.219,0.03984,0.089132,4.425,37.3,165.5,4.44
15.362,19.213,0.017472,0.013914,4.42,31.1,136.1,4.373
31.267,29.128,0.040462,0.051576,4.45,29.9,110.3,3.693
30.651,29.852,0.028156,0.04435,4.415,36.0,180.5,5.012
33.317,31.486,0.048056,0.066852,6.87,45.8,197.2,4.31
45.029,36.266,0.054366,0.10246,6.775,43.0,172.2,4.004
35.274,27.181,0.038754,0.060022,4.455,29.7,105.0,3.537
48.742,24.773,0.04121,0.07113,4.425,33.2,173.4,5.222
20.359,19.389,0.032468,0.041228,4.565,21.0,59.3,2.827
42.19,26.642,0.044578,0.068276,4.48,22.5,66.9,2.974
29.064,20.109,0.035124,0.043988,4.41,21.4,69.1,3.224
50.125,56.451,0.084284,0.13123,9.26,99.5,495.1,4.978
26.924,27.266,0.03305,0.046158,5.075,32.2,116.5,3.615
25.854,26.768,0.03364,0.039538,4.575,20.7,92.7,4.471
39.097,35.032,0.055998,0.082346,5.025,27.1,108.5,4.009
25.043,26.196,0.049206,0.05384,5.385,68.5,117.3,1.712
33.482,29.634,0.04756,0.069458,4.95,40.7,97.8,2.406
22.127,15.135,0.044678,0.051634,7.385,56.8,101.1,1.781
22.127,15.135,0.044678,0.051634,7.385,34.9,74.8,2.144
22.127,15.135,0.044678,0.051634,4.82,56.8,101.1,1.781
22.127,15.135,0.044678,0.051634,4.82,34.9,74.8,2.144
30.535,25.023,0.040392,0.068836,7.385,56.8,101.1,1.781
30.535,25.023,0.040392,0.068836,7.385,34.9,74.8,2.144
30.535,25.023,0.040392,0.068836,4.82,56.8,101.1,1.781
30.535,25.023,0.040392,0.068836,4.82,34.9,74.8,2.144
18.442,10.889,0.035558,0.033824,4.81,30.0,69.2,2.303
59.545,49.313,0.11025,0.21904,8.215,84.6,382.8,4.527
26.518,29.755,0.043332,0.046756,4.92,29.2,70.1,2.398
27.8,25.224,0.02978,0.043614,4.835,32.0,71.0,2.219
24.422,21.689,0.03129,0.045116,4.32,25.1,60.3,2.4
24.422,21.689,0.03129,0.045116,4.32,30.8,72.0,2.336
24.422,21.689,0.03129,0.045116,4.665,25.1,60.3,2.4
24.422,21.689,0.03129,0.045116,4.665,30.8,72.0,2.336
26.314,20.086,0.025994,0.037318,4.32,25.1,60.3,2.4
26.314,20.086,0.025994,0.037318,4.32,30.8,72.0,2.336
26.314,20.086,0.025994,0.037318,4.665,25.1,60.3,2.4
26.314,20.086,0.025994,0.037318,4.665,30.8,72.0,2.336
43.449,28.027,0.031844,0.06843,4.26,23.8,62.1,2.613
32.031,29.48,0.03994,0.05366,4.6,23.7,52.2,2.208
36.776,31.559,0.055212,0.083052,4.865,51.1,108.0,2.115
28.085,19.388,0.045034,0.054654,4.69,24.4,74.4,3.057
20.952,21.518,0.025626,0.030792,4.49,27.8,72.9,2.626
72.654,56.583,0.093762,0.28566,9.37,118.0,493.2,4.18
67.937,49.993,0.096592,0.2709,9.335,88.6,393.1,4.436
67.937,49.993,0.096592,0.2709,9.335,64.8,469.6,7.245
67.937,49.993,0.096592,0.2709,9.245,88.6,393.1,4.436
67.937,49.993,0.096592,0.2709,9.245,64.8,469.6,7.245
63.273,50.699,0.093342,0.24878,9.335,88.6,393.1,4.436
63.273,50.699,0.093342,0.24878,9.335,64.8,469.6,7.245
63.273,50.699,0.093342,0.24878,9.245,88.6,393.1,4.436
63.273,50.699,0.093342,0.24878,9.245,64.8,469.6,7.245
35.047,28.964,0.039668,0.050556,5.34,28.1,111.1,3.955
24.298,18.346,0.02842,0.04266,4.45,27.2,75.9,2.787
41.551,27.687,0.026484,0.044552,4.58,28.5,129.1,4.521
44.222,28.469,0.047166,0.068514,4.58,27.3,102.7,3.769
48.056,32.784,0.037558,0.067814,4.59,21.9,67.2,3.068
34.803,31.873,0.040934,0.066496,4.735,37.0,81.4,2.199
17.523,15.079,0.018174,0.019482,4.235,20.2,50.5,2.502
19.709,15.463,0.022412,0.029154,4.2,22.8,50.0,2.192
23.025,21.479,0.028118,0.032108,4.36,34.4,62.0,1.803
28.262,25.444,0.069134,0.08315,5.587,68.1,173.4,2.547
31.009,26.901,0.036974,0.05708,4.575,32.5,65.3,2.008
32.796,23.829,0.049142,0.07094,4.98,38.8,80.1,2.068
25.5,22.099,0.027752,0.041272,4.535,38.0,71.9,1.893
23.686,22.307,0.030292,0.040346,4.44,31.4,67.9,2.162
20.76,18.666,0.027948,0.027778,4.475,28.6,64.1,2.24
28.232,23.292,0.045806,0.058762,4.915,48.6,100.4,2.064
18.766,15.157,0.027982,0.032354,4.44,27.7,67.1,2.425
26.47,21.079,0.039502,0.056982,4.74,34.2,71.6,2.094
23.206,27.422,0.052628,0.057572,4.82,35.8,84.2,2.351
30.04,25.779,0.036692,0.056826,4.525,31.4,71.6,2.282
30.223,26.148,0.034166,0.057066,4.49,27.1,62.3,2.297
31.481,28.806,0.03898,0.059478,4.695,26.8,64.6,2.411
21.498,19.677,0.032598,0.041536,4.7,26.3,63.4,2.413
22.482,25.603,0.045694,0.062226,6.33,61.1,121.7,1.991
25.279,29.128,0.04006,0.057494,5.98,32.2,74.8,2.322
26.547,20.377,0.02954,0.042182,4.63,29.7,64.3,2.165
38.136,27.24,0.04942,0.096378,5.805,57.9,130.9,2.262
38.136,27.24,0.04942,0.096378,5.805,34.5,79.3,2.298
38.136,27.24,0.04942,0.096378,5.115,57.9,130.9,2.262
38.136,27.24,0.04942,0.096378,5.115,34.5,79.3,2.298
45.005,28.906,0.049598,0.089392,5.805,57.9,130.9,2.262
45.005,28.906,0.049598,0.089392,5.805,34.5,79.3,2.298
45.005,28.906,0.049598,0.089392,5.115,57.9,130.9,2.262
45.005,28.906,0.049598,0.089392,5.115,34.5,79.3,2.298
22.212,18.274,0.038746,0.051372,6.61,49.9,112.7,2.259
22.212,18.274,0.038746,0.051372,6.61,44.8,93.9,2.097
22.212,18.274,0.038746,0.051372,5.005,49.9,112.7,2.259
22.212,18.274,0.038746,0.051372,5.005,44.8,93.9,2.097
28.861,22.928,0.048552,0.067416,6.61,49.9,112.7,2.259
28.861,22.928,0.048552,0.067416,6.61,44.8,93.9,2.097
28.861,22.928,0.048552,0.067416,5.005,49.9,112.7,2.259
28.861,22.928,0.048552,0.067416,5.005,44.8,93.9,2.097
23.794,19.409,0.04276,0.054966,4.955,41.4,82.8,1.999
31.77,26.968,0.043776,0.06747,5.405,28.9,79.6,2.749
31.77,26.968,0.043776,0.06747,5.405,48.8,84.5,1.73
31.77,26.968,0.043776,0.06747,4.9,28.9,79.6,2.749
31.77,26.968,0.043776,0.06747,4.9,48.8,84.5,1.73
28.789,22.765,0.036542,0.050236,5.405,28.9,79.6,2.749
28.789,22.765,0.036542,0.050236,5.405,48.8,84.5,1.73
28.789,22.765,0.036542,0.050236,4.9,28.9,79.6,2.749
28.789,22.765,0.036542,0.050236,4.9,48.8,84.5,1.73
19.364,14.764,0.033796,0.04264,4.55,26.6,62.4,2.348
24.348,18.277,0.032576,0.048976,4.79,26.0,55.3,2.125
19.842,17.558,0.0289,0.034386,4.435,23.0,48.6,2.12
16.731,13.263,0.036714,0.04382,4.52,30.0,63.5,2.118
23.754,15.328,0.045586,0.057472,5.055,41.5,81.8,1.97
23.754,15.328,0.045586,0.057472,5.055,30.8,70.2,2.275
23.754,15.328,0.045586,0.057472,5.085,41.5,81.8,1.97
23.754,15.328,0.045586,0.057472,5.085,30.8,70.2,2.275
24.571,15.79,0.041398,0.047278,5.055,41.5,81.8,1.97
24.571,15.79,0.041398,0.047278,5.055,30.8,70.2,2.275
24.571,15.79,0.041398,0.047278,5.085,41.5,81.8,1.97
24.571,15.79,0.041398,0.047278,5.085,30.8,70.2,2.275
33.962,29.982,0.05173,0.07921,5.185,46.3,91.8,1.985
28.545,29.134,0.040918,0.054962,4.87,28.1,62.8,2.236
27.365,25.873,0.040684,0.051954,4.795,28.1,63.4,2.257
14.805,14.592,0.019078,0.02013,4.28,22.1,48.2,2.179
22.676,19.503,0.034764,0.047792,4.87,24.9,56.0,2.247
22.033,21.087,0.034592,0.041298,4.505,30.9,67.0,2.166
22.033,21.087,0.034592,0.041298,4.505,37.4,80.2,2.145
22.033,21.087,0.034592,0.041298,4.665,30.9,67.0,2.166
22.033,21.087,0.034592,0.041298,4.665,37.4,80.2,2.145
24.499,22.176,0.036952,0.047306,4.505,30.9,67.0,2.166
24.499,22.176,0.036952,0.047306,4.505,37.4,80.2,2.145
24.499,22.176,0.036952,0.047306,4.665,30.9,67.0,2.166
24.499,22.176,0.036952,0.047306,4.665,37.4,80.2,2.145
28.739,23.407,0.039606,0.061102,4.48,23.9,57.4,2.407
27.351,20.277,0.035844,0.045808,4.22,20.0,44.6,2.232
31.015,23.061,0.034354,0.050248,4.62,22.1,52.8,2.388
34.789,30.819,0.04245,0.06168,4.59,23.5,85.7,3.654
32.942,26.02,0.058034,0.083662,4.62,36.4,94.8,2.6
32.718,29.953,0.056044,0.07558,4.65,48.5,87.0,1.794
34.501,29.306,0.048692,0.080548,4.73,62.0,106.5,1.72
29.285,24.573,0.053362,0.071986,4.68,47.4,88.8,1.872
29.266,28.602,0.059932,0.083886,4.74,52.7,99.2,1.882
43.966,29.446,0.05688,0.10765,5.03,35.0,125.4,3.585
29.424,17.701,0.042342,0.062702,5.16,46.0,88.3,1.919
36.401,23.358,0.041254,0.06983,4.94,28.8,67.0,2.325
21.603,17.24,0.027254,0.037748,4.36,21.0,68.6,3.266
33.924,32.329,0.052904,0.081334,4.89,42.4,84.5,1.994
33.924,32.329,0.052904,0.081334,4.89,49.4,74.8,1.516
33.924,32.329,0.052904,0.081334,4.545,42.4,84.5,1.994
33.924,32.329,0.052904,0.081334,4.545,49.4,74.8,1.516
16.232,19.367,0.03429,0.038388,4.89,42.4,84.5,1.994
16.232,19.367,0.03429,0.038388,4.89,49.4,74.8,1.516
16.232,19.367,0.03429,0.038388,4.545,42.4,84.5,1.994
16.232,19.367,0.03429,0.038388,4.545,49.4,74.8,1.516
15.201,13.689,0.02073,0.022244,4.265,20.3,47.0,2.31
33.967,26.927,0.04498,0.063208,4.975,30.0,78.4,2.612
19.388,18.678,0.025374,0.03216,4.39,17.8,47.0,2.642
24.926,17.612,0.030932,0.041406,4.285,19.5,42.0,2.155
34.395,24.463,0.040208,0.072884,4.76,32.0,82.7,2.58
22.208,21.086,0.032426,0.042366,4.795,29.0,65.3,2.252
29.693,17.815,0.037832,0.05177,4.735,25.0,54.8,2.192
46.044,28.764,0.047208,0.095306,4.785,27.1,65.2,2.411
28.492,28.901,0.035652,0.053988,4.59,21.3,52.2,2.452
26.733,25.776,0.034866,0.051626,4.845,44.2,90.6,2.049
32.804,25.234,0.037344,0.056012,4.61,22.1,52.3,2.368
30.651,25.923,0.040768,0.057354,4.735,21.2,53.3,2.509
17.397,19.551,0.02989,0.034656,4.38,22.2,49.3,2.221
10.155,8.703,0.015986,0.014588,4.305,26.9,48.7,1.81
30.074,27.7,0.043556,0.065146,4.69,20.8,41.7,2.002
26.948,27.444,0.039328,0.05321,4.78,21.9,64.2,2.936
16.687,15.114,0.031498,0.0351,4.445,25.8,55.7,2.161
16.687,15.114,0.031498,0.0351,4.445,23.3,52.3,2.247
16.687,15.114,0.031498,0.0351,4.445,25.8,55.7,2.161
16.687,15.114,0.031498,0.0351,4.445,23.3,52.3,2.247
22.582,21.058,0.03052,0.039486,4.445,25.8,55.7,2.161
22.582,21.058,0.03052,0.039486,4.445,23.3,52.3,2.247
22.582,21.058,0.03052,0.039486,4.445,25.8,55.7,2.161
22.582,21.058,0.03052,0.039486,4.445,23.3,52.3,2.247
25.632,24.307,0.039076,0.04738,4.695,29.6,77.1,2.604
25.632,24.307,0.039076,0.04738,4.695,30.6,59.3,1.94
25.632,24.307,0.039076,0.04738,4.285,29.6,77.1,2.604
25.632,24.307,0.039076,0.04738,4.285,30.6,59.3,1.94
12.44,10.094,0.014766,0.011928,4.695,29.6,77.1,2.604
12.44,10.094,0.014766,0.011928,4.695,30.6,59.3,1.94
12.44,10.094,0.014766,0.011928,4.285,29.6,77.1,2.604
12.44,10.094,0.014766,0.011928,4.285,30.6,59.3,1.94
28.406,26.549,0.035912,0.048404,4.415,26.6,89.6,3.371
21.438,20.276,0.03035,0.04034,4.36,23.6,74.5,3.16
40.232,35.084,0.043626,0.066932,4.52,32.0,75.4,2.353
40.722,35.71,0.0435,0.073252,4.52,26.5,79.9,3.012
40.035,28.854,0.05877,0.12353,4.395,49.2,108.5,2.203
34.006,27.218,0.040712,0.050282,4.81,20.2,60.5,2.99
44.875,58.135,0.062648,0.10181,5.6,38.5,126.2,3.275
41.787,32.939,0.05395,0.083764,4.935,37.0,160.0,4.328
16.947,20.215,0.029972,0.03349,4.67,23.5,126.0,5.363
38.336,20.955,0.037068,0.06136,4.5,24.0,101.4,4.218
34.682,27.233,0.040526,0.056626,4.66,25.9,59.7,2.301
25.876,23.065,0.039314,0.046528,4.725,23.3,61.1,2.625
36.502,19.803,0.036446,0.051994,4.46,23.0,119.1,5.178
28.752,24.109,0.035298,0.04715,4.385,26.2,87.0,3.315
33.007,30.001,0.053202,0.076288,6.43,50.7,128.4,2.533
37.858,31.089,0.05594,0.07706,6.495,29.4,96.2,3.271
34.874,30.118,0.046286,0.067184,4.79,24.9,66.0,2.647
34.421,26.104,0.045182,0.059586,4.375,37.0,114.8,3.104
19.782,19.178,0.03045,0.038494,4.455,23.9,55.0,2.301
39.024,25.338,0.04165,0.062202,4.41,20.4,94.2,4.614
34.228,21.804,0.035276,0.056532,4.26,29.9,97.7,3.268
48.581,26.634,0.04512,0.079506,4.515,18.1,52.6,2.903
24.919,19.123,0.035084,0.04519,4.375,21.9,69.6,3.173
29.654,30.328,0.03296,0.049622,4.495,18.5,50.0,2.701
22.392,20.202,0.032156,0.038756,4.405,26.9,63.5,2.357
13.196,15.559,0.023194,0.022154,4.325,27.8,74.1,2.661
17.636,18.062,0.031114,0.037608,4.305,27.6,63.1,2.286
23.976,21.266,0.03404,0.046984,4.46,22.0,60.5,2.751
21.275,17.064,0.031794,0.03751,4.705,24.3,63.6,2.616
15.647,13.851,0.029084,0.03156,4.875,29.9,91.7,3.069
29.173,18.916,0.03644,0.051342,4.92,29.1,77.5,2.66
18.573,12.447,0.02975,0.031696,4.71,26.8,72.5,2.709
30.198,21.357,0.044616,0.059022,5.035,27.6,68.3,2.479
19.073,29.908,0.033748,0.03822,4.64,30.6,80.2,2.623
46.555,30.193,0.043964,0.080364,6.29,24.2,69.2,2.863
34.48,24.727,0.040046,0.054214,4.335,23.4,70.4,3.014
39.434,34.788,0.043924,0.062072,4.74,25.6,88.0,3.436
18.347,14.385,0.025392,0.032354,4.41,21.5,42.7,1.992
18.347,14.385,0.025392,0.032354,4.41,27.1,56.5,2.081
18.347,14.385,0.025392,0.032354,4.78,21.5,42.7,1.992
18.347,14.385,0.025392,0.032354,4.78,27.1,56.5,2.081
27.384,21.193,0.041154,0.052966,4.41,21.5,42.7,1.992
27.384,21.193,0.041154,0.052966,4.41,27.1,56.5,2.081
27.384,21.193,0.041154,0.052966,4.78,21.5,42.7,1.992
27.384,21.193,0.041154,0.052966,4.78,27.1,56.5,2.081
25.124,34.014,0.04113,0.049,5.805,29.6,108.3,3.658
33.694,46.859,0.044804,0.055654,4.555,28.6,82.2,2.874
33.694,46.859,0.044804,0.055654,4.555,25.9,73.0,2.814
33.694,46.859,0.044804,0.055654,4.585,28.6,82.2,2.874
33.694,46.859,0.044804,0.055654,4.585,25.9,73.0,2.814
28.772,35.853,0.045516,0.057462,4.555,28.6,82.2,2.874
28.772,35.853,0.045516,0.057462,4.555,25.9,73.0,2.814
28.772,35.853,0.045516,0.057462,4.585,28.6,82.2,2.874
28.772,35.853,0.045516,0.057462,4.585,25.9,73.0,2.814
21.101,25.727,0.037392,0.045404,4.645,24.7,59.4,2.402
21.101,25.727,0.037392,0.045404,4.645,23.3,68.2,2.929
21.101,25.727,0.037392,0.045404,4.645,18.1,59.5,3.284
21.101,25.727,0.037392,0.045404,4.66,24.7,59.4,2.402
21.101,25.727,0.037392,0.045404,4.66,23.3,68.2,2.929
21.101,25.727,0.037392,0.045404,4.66,18.1,59.5,3.284
21.101,25.727,0.037392,0.045404,4.645,24.7,59.4,2.402
21.101,25.727,0.037392,0.045404,4.645,23.3,68.2,2.929
21.101,25.727,0.037392,0.045404,4.645,18.1,59.5,3.284
27.103,40.252,0.043248,0.05038,4.645,24.7,59.4,2.402
27.103,40.252,0.043248,0.05038,4.645,23.3,68.2,2.929
27.103,40.252,0.043248,0.05038,4.645,18.1,59.5,3.284
27.103,40.252,0.043248,0.05038,4.66,24.7,59.4,2.402
27.103,40.252,0.043248,0.05038,4.66,23.3,68.2,2.929
27.103,40.252,0.043248,0.05038,4.66,18.1,59.5,3.284
27.103,40.252,0.043248,0.05038,4.645,24.7,59.4,2.402
27.103,40.252,0.043248,0.05038,4.645,23.3,68.2,2.929
27.103,40.252,0.043248,0.05038,4.645,18.1,59.5,3.284
19.397,28.607,0.034274,0.039826,4.645,24.7,59.4,2.402
19.397,28.607,0.034274,0.039826,4.645,23.3,68.2,2.929
19.397,28.607,0.034274,0.039826,4.645,18.1,59.5,3.284
19.397,28.607,0.034274,0.039826,4.66,24.7,59.4,2.402
19.397,28.607,0.034274,0.039826,4.66,23.3,68.2,2.929
19.397,28.607,0.034274,0.039826,4.66,18.1,59.5,3.284
19.397,28.607,0.034274,0.039826,4.645,24.7,59.4,2.402
19.397,28.607,0.034274,0.039826,4.645,23.3,68.2,2.929
19.397,28.607,0.034274,0.039826,4.645,18.1,59.5,3.284
27.521,34.098,0.047316,0.052026,5.055,26.8,74.5,2.781
27.521,34.098,0.047316,0.052026,5.055,23.0,63.6,2.762
27.521,34.098,0.047316,0.052026,4.68,26.8,74.5,2.781
27.521,34.098,0.047316,0.052026,4.68,23.0,63.6,2.762
30.218,36.729,0.03881,0.051296,5.055,26.8,74.5,2.781
30.218,36.729,0.03881,0.051296,5.055,23.0,63.6,2.762
30.218,36.729,0.03881,0.051296,4.68,26.8,74.5,2.781
30.218,36.729,0.03881,0.051296,4.68,23.0,63.6,2.762
30.888,41.431,0.052544,0.057362,4.885,41.7,131.2,3.143
27.062,40.119,0.03748,0.04613,6.08,29.1,105.2,3.621
23.763,28.876,0.031986,0.037758,4.83,24.9,79.0,3.176
43.548,46.05,0.04238,0.072242,4.72,26.0,87.9,3.385
38.484,38.204,0.046962,0.074054,4.82,31.9,106.8,3.353
41.248,39.921,0.05414,0.088962,5.33,28.4,122.0,4.301
23.255,26.203,0.041602,0.04682,4.65,25.3,101.8,4.025
20.907,21.823,0.037452,0.047632,4.93,29.0,68.1,2.352
32.015,22.192,0.041092,0.061666,4.5,20.5,70.9,3.461
35.015,29.885,0.042672,0.059314,4.63,22.8,65.8,2.892
35.415,30.075,0.052424,0.080532,4.685,39.6,83.4,2.107
30.118,27.472,0.04742,0.06487,4.635,51.6,87.2,1.691
25.307,19.231,0.044908,0.056224,4.66,26.9,54.6,2.033
26.394,20.593,0.03851,0.05441,4.555,34.5,60.3,1.746
32.58,29.358,0.045138,0.068788,4.65,34.2,64.4,1.885
76.11,63.603,0.11195,0.30318,6.43,67.9,823.5,12.122
24.239,23.09,0.048692,0.059286,4.83,38.7,78.4,2.024
24.712,22.662,0.046946,0.05523,4.68,48.5,78.7,1.62
24.33,21.959,0.041364,0.059696,4.68,36.3,72.3,1.993
17.197,18.726,0.036314,0.040734,4.55,29.7,58.4,1.97
27.113,21.331,0.046892,0.059184,4.62,41.3,70.2,1.7
45.073,34.992,0.054118,0.096734,5.03,41.1,78.9,1.919
37.678,33.226,0.052722,0.086254,5.0,36.8,75.4,2.046
26.026,21.001,0.035402,0.050792,4.75,19.6,51.4,2.629
34.001,33.672,0.042516,0.074462,4.765,29.5,74.2,2.519
32.035,30.048,0.053134,0.072858,5.045,52.9,90.4,1.707
32.035,30.048,0.053134,0.072858,5.045,22.9,56.9,2.489
32.035,30.048,0.053134,0.072858,4.68,52.9,90.4,1.707
32.035,30.048,0.053134,0.072858,4.68,22.9,56.9,2.489
22.248,21.685,0.039526,0.04623,5.045,52.9,90.4,1.707
22.248,21.685,0.039526,0.04623,5.045,22.9,56.9,2.489
22.248,21.685,0.039526,0.04623,4.68,52.9,90.4,1.707
22.248,21.685,0.039526,0.04623,4.68,22.9,56.9,2.489
32.695,30.794,0.03987,0.064576,4.69,32.0,63.8,1.996
18.275,24.028,0.037098,0.042472,5.127,42.1,84.0,1.994
20.117,23.337,0.037076,0.044026,5.4,30.3,52.0,1.717
30.335,23.88,0.067412,0.096212,6.325,46.5,122.5,2.632
30.335,23.88,0.067412,0.096212,6.325,23.0,74.0,3.216
30.335,23.88,0.067412,0.096212,6.325,64.0,136.1,2.127
30.335,23.88,0.067412,0.096212,5.36,46.5,122.5,2.632
30.335,23.88,0.067412,0.096212,5.36,23.0,74.0,3.216
30.335,23.88,0.067412,0.096212,5.36,64.0,136.1,2.127
30.335,23.88,0.067412,0.096212,5.55,46.5,122.5,2.632
30.335,23.88,0.067412,0.096212,5.55,23.0,74.0,3.216
30.335,23.88,0.067412,0.096212,5.55,64.0,136.1,2.127
40.543,28.753,0.057548,0.10014,6.325,46.5,122.5,2.632
40.543,28.753,0.057548,0.10014,6.325,23.0,74.0,3.216
40.543,28.753,0.057548,0.10014,6.325,64.0,136.1,2.127
40.543,28.753,0.057548,0.10014,5.36,46.5,122.5,2.632
40.543,28.753,0.057548,0.10014,5.36,23.0,74.0,3.216
40.543,28.753,0.057548,0.10014,5.36,64.0,136.1,2.127
40.543,28.753,0.057548,0.10014,5.55,46.5,122.5,2.632
40.543,28.753,0.057548,0.10014,5.55,23.0,74.0,3.216
40.543,28.753,0.057548,0.10014,5.55,64.0,136.1,2.127
27.255,20.372,0.056602,0.071172,6.325,46.5,122.5,2.632
27.255,20.372,0.056602,0.071172,6.325,23.0,74.0,3.216
27.255,20.372,0.056602,0.071172,6.325,64.0,136.1,2.127
27.255,20.372,0.056602,0.071172,5.36,46.5,122.5,2.632
27.255,20.372,0.056602,0.071172,5.36,23.0,74.0,3.216
27.255,20.372,0.056602,0.071172,5.36,64.0,136.1,2.127
27.255,20.372,0.056602,0.071172,5.55,46.5,122.5,2.632
27.255,20.372,0.056602,0.071172,5.55,23.0,74.0,3.216
27.255,20.372,0.056602,0.071172,5.55,64.0,136.1,2.127
36.282,24.119,0.072392,0.11326,5.97,69.3,132.4,1.91
36.282,24.119,0.072392,0.11326,5.97,35.3,67.7,1.918
36.282,24.119,0.072392,0.11326,4.75,69.3,132.4,1.91
36.282,24.119,0.072392,0.11326,4.75,35.3,67.7,1.918
18.094,12.593,0.03574,0.046368,5.97,69.3,132.4,1.91
18.094,12.593,0.03574,0.046368,5.97,35.3,67.7,1.918
18.094,12.593,0.03574,0.046368,4.75,69.3,132.4,1.91
18.094,12.593,0.03574,0.046368,4.75,35.3,67.7,1.918
29.017,20.728,0.052708,0.075094,6.57,48.8,88.9,1.822
29.017,20.728,0.052708,0.075094,6.57,33.3,74.3,2.228
29.017,20.728,0.052708,0.075094,4.985,48.8,88.9,1.822
29.017,20.728,0.052708,0.075094,4.985,33.3,74.3,2.228
52.92,30.725,0.058484,0.13209,6.57,48.8,88.9,1.822
52.92,30.725,0.058484,0.13209,6.57,33.3,74.3,2.228
52.92,30.725,0.058484,0.13209,4.985,48.8,88.9,1.822
52.92,30.725,0.058484,0.13209,4.985,33.3,74.3,2.228
24.107,22.091,0.047908,0.058312,5.315,36.1,73.3,2.031
13.675,10.581,0.022752,0.024398,4.7,26.3,52.5,1.995
29.924,22.2,0.051022,0.065336,4.8,64.1,104.2,1.626
16.396,14.869,0.033252,0.035934,4.505,34.1,53.0,1.552
17.84,13.391,0.035892,0.044542,4.82,40.5,64.5,1.593
17.84,13.391,0.035892,0.044542,4.82,26.7,49.0,1.834
17.84,13.391,0.035892,0.044542,4.335,40.5,64.5,1.593
17.84,13.391,0.035892,0.044542,4.335,26.7,49.0,1.834
28.522,18.496,0.042014,0.05753,4.82,40.5,64.5,1.593
28.522,18.496,0.042014,0.05753,4.82,26.7,49.0,1.834
28.522,18.496,0.042014,0.05753,4.335,40.5,64.5,1.593
28.522,18.496,0.042014,0.05753,4.335,26.7,49.0,1.834
18.407,16.119,0.03588,0.043704,4.69,21.5,60.5,2.817
30.155,32.717,0.055644,0.07626,5.265,31.7,70.1,2.21
21.255,19.485,0.032992,0.043106,4.915,20.9,53.5,2.562
14.34,19.471,0.026522,0.02513,4.785,26.6,64.3,2.42
21.668,16.128,0.028224,0.03965,4.6,21.6,43.4,2.006
20.257,15.62,0.02838,0.039738,4.61,20.2,41.3,2.043
19.292,17.618,0.033346,0.039096,4.635,22.0,57.6,2.622
20.721,13.499,0.033108,0.042806,4.59,24.2,48.8,2.017
27.737,23.363,0.046498,0.05789,4.575,17.2,45.4,2.638
26.914,23.276,0.045028,0.057146,4.495,37.4,62.7,1.679
19.216,12.144,0.024478,0.03536,4.165,21.7,54.9,2.525
28.557,29.465,0.044442,0.060354,4.755,32.6,69.2,2.124
28.557,29.465,0.044442,0.060354,4.755,20.7,53.0,2.553
28.557,29.465,0.044442,0.060354,4.365,32.6,69.2,2.124
28.557,29.465,0.044442,0.060354,4.365,20.7,53.0,2.553
10.037,12.033,0.009222,0.004066,4.755,32.6,69.2,2.124
10.037,12.033,0.009222,0.004066,4.755,20.7,53.0,2.553
10.037,12.033,0.009222,0.004066,4.365,32.6,69.2,2.124
10.037,12.033,0.009222,0.004066,4.365,20.7,53.0,2.553
19.918,18.04,0.03444,0.043046,4.5,23.4,60.1,2.564
21.086,20.198,0.041202,0.045526,4.73,23.0,61.2,2.657
26.074,18.32,0.028386,0.040472,4.26,16.7,41.1,2.465
30.83,20.056,0.042572,0.056166,4.865,40.2,92.5,2.298
27.828,26.39,0.04401,0.065268,5.05,42.1,139.6,3.314
28.592,17.282,0.0398,0.057496,4.585,18.9,44.1,2.335
48.428,31.549,0.05336,0.087352,4.8,24.2,65.6,2.715
27.297,26.301,0.04221,0.05624,4.785,21.6,57.6,2.668
29.252,24.502,0.040642,0.055322,5.095,36.4,86.1,2.367
21.158,22.676,0.03374,0.047408,4.685,22.9,48.8,2.131
15.668,13.491,0.028994,0.033686,4.59,22.8,49.0,2.148
28.432,28.051,0.04131,0.060388,4.725,24.6,56.1,2.284
32.698,38.304,0.044012,0.054086,4.995,29.1,69.9,2.401
32.698,38.304,0.044012,0.054086,4.995,21.2,52.0,2.449
32.698,38.304,0.044012,0.054086,4.995,31.1,82.8,2.664
32.698,38.304,0.044012,0.054086,4.605,29.1,69.9,2.401
32.698,38.304,0.044012,0.054086,4.605,21.2,52.0,2.449
32.698,38.304,0.044012,0.054086,4.605,31.1,82.8,2.664
32.698,38.304,0.044012,0.054086,5.24,29.1,69.9,2.401
32.698,38.304,0.044012,0.054086,5.24,21.2,52.0,2.449
32.698,38.304,0.044012,0.054086,5.24,31.1,82.8,2.664
24.433,27.759,0.037112,0.043434,4.995,29.1,69.9,2.401
24.433,27.759,0.037112,0.043434,4.995,21.2,52.0,2.449
24.433,27.759,0.037112,0.043434,4.995,31.1,82.8,2.664
24.433,27.759,0.037112,0.043434,4.605,29.1,69.9,2.401
24.433,27.759,0.037112,0.043434,4.605,21.2,52.0,2.449
24.433,27.759,0.037112,0.043434,4.605,31.1,82.8,2.664
24.433,27.759,0.037112,0.043434,5.24,29.1,69.9,2.401
24.433,27.759,0.037112,0.043434,5.24,21.2,52.0,2.449
24.433,27.759,0.037112,0.043434,5.24,31.1,82.8,2.664
35.081,30.962,0.05185,0.069862,4.995,29.1,69.9,2.401
35.081,30.962,0.05185,0.069862,4.995,21.2,52.0,2.449
35.081,30.962,0.05185,0.069862,4.995,31.1,82.8,2.664
35.081,30.962,0.05185,0.069862,4.605,29.1,69.9,2.401
35.081,30.962,0.05185,0.069862,4.605,21.2,52.0,2.449
35.081,30.962,0.05185,0.069862,4.605,31.1,82.8,2.664
35.081,30.962,0.05185,0.069862,5.24,29.1,69.9,2.401
35.081,30.962,0.05185,0.069862,5.24,21.2,52.0,2.449
35.081,30.962,0.05185,0.069862,5.24,31.1,82.8,2.664
18.76,15.601,0.036802,0.043458,4.51,39.3,71.0,1.804
18.76,15.601,0.036802,0.043458,4.51,38.6,67.0,1.736
18.76,15.601,0.036802,0.043458,4.59,39.3,71.0,1.804
18.76,15.601,0.036802,0.043458,4.59,38.6,67.0,1.736
24.613,21.927,0.038446,0.052618,4.51,39.3,71.0,1.804
24.613,21.927,0.038446,0.052618,4.51,38.6,67.0,1.736
24.613,21.927,0.038446,0.052618,4.59,39.3,71.0,1.804
24.613,21.927,0.038446,0.052618,4.59,38.6,67.0,1.736
24.26,23.321,0.039634,0.050136,4.78,29.1,67.8,2.326
24.26,23.321,0.039634,0.050136,4.78,43.1,60.2,1.398
24.26,23.321,0.039634,0.050136,4.435,29.1,67.8,2.326
24.26,23.321,0.039634,0.050136,4.435,43.1,60.2,1.398
13.091,10.172,0.01493,0.012654,4.78,29.1,67.8,2.326
13.091,10.172,0.01493,0.012654,4.78,43.1,60.2,1.398
13.091,10.172,0.01493,0.012654,4.435,29.1,67.8,2.326
13.091,10.172,0.01493,0.012654,4.435,43.1,60.2,1.398
26.167,20.904,0.032006,0.044012,4.47,22.9,51.5,2.25
30.3,25.647,0.038848,0.05621,4.595,24.6,88.1,3.575
29.445,25.705,0.038938,0.05764,4.555,31.5,59.6,1.893
30.263,28.663,0.03843,0.054114,4.565,24.1,59.3,2.458
43.12,40.556,0.04653,0.0839,4.755,31.6,82.1,2.598
25.174,21.944,0.031868,0.042792,4.515,17.7,52.0,2.931
29.669,22.242,0.055212,0.082878,4.755,41.1,178.2,4.333
14.075,16.538,0.02279,0.020964,4.645,26.7,97.6,3.657
32.508,25.895,0.046278,0.0705,4.6,31.6,102.5,3.244
32.308,18.151,0.04391,0.070358,4.67,27.8,132.0,4.757
20.177,19.096,0.033852,0.04287,4.515,34.0,75.0,2.206
21.326,20.306,0.0325,0.043382,4.495,22.0,85.9,3.901
35.916,30.646,0.060434,0.08502,7.06,48.9,132.3,2.707
34.263,30.034,0.054022,0.081432,6.375,31.7,105.9,3.337
40.289,31.777,0.047956,0.079524,4.79,18.2,57.8,3.185
38.46,23.579,0.044498,0.064798,4.53,25.7,131.1,5.099
23.806,23.303,0.033306,0.046316,4.525,19.8,48.8,2.461
23.167,22.945,0.029104,0.040714,4.58,22.1,59.7,2.702
35.058,33.717,0.052466,0.07248,4.87,54.9,153.3,2.79
33.776,28.592,0.042734,0.060988,4.59,22.4,50.8,2.265
28.384,28.179,0.0462,0.057016,4.8,31.3,69.1,2.208
27.97,27.584,0.04269,0.057202,4.745,36.7,72.9,1.986
32.913,26.448,0.048112,0.065984,4.75,50.3,91.0,1.807
17.399,13.116,0.045664,0.052128,4.5,48.1,82.2,1.708
19.671,15.596,0.034624,0.041122,4.46,47.2,82.6,1.751
24.432,21.551,0.033014,0.043464,4.68,35.1,68.5,1.949
32.579,29.157,0.085394,0.11459,7.273,105.7,222.4,2.105
29.835,25.284,0.043194,0.056972,4.67,52.3,92.4,1.768
37.526,27.917,0.06663,0.10488,5.18,108.5,231.5,2.134
19.172,17.203,0.035392,0.041436,4.57,58.7,90.5,1.543
21.478,21.182,0.038058,0.04434,4.655,52.8,87.0,1.648
18.303,10.544,0.046992,0.056782,4.545,30.1,71.9,2.391
22.953,22.241,0.047146,0.054626,4.725,31.6,78.6,2.489
18.65,15.519,0.04125,0.047124,4.6,38.6,86.2,2.23
26.254,21.48,0.04195,0.054038,4.73,35.2,64.0,1.821
33.027,31.211,0.04471,0.066334,4.86,48.5,81.6,1.684
37.917,32.298,0.05403,0.08463,4.9,55.9,94.6,1.692
26.496,22.141,0.033734,0.049114,4.945,45.9,80.2,1.749
29.639,25.387,0.03525,0.05345,4.665,30.7,93.9,3.057
25.724,24.329,0.03822,0.053332,4.855,58.1,89.0,1.531
27.01,23.951,0.029098,0.045542,4.635,39.7,81.9,2.062
22.954,28.838,0.03832,0.048848,5.87,17.6,69.1,3.928
19.551,24.499,0.034308,0.042182,5.64,50.0,83.9,1.679
32.559,28.221,0.053628,0.081406,4.845,66.8,119.4,1.788
31.522,27.869,0.05854,0.087228,4.925,77.4,128.8,1.664
32.963,32.202,0.057012,0.094048,4.88,77.0,138.2,1.794
31.2,21.744,0.04468,0.070916,4.73,50.8,88.4,1.741
31.2,21.744,0.04468,0.070916,4.73,36.3,83.5,2.302
31.2,21.744,0.04468,0.070916,4.73,47.5,108.2,2.275
31.2,21.744,0.04468,0.070916,4.78,50.8,88.4,1.741
31.2,21.744,0.04468,0.070916,4.78,36.3,83.5,2.302
31.2,21.744,0.04468,0.070916,4.78,47.5,108.2,2.275
31.2,21.744,0.04468,0.070916,7.123,50.8,88.4,1.741
31.2,21.744,0.04468,0.070916,7.123,36.3,83.5,2.302
31.2,21.744,0.04468,0.070916,7.123,47.5,108.2,2.275
33.653,25.935,0.042484,0.075294,4.73,50.8,88.4,1.741
33.653,25.935,0.042484,0.075294,4.73,36.3,83.5,2.302
33.653,25.935,0.042484,0.075294,4.73,47.5,108.2,2.275
33.653,25.935,0.042484,0.075294,4.78,50.8,88.4,1.741
33.653,25.935,0.042484,0.075294,4.78,36.3,83.5,2.302
33.653,25.935,0.042484,0.075294,4.78,47.5,108.2,2.275
33.653,25.935,0.042484,0.075294,7.123,50.8,88.4,1.741
33.653,25.935,0.042484,0.075294,7.123,36.3,83.5,2.302
33.653,25.935,0.042484,0.075294,7.123,47.5,108.2,2.275
37.433,24.589,0.049566,0.073408,4.73,50.8,88.4,1.741
37.433,24.589,0.049566,0.073408,4.73,36.3,83.5,2.302
37.433,24.589,0.049566,0.073408,4.73,47.5,108.2,2.275
37.433,24.589,0.049566,0.073408,4.78,50.8,88.4,1.741
37.433,24.589,0.049566,0.073408,4.78,36.3,83.5,2.302
37.433,24.589,0.049566,0.073408,4.78,47.5,108.2,2.275
37.433,24.589,0.049566,0.073408,7.123,50.8,88.4,1.741
37.433,24.589,0.049566,0.073408,7.123,36.3,83.5,2.302
37.433,24.589,0.049566,0.073408,7.123,47.5,108.2,2.275
25.812,20.191,0.035772,0.053164,5.525,46.3,109.3,2.358
37.173,26.783,0.039666,0.075654,5.22,41.8,95.7,2.291
37.173,26.783,0.039666,0.075654,5.22,71.5,191.6,2.682
37.173,26.783,0.039666,0.075654,7.44,41.8,95.7,2.291
37.173,26.783,0.039666,0.075654,7.44,71.5,191.6,2.682
15.959,12.033,0.036452,0.035824,5.22,41.8,95.7,2.291
15.959,12.033,0.036452,0.035824,5.22,71.5,191.6,2.682
15.959,12.033,0.036452,0.035824,7.44,41.8,95.7,2.291
15.959,12.033,0.036452,0.035824,7.44,71.5,191.6,2.682
32.608,28.346,0.038666,0.068168,4.77,38.8,87.1,2.243
26.572,20.254,0.04338,0.061984,5.89,61.4,102.2,1.665
26.572,20.254,0.04338,0.061984,5.89,50.3,103.2,2.051
26.572,20.254,0.04338,0.061984,4.965,61.4,102.2,1.665
26.572,20.254,0.04338,0.061984,4.965,50.3,103.2,2.051
49.36,28.661,0.054618,0.11795,5.89,61.4,102.2,1.665
49.36,28.661,0.054618,0.11795,5.89,50.3,103.2,2.051
49.36,28.661,0.054618,0.11795,4.965,61.4,102.2,1.665
49.36,28.661,0.054618,0.11795,4.965,50.3,103.2,2.051
25.798,21.073,0.048952,0.067078,5.515,55.2,103.8,1.88
27.319,20.87,0.044536,0.070356,5.79,39.1,73.7,1.886
27.319,20.87,0.044536,0.070356,5.79,60.4,90.5,1.498
27.319,20.87,0.044536,0.070356,6.195,39.1,73.7,1.886
27.319,20.87,0.044536,0.070356,6.195,60.4,90.5,1.498
24.344,18.46,0.05285,0.066704,5.79,39.1,73.7,1.886
24.344,18.46,0.05285,0.066704,5.79,60.4,90.5,1.498
24.344,18.46,0.05285,0.066704,6.195,39.1,73.7,1.886
24.344,18.46,0.05285,0.066704,6.195,60.4,90.5,1.498
17.904,16.194,0.03902,0.04727,4.615,31.9,65.6,2.058
33.791,24.5,0.046252,0.077058,5.14,61.2,115.3,1.886
26.76,22.819,0.048,0.062684,4.57,29.7,78.0,2.629
26.027,20.261,0.05444,0.06731,4.57,48.5,86.8,1.789
33.717,21.017,0.053888,0.075328,4.645,45.5,100.9,2.218
35.081,32.62,0.068496,0.12362,5.025,57.4,110.5,1.926
30.124,32.402,0.048284,0.068278,4.94,42.3,92.7,2.19
29.744,30.356,0.044986,0.06146,4.84,54.1,95.3,1.761
17.449,16.266,0.026978,0.032726,4.25,42.6,76.5,1.795
26.72,22.131,0.046138,0.062226,4.88,37.7,93.3,2.471
14.871,16.457,0.026224,0.027218,4.61,27.2,69.3,2.551
14.871,16.457,0.026224,0.027218,4.61,46.4,76.4,1.647
14.871,16.457,0.026224,0.027218,4.55,27.2,69.3,2.551
14.871,16.457,0.026224,0.027218,4.55,46.4,76.4,1.647
13.443,14.712,0.028264,0.02431,4.61,27.2,69.3,2.551
13.443,14.712,0.028264,0.02431,4.61,46.4,76.4,1.647
13.443,14.712,0.028264,0.02431,4.55,27.2,69.3,2.551
13.443,14.712,0.028264,0.02431,4.55,46.4,76.4,1.647
13.921,15.502,0.02296,0.018606,4.66,38.3,68.4,1.788
13.921,15.502,0.02296,0.018606,4.66,45.0,76.5,1.701
13.921,15.502,0.02296,0.018606,4.56,38.3,68.4,1.788
13.921,15.502,0.02296,0.018606,4.56,45.0,76.5,1.701
12.161,14.067,0.01786,0.010482,4.66,38.3,68.4,1.788
12.161,14.067,0.01786,0.010482,4.66,45.0,76.5,1.701
12.161,14.067,0.01786,0.010482,4.56,38.3,68.4,1.788
12.161,14.067,0.01786,0.010482,4.56,45.0,76.5,1.701
25.447,20.038,0.050472,0.063618,4.5,33.5,79.0,2.359
41.498,34.306,0.042476,0.069514,4.585,41.8,80.2,1.918
30.719,21.42,0.03548,0.054628,4.6,32.7,70.8,2.165
31.611,21.83,0.03504,0.050892,4.64,39.1,75.4,1.925
66.97,72.637,0.12023,0.21496,9.165,96.1,646.7,6.727
28.548,19.525,0.039082,0.060952,4.76,38.5,77.3,2.011
32.013,28.8,0.041296,0.06433,4.805,51.6,92.5,1.794
27.532,26.768,0.043666,0.05751,4.695,52.5,95.7,1.821
33.836,31.736,0.05325,0.082162,4.78,72.5,117.0,1.613
32.148,30.236,0.055242,0.075186,4.67,47.4,88.3,1.863
28.038,23.41,0.046284,0.057368,4.665,59.0,87.3,1.479
28.927,28.202,0.055118,0.07179,4.74,45.9,85.2,1.854
46.433,34.912,0.062042,0.10985,4.935,50.0,215.0,4.301
35.314,24.098,0.057714,0.09086,5.205,60.5,114.6,1.892
39.099,32.158,0.049978,0.08261,4.905,31.0,80.3,2.591
38.908,27.165,0.048338,0.078352,4.46,31.8,126.4,3.975
24.074,30.01,0.053164,0.060194,4.74,64.1,102.4,1.597
24.074,30.01,0.053164,0.060194,4.74,22.8,53.6,2.352
24.074,30.01,0.053164,0.060194,4.415,64.1,102.4,1.597
24.074,30.01,0.053164,0.060194,4.415,22.8,53.6,2.352
13.769,16.657,0.023972,0.018602,4.74,64.1,102.4,1.597
13.769,16.657,0.023972,0.018602,4.74,22.8,53.6,2.352
13.769,16.657,0.023972,0.018602,4.415,64.1,102.4,1.597
13.769,16.657,0.023972,0.018602,4.415,22.8,53.6,2.352
21.75,20.021,0.04767,0.0554,4.635,30.7,82.1,2.677
35.574,28.641,0.060648,0.075214,4.975,43.8,104.5,2.385
33.507,28.252,0.049632,0.070488,4.905,35.2,97.2,2.761
20.386,18.671,0.036142,0.046164,4.625,31.5,78.9,2.501
41.62,30.413,0.044576,0.07794,4.63,30.3,78.0,2.573
33.984,25.054,0.042782,0.079092,4.805,32.1,124.0,3.859
28.418,21.736,0.040274,0.05747,4.705,31.3,77.1,2.464
49.32,36.269,0.048378,0.086814,4.665,34.2,84.4,2.471
27.625,26.081,0.038298,0.056134,4.64,28.4,64.2,2.264
28.369,29.947,0.048718,0.0615,5.175,57.9,140.6,2.43
24.421,18.994,0.029488,0.041896,4.595,25.9,60.8,2.346
25.962,22.773,0.031294,0.046528,4.695,28.8,65.4,2.274
31.533,23.859,0.041652,0.055626,4.57,36.5,74.4,2.038
31.494,26.871,0.045004,0.067156,4.7,42.1,85.3,2.027
23.882,30.699,0.038062,0.05058,4.575,45.9,82.8,1.802
21.106,16.409,0.033354,0.043804,4.42,61.0,95.1,1.558
28.038,26.147,0.04452,0.0619,4.805,59.7,112.8,1.888
25.691,24.19,0.039714,0.055976,4.61,52.3,83.6,1.599
25.034,30.619,0.047646,0.059568,4.795,35.4,84.5,2.386
38.381,32.421,0.039554,0.063094,4.62,28.5,86.2,3.024
29.82,30.369,0.041028,0.053746,4.54,39.0,142.0,3.638
27.856,27.854,0.042026,0.057744,4.65,36.1,82.8,2.29
40.381,36.91,0.047408,0.095756,4.595,43.8,147.3,3.366
42.023,35.311,0.050254,0.10045,4.74,47.6,117.5,2.471
41.657,38.752,0.047956,0.093856,4.795,40.3,138.5,3.436
38.19,29.003,0.058132,0.12089,4.39,73.4,123.2,1.68
40.1,34.82,0.051434,0.082454,4.645,42.3,106.2,2.509
39.469,36.89,0.049096,0.076142,4.695,47.5,90.2,1.899
42.282,48.167,0.05635,0.096868,5.29,65.5,214.6,3.277
39.118,32.943,0.049212,0.079328,5.13,45.0,243.7,5.412
40.868,38.413,0.058864,0.095808,4.9,87.0,267.4,3.073
17.694,24.259,0.032724,0.036304,4.52,38.0,137.9,3.633
21.013,27.791,0.038306,0.049626,4.62,38.3,177.3,4.63
35.21,32.059,0.039028,0.062282,4.585,45.3,160.0,3.532
29.831,27.276,0.039078,0.05289,4.635,42.0,149.0,3.549
24.497,24.894,0.041862,0.050754,4.85,35.3,79.4,2.248
33.037,28.408,0.044088,0.069592,4.735,43.2,139.5,3.227
30.093,31.238,0.045324,0.059004,4.585,43.6,136.2,3.121
31.036,30.811,0.041104,0.056048,4.57,43.1,138.0,3.202
38.251,39.695,0.056062,0.08168,6.805,44.5,174.8,3.924
31.642,31.635,0.043374,0.058002,4.83,41.2,101.4,2.459
42.5,40.064,0.045316,0.072482,4.545,47.0,129.6,2.758
39.227,32.208,0.04147,0.070616,4.385,62.1,175.8,2.832
31.326,25.63,0.03526,0.055024,4.55,32.1,156.8,4.883
23.705,24.639,0.031386,0.04344,4.57,32.8,69.2,2.112
57.713,58.29,0.085242,0.17095,8.135,68.0,373.8,5.494
59.906,62.669,0.093404,0.18775,8.29,105.5,523.2,4.96
52.972,41.469,0.048654,0.097892,5.295,27.2,86.2,3.166
32.667,26.728,0.036376,0.056394,4.85,32.5,80.9,2.487
18.855,14.254,0.02727,0.032714,4.42,25.3,72.4,2.862
34.499,40.027,0.04627,0.072046,4.985,51.9,133.4,2.571
35.359,41.308,0.038768,0.063448,4.73,36.4,119.2,3.275
42.406,42.247,0.051692,0.085394,4.965,41.1,163.7,3.986
41.08,39.016,0.040762,0.072246,4.68,26.5,70.1,2.648
18.712,20.933,0.029764,0.03886,4.49,20.9,64.6,3.094
33.109,31.001,0.044028,0.062848,5.235,34.7,112.6,3.243
19.011,18.788,0.033204,0.041176,4.99,32.9,95.7,2.913
25.548,19.453,0.037992,0.056632,6.42,32.0,90.9,2.838
29.31,23.987,0.04023,0.05697,4.96,30.9,78.9,2.552
19.711,34.964,0.036054,0.04152,5.0,27.6,87.4,3.162
46.35,39.127,0.045924,0.093776,4.77,33.1,105.0,3.171
30.638,25.075,0.034188,0.056328,4.745,29.2,94.5,3.239
23.603,23.256,0.034148,0.049026,4.925,31.5,65.4,2.077
23.177,40.822,0.040196,0.048946,5.795,27.6,105.5,3.821
18.827,24.889,0.038778,0.04579,5.845,41.3,87.0,2.108
33.189,30.229,0.040358,0.063622,4.73,29.2,91.0,3.119
38.424,28.334,0.041398,0.066696,5.2,29.0,75.0,2.588
38.424,28.334,0.041398,0.066696,5.2,39.0,73.9,1.895
38.424,28.334,0.041398,0.066696,5.335,29.0,75.0,2.588
38.424,28.334,0.041398,0.066696,5.335,39.0,73.9,1.895
36.934,33.211,0.03892,0.071348,5.2,29.0,75.0,2.588
36.934,33.211,0.03892,0.071348,5.2,39.0,73.9,1.895
36.934,33.211,0.03892,0.071348,5.335,29.0,75.0,2.588
36.934,33.211,0.03892,0.071348,5.335,39.0,73.9,1.895
26.7,22.492,0.035364,0.051508,5.105,31.3,84.7,2.704
32.379,35.415,0.049166,0.071296,5.46,33.4,90.0,2.697
24.67,23.726,0.036204,0.048648,4.575,34.7,63.1,1.821
28.695,25.86,0.044884,0.056534,4.9,26.5,93.3,3.521
26.476,22.771,0.042098,0.050192,5.25,34.2,108.8,3.182
26.316,29.899,0.04165,0.05836,5.69,30.3,78.7,2.601
27.882,16.617,0.030208,0.052238,5.135,30.1,69.6,2.316
19.327,14.946,0.023984,0.031902,4.7,14.7,66.7,4.53
27.487,19.899,0.030704,0.052946,4.95,31.5,78.4,2.487
29.607,16.389,0.03958,0.05249,4.53,32.7,113.1,3.46
24.843,30.449,0.033778,0.049306,4.59,36.9,87.4,2.368
29.845,20.043,0.050364,0.065884,4.6,32.1,112.2,3.497
29.529,31.594,0.03588,0.056006,4.705,41.3,109.8,2.656
40.784,28.6,0.05263,0.082312,5.19,34.1,142.1,4.163
23.317,23.788,0.03647,0.044772,4.625,19.1,65.1,3.404
16.32,25.637,0.028224,0.031026,5.105,27.8,102.0,3.664
20.352,18.71,0.027222,0.034526,4.445,35.9,69.4,1.934
16.86,18.385,0.030804,0.03194,4.55,24.1,61.0,2.529
20.513,16.983,0.027476,0.036276,4.755,24.0,73.8,3.072
25.725,30.123,0.034526,0.044272,4.7,26.2,85.8,3.276
31.307,23.894,0.053188,0.075868,4.93,34.6,74.3,2.149
29.774,13.949,0.03892,0.059796,4.575,21.9,70.0,3.19
37.979,22.824,0.051504,0.089294,6.08,51.9,121.9,2.351
30.991,23.664,0.046182,0.067532,5.463,38.8,113.3,2.923
42.893,31.128,0.05215,0.094262,5.595,48.8,122.4,2.512
35.035,19.78,0.038014,0.055434,4.94,25.7,106.8,4.158
24.402,18.929,0.033072,0.045444,5.305,27.0,95.8,3.548
25.271,38.04,0.04105,0.055324,6.79,49.6,154.1,3.11
30.839,21.182,0.051796,0.066988,4.69,42.2,125.2,2.965
34.503,23.135,0.040974,0.082998,4.505,32.2,72.7,2.256
17.52,13.87,0.021526,0.026338,4.525,23.2,64.6,2.785
27.621,24.427,0.043154,0.053914,4.785,41.3,101.6,2.462
24.935,17.695,0.041234,0.048258,4.92,30.4,81.0,2.668
15.729,12.639,0.029418,0.034312,4.9,23.9,62.1,2.599
18.429,22.521,0.02726,0.033174,4.735,27.2,86.0,3.167
36.543,24.713,0.042524,0.066764,5.43,29.7,103.7,3.492
41.794,21.345,0.047616,0.072246,5.325,18.4,76.7,4.174
28.385,24.894,0.02993,0.043922,4.37,30.4,106.9,3.516
26.12,12.228,0.046404,0.060428,4.88,42.3,134.3,3.173
38.418,25.867,0.047686,0.069954,5.17,27.8,106.7,3.84
27.421,17.065,0.039636,0.046624,5.13,32.9,86.3,2.626
28.677,25.017,0.03813,0.052312,4.76,28.1,124.2,4.412
48.417,25.314,0.049826,0.093058,4.815,26.4,64.8,2.456
21.982,17.526,0.035044,0.044882,4.81,42.4,79.5,1.874
19.53,13.252,0.036174,0.04722,5.063,24.1,54.1,2.242
34.308,30.607,0.043176,0.061076,4.775,25.9,63.7,2.456
55.363,41.635,0.065546,0.14527,5.77,53.7,122.6,2.281
27.159,23.048,0.039438,0.05672,4.885,39.3,70.1,1.783
32.379,23.291,0.060042,0.094862,7.975,15.7,106.9,6.791
32.379,23.291,0.060042,0.094862,7.975,20.6,55.2,2.674
32.379,23.291,0.060042,0.094862,6.615,15.7,106.9,6.791
32.379,23.291,0.060042,0.094862,6.615,20.6,55.2,2.674
33.488,24.024,0.0585,0.092156,7.975,15.7,106.9,6.791
33.488,24.024,0.0585,0.092156,7.975,20.6,55.2,2.674
33.488,24.024,0.0585,0.092156,6.615,15.7,106.9,6.791
33.488,24.024,0.0585,0.092156,6.615,20.6,55.2,2.674
19.207,25.82,0.035292,0.040286,4.88,33.8,72.7,2.15
19.207,25.82,0.035292,0.040286,4.88,36.3,68.3,1.882
19.207,25.82,0.035292,0.040286,4.655,33.8,72.7,2.15
19.207,25.82,0.035292,0.040286,4.655,36.3,68.3,1.882
11.198,14.279,0.016794,0.008556,4.88,33.8,72.7,2.15
11.198,14.279,0.016794,0.008556,4.88,36.3,68.3,1.882
11.198,14.279,0.016794,0.008556,4.655,33.8,72.7,2.15
11.198,14.279,0.016794,0.008556,4.655,36.3,68.3,1.882
36.147,36.657,0.040792,0.077452,5.03,33.8,86.0,2.545
28.654,28.52,0.035852,0.053544,5.055,34.7,57.9,1.666
19.545,19.378,0.03174,0.037924,4.69,43.0,76.1,1.767
19.066,17.876,0.031348,0.03875,5.255,33.9,85.4,2.521
21.585,17.572,0.029074,0.040134,4.675,22.4,75.9,3.385
30.7,21.836,0.03999,0.061824,4.965,46.1,112.0,2.428
32.276,18.062,0.036328,0.054136,4.745,48.9,93.1,1.904
59.262,50.153,0.064128,0.17152,8.7,44.3,88.5,1.997
59.262,50.153,0.064128,0.17152,8.7,44.5,174.4,3.921
59.262,50.153,0.064128,0.17152,4.865,44.3,88.5,1.997
59.262,50.153,0.064128,0.17152,4.865,44.5,174.4,3.921
36.041,33.042,0.055534,0.079344,8.7,44.3,88.5,1.997
36.041,33.042,0.055534,0.079344,8.7,44.5,174.4,3.921
36.041,33.042,0.055534,0.079344,4.865,44.3,88.5,1.997
36.041,33.042,0.055534,0.079344,4.865,44.5,174.4,3.921
34.217,29.657,0.059546,0.072318,5.19,38.4,79.8,2.08
19.562,12.154,0.032903,0.042787,5.98,26.3,88.7,3.375
22.866,22.098,0.03204,0.042218,4.465,35.5,85.4,2.406
30.043,24.055,0.036078,0.05093,4.845,22.3,81.2,3.639
36.675,23.144,0.030742,0.057806,4.615,30.9,95.3,3.081
36.675,23.144,0.030742,0.057806,4.615,32.9,109.0,3.317
36.675,23.144,0.030742,0.057806,4.53,30.9,95.3,3.081
36.675,23.144,0.030742,0.057806,4.53,32.9,109.0,3.317
50.221,28.287,0.03825,0.082172,4.615,30.9,95.3,3.081
50.221,28.287,0.03825,0.082172,4.615,32.9,109.0,3.317
50.221,28.287,0.03825,0.082172,4.53,30.9,95.3,3.081
50.221,28.287,0.03825,0.082172,4.53,32.9,109.0,3.317
49.052,38.622,0.052754,0.098462,4.815,46.9,83.5,1.78
49.052,38.622,0.052754,0.098462,4.815,35.1,90.8,2.587
49.052,38.622,0.052754,0.098462,5.465,46.9,83.5,1.78
49.052,38.622,0.052754,0.098462,5.465,35.1,90.8,2.587
56.731,19.861,0.047514,0.11495,4.815,46.9,83.5,1.78
56.731,19.861,0.047514,0.11495,4.815,35.1,90.8,2.587
56.731,19.861,0.047514,0.11495,5.465,46.9,83.5,1.78
56.731,19.861,0.047514,0.11495,5.465,35.1,90.8,2.587
40.776,33.238,0.045774,0.076468,4.83,33.2,118.6,3.57
25.803,21.488,0.026592,0.03905,4.605,17.6,65.0,3.688
25.803,21.488,0.026592,0.03905,4.605,29.1,104.2,3.575
25.803,21.488,0.026592,0.03905,4.49,17.6,65.0,3.688
25.803,21.488,0.026592,0.03905,4.49,29.1,104.2,3.575
19.103,15.435,0.023886,0.031892,4.605,17.6,65.0,3.688
19.103,15.435,0.023886,0.031892,4.605,29.1,104.2,3.575
19.103,15.435,0.023886,0.031892,4.49,17.6,65.0,3.688
19.103,15.435,0.023886,0.031892,4.49,29.1,104.2,3.575
30.629,28.95,0.033264,0.054852,4.757,24.4,76.5,3.133
39.233,25.79,0.044578,0.068704,5.805,30.8,134.4,4.37
36.697,36.256,0.04276,0.075046,4.645,29.9,119.4,3.993
12.908,11.449,0.017896,0.00946,5.035,32.6,195.2,5.985
33.618,22.146,0.03456,0.061162,5.0,32.2,68.6,2.128
17.557,10.297,0.026624,0.030956,4.465,33.9,225.1,6.645
13.507,10.485,0.01016,0.006686,3.63,25.1,69.3,2.762
25.515,19.052,0.033736,0.048228,4.64,33.3,86.8,2.602
25.515,19.052,0.033736,0.048228,4.64,21.9,78.2,3.567
25.515,19.052,0.033736,0.048228,3.83,33.3,86.8,2.602
25.515,19.052,0.033736,0.048228,3.83,21.9,78.2,3.567
39.25,37.155,0.03544,0.055876,4.64,33.3,86.8,2.602
39.25,37.155,0.03544,0.055876,4.64,21.9,78.2,3.567
39.25,37.155,0.03544,0.055876,3.83,33.3,86.8,2.602
39.25,37.155,0.03544,0.055876,3.83,21.9,78.2,3.567
27.8,18.367,0.032496,0.05134,4.51,43.0,95.3,2.217
27.862,16.984,0.034536,0.054354,4.84,27.5,104.0,3.785
31.218,26.088,0.043616,0.061616,4.53,21.2,98.9,4.669
21.681,19.62,0.02783,0.03577,4.84,33.9,115.5,3.405
39.137,21.304,0.040546,0.070086,4.625,24.0,76.8,3.195
28.1,19.271,0.042114,0.05077,5.415,37.8,177.1,4.679
27.422,22.327,0.037838,0.047284,4.585,22.8,65.6,2.876
23.539,18.805,0.033534,0.043664,4.59,34.9,87.4,2.505
25.178,21.278,0.02853,0.037782,4.71,21.5,68.4,3.173
27.039,16.261,0.034142,0.05054,5.82,28.3,66.9,2.363
20.264,14.783,0.030854,0.037388,4.645,32.3,65.3,2.02
35.458,25.054,0.04128,0.053216,4.37,28.6,77.1,2.692
20.222,16.437,0.027108,0.034244,4.86,19.8,53.4,2.694
17.65,27.239,0.03171,0.035046,4.33,21.4,78.2,3.654
36.446,29.898,0.042232,0.062322,4.53,26.6,66.3,2.494
24.307,17.742,0.029538,0.0435,4.345,18.9,41.9,2.215
24.307,17.742,0.029538,0.0435,4.345,25.6,54.1,2.11
24.307,17.742,0.029538,0.0435,4.79,18.9,41.9,2.215
24.307,17.742,0.029538,0.0435,4.79,25.6,54.1,2.11
24.388,18.422,0.034448,0.049402,4.345,18.9,41.9,2.215
24.388,18.422,0.034448,0.049402,4.345,25.6,54.1,2.11
24.388,18.422,0.034448,0.049402,4.79,18.9,41.9,2.215
24.388,18.422,0.034448,0.049402,4.79,25.6,54.1,2.11
24.509,31.438,0.039344,0.052608,4.79,19.0,63.5,3.339
24.509,31.438,0.039344,0.052608,4.79,23.3,66.5,2.853
24.509,31.438,0.039344,0.052608,4.52,19.0,63.5,3.339
24.509,31.438,0.039344,0.052608,4.52,23.3,66.5,2.853
26.824,38.005,0.039344,0.050024,4.79,19.0,63.5,3.339
26.824,38.005,0.039344,0.050024,4.79,23.3,66.5,2.853
26.824,38.005,0.039344,0.050024,4.52,19.0,63.5,3.339
26.824,38.005,0.039344,0.050024,4.52,23.3,66.5,2.853
27.156,34.282,0.038022,0.047682,5.905,23.2,119.4,5.144
25.571,31.498,0.042256,0.051696,4.445,26.7,81.9,3.071
21.64,23.516,0.036792,0.049382,5.7,29.0,66.5,2.29
45.138,33.928,0.040346,0.08617,5.08,21.7,64.9,2.985
41.949,29.253,0.040406,0.071998,4.385,16.0,39.0,2.437
30.289,22.471,0.041304,0.051914,4.24,23.4,79.2,3.388
26.94,22.259,0.04286,0.055892,4.415,24.7,73.9,2.994
18.46,14.676,0.025934,0.033508,4.43,22.2,58.2,2.617
29.628,32.515,0.043648,0.057894,5.465,22.3,54.7,2.45
31.17,17.435,0.03866,0.051294,4.75,21.7,58.2,2.687
30.063,23.848,0.032338,0.054128,4.575,23.8,51.4,2.162
36.392,18.443,0.038572,0.054698,4.47,25.2,94.3,3.742
57.105,33.417,0.052292,0.11218,6.655,35.8,112.7,3.145
21.438,27.513,0.040966,0.045458,4.485,33.1,77.1,2.33
64.066,62.009,0.076914,0.1962,4.21,49.8,290.4,5.83
55.108,58.221,0.062074,0.14709,4.16,36.2,304.6,8.418
37.809,31.718,0.048662,0.072148,4.655,40.2,113.1,2.816
29.71,21.567,0.035094,0.044238,4.515,24.2,64.9,2.678
24.681,16.486,0.03359,0.04291,4.625,23.1,57.9,2.509
19.876,17.395,0.026626,0.030048,4.24,19.0,58.2,3.056
33.725,19.413,0.035414,0.050752,6.32,30.2,87.9,2.909
28.017,18.184,0.03711,0.048808,6.04,29.5,84.3,2.858
18.039,15.598,0.027854,0.02969,4.39,21.6,55.9,2.589
16.17,17.182,0.02727,0.030542,4.455,20.2,55.6,2.754
21.041,19.511,0.031796,0.035832,4.39,23.6,81.1,3.428
19.507,14.833,0.033214,0.04204,4.84,18.6,48.0,2.586
32.028,25.022,0.044956,0.060146,4.755,25.6,72.5,2.828
30.266,22.824,0.046452,0.065422,4.73,27.1,59.8,2.204
21.951,16.703,0.03629,0.04405,4.48,22.2,64.9,2.922
59.007,30.877,0.047976,0.086432,4.675,27.6,88.6,3.209
34.031,18.64,0.047648,0.064176,5.705,24.1,57.1,2.372
31.06,20.779,0.052502,0.068376,5.425,34.3,72.7,2.115
31.437,22.231,0.04051,0.056426,4.71,34.5,86.4,2.502
24.954,20.589,0.03711,0.045406,4.455,16.2,147.1,9.062
34.052,20.942,0.0443,0.059984,4.565,35.4,81.3,2.299
28.199,21.727,0.036204,0.053016,4.435,31.9,75.5,2.368
16.47,13.844,0.039344,0.04272,4.36,29.4,73.1,2.485
19.094,17.966,0.031018,0.036278,4.47,22.2,51.6,2.324
19.288,16.156,0.027532,0.030038,4.39,20.2,60.1,2.972
23.329,20.54,0.03116,0.039078,4.37,31.2,69.8,2.235
23.681,19.612,0.03408,0.04466,4.38,32.9,68.1,2.066
26.977,23.05,0.03606,0.050748,4.28,30.0,58.6,1.95
34.556,21.768,0.037392,0.060776,4.365,18.2,47.8,2.629
17.833,17.808,0.033252,0.037814,4.425,26.6,71.3,2.682
24.292,18.292,0.041666,0.050464,4.21,24.5,69.7,2.846
37.005,21.569,0.055856,0.079518,4.735,19.9,83.6,4.205
22.8,13.867,0.031402,0.03729,4.6,20.7,67.3,3.252
22.604,15.436,0.03267,0.039882,4.74,19.8,50.1,2.533
17.501,12.503,0.031774,0.031446,4.755,20.2,67.6,3.337
25.307,22.889,0.039118,0.060082,5.0,24.7,97.9,3.959
44.048,21.602,0.04986,0.079324,5.285,33.2,108.9,3.283
50.043,45.261,0.048624,0.095894,5.097,30.0,124.1,4.14
46.454,39.26,0.045696,0.077594,4.55,24.2,116.0,4.8
23.662,16.441,0.034614,0.050428,4.23,54.2,167.6,3.09
19.588,20.331,0.035502,0.04446,4.145,28.5,69.8,2.448
16.048,20.374,0.034874,0.034748,4.47,33.7,130.2,3.863
19.497,10.355,0.041068,0.04141,4.58,34.4,164.1,4.776
25.353,13.676,0.041894,0.044472,4.74,34.8,133.5,3.839
23.376,13.902,0.047136,0.054344,4.65,33.8,125.5,3.712
20.452,10.106,0.033388,0.03503,5.09,30.3,93.8,3.1
59.657,59.34,0.15578,0.30001,8.61,62.8,457.6,7.285
51.272,55.85,0.12445,0.27619,8.7,54.5,629.3,11.552
51.272,55.85,0.12445,0.27619,8.7,39.0,484.7,12.422
51.272,55.85,0.12445,0.27619,8.79,54.5,629.3,11.552
51.272,55.85,0.12445,0.27619,8.79,39.0,484.7,12.422
58.956,43.152,0.096442,0.20631,8.7,54.5,629.3,11.552
58.956,43.152,0.096442,0.20631,8.7,39.0,484.7,12.422
58.956,43.152,0.096442,0.20631,8.79,54.5,629.3,11.552
58.956,43.152,0.096442,0.20631,8.79,39.0,484.7,12.422
64.779,66.46,0.13897,0.26633,8.66,92.1,534.9,5.806
64.779,66.46,0.13897,0.26633,8.66,54.3,408.3,7.516
64.779,66.46,0.13897,0.26633,8.83,92.1,534.9,5.806
64.779,66.46,0.13897,0.26633,8.83,54.3,408.3,7.516
51.498,42.002,0.090266,0.19482,8.66,92.1,534.9,5.806
51.498,42.002,0.090266,0.19482,8.66,54.3,408.3,7.516
51.498,42.002,0.090266,0.19482,8.83,92.1,534.9,5.806
51.498,42.002,0.090266,0.19482,8.83,54.3,408.3,7.516
41.955,23.82,0.046632,0.069938,4.83,21.4,53.9,2.523
53.96,30.607,0.04855,0.094276,4.92,20.2,53.0,2.618
28.247,20.934,0.040066,0.057088,4.855,18.9,53.6,2.836
26.94,17.648,0.044838,0.054584,4.745,9.1,21.2,2.318
28.625,19.633,0.045492,0.057768,4.67,16.8,38.3,2.286
22.63,15.159,0.040612,0.050736,4.715,10.2,34.5,3.394
18.384,11.167,0.03563,0.038214,4.73,18.4,45.3,2.463
22.959,22.786,0.033566,0.043212,4.31,14.9,24.3,1.628
27.455,25.543,0.032326,0.039974,4.25,14.5,42.3,2.923
24.192,25.454,0.037022,0.04936,4.24,8.7,25.3,2.928
23.644,23.116,0.036764,0.042844,4.58,15.5,60.4,3.893
21.015,23.466,0.04162,0.044326,4.48,23.3,44.8,1.922
10.468,10.289,0.01186,0.004956,4.1,18.9,36.2,1.918
15.439,14.671,0.026674,0.029104,4.17,39.1,367.2,9.396
13.028,10.943,0.01231,0.008778,3.895,18.4,152.8,8.295
31.918,28.817,0.043758,0.061684,4.465,21.6,136.7,6.325
28.993,27.846,0.035954,0.054928,4.285,21.3,72.0,3.389
32.86,32.867,0.043956,0.065084,4.44,26.8,78.0,2.911
29.576,27.808,0.039526,0.059488,4.4,26.7,61.5,2.305
26.043,17.926,0.03836,0.046438,4.59,24.6,96.7,3.923
28.724,31.059,0.043862,0.062186,4.605,26.8,81.5,3.041
26.454,23.547,0.039448,0.045068,4.535,22.0,50.3,2.282
30.324,23.219,0.037362,0.054776,4.3,15.0,97.3,6.499
23.073,19.793,0.034474,0.043388,4.245,13.2,45.0,3.413
30.301,22.959,0.050118,0.061244,5.935,17.7,81.4,4.587
37.113,37.074,0.045152,0.067208,5.657,19.3,58.4,3.032
27.813,15.613,0.035338,0.0545,4.473,16.7,60.1,3.603
23.576,18.187,0.03301,0.048764,5.257,21.5,78.5,3.644
30.027,18.478,0.033906,0.057904,4.64,19.5,48.0,2.459
29.229,14.63,0.033072,0.046312,4.35,20.9,89.6,4.284
44.278,27.972,0.060304,0.11626,6.775,30.4,200.0,6.576
45.897,40.284,0.048144,0.094028,5.835,28.9,196.3,6.793
23.143,29.007,0.03008,0.04244,4.275,19.2,99.9,5.199
40.838,27.909,0.06146,0.10248,4.615,24.0,117.2,4.872
32.158,43.57,0.035982,0.055608,4.695,29.3,110.1,3.755
38.587,32.541,0.042264,0.070094,4.705,25.6,88.0,3.44
27.355,19.952,0.034072,0.046148,4.48,17.1,84.7,4.947
20.678,15.386,0.022398,0.030054,4.41,12.4,37.6,3.039
23.97,28.946,0.041028,0.048772,4.835,22.8,63.2,2.768
18.473,17.973,0.021266,0.024874,4.345,14.8,58.8,3.971
22.49,15.821,0.038496,0.049258,5.075,14.2,50.5,3.553
30.473,26.428,0.03389,0.048914,4.475,18.6,75.5,4.061
30.74,23.191,0.04279,0.06587,4.565,15.3,41.8,2.724
31.479,27.064,0.03962,0.063306,4.23,23.2,78.8,3.4
20.24,13.938,0.024802,0.03251,4.545,23.1,76.6,3.322
27.603,25.999,0.03508,0.054228,4.325,20.7,75.6,3.658
30.694,14.786,0.030208,0.043924,4.225,18.9,102.8,5.427
27.385,18.142,0.035046,0.048618,5.355,13.8,42.8,3.108
34.281,26.662,0.047498,0.068816,4.635,17.9,55.5,3.107
24.724,33.54,0.047858,0.055056,6.795,32.9,362.8,11.024
23.525,16.742,0.037422,0.049066,4.38,15.6,51.8,3.314
22.62,19.775,0.030316,0.04354,4.165,16.9,46.9,2.77
33.691,21.633,0.04638,0.065366,4.385,24.4,86.1,3.531
19.62,14.441,0.02935,0.038832,4.265,18.4,55.4,3.007
25.7,23.188,0.042562,0.064256,5.32,40.1,245.9,6.128
24.913,18.111,0.030476,0.048302,4.645,19.6,59.9,3.059
21.839,16.896,0.026784,0.039014,4.685,23.8,94.0,3.944
36.472,47.862,0.041368,0.064634,5.135,20.2,100.3,4.968
23.273,13.671,0.04922,0.061168,5.15,23.4,56.4,2.407
29.516,16.6,0.032196,0.05253,4.895,16.4,71.3,4.344
26.228,16.591,0.028556,0.047914,4.325,27.8,93.7,3.375
23.968,23.492,0.027728,0.040846,4.335,25.1,80.5,3.209
25.012,12.324,0.037952,0.05199,4.61,26.0,142.3,5.467
23.633,31.911,0.035212,0.046528,4.683,30.8,109.1,3.538
39.268,22.734,0.036166,0.058138,4.35,36.1,74.8,2.074
36.539,26.673,0.03307,0.05953,5.04,19.8,67.9,3.433
27.022,17.369,0.033298,0.049276,4.835,23.2,73.4,3.16
25.379,22.655,0.035542,0.050526,4.695,20.0,68.3,3.415
25.379,22.655,0.035542,0.050526,4.695,22.8,57.9,2.537
25.379,22.655,0.035542,0.050526,4.7,20.0,68.3,3.415
25.379,22.655,0.035542,0.050526,4.7,22.8,57.9,2.537
26.597,22.334,0.033416,0.047676,4.695,20.0,68.3,3.415
26.597,22.334,0.033416,0.047676,4.695,22.8,57.9,2.537
26.597,22.334,0.033416,0.047676,4.7,20.0,68.3,3.415
26.597,22.334,0.033416,0.047676,4.7,22.8,57.9,2.537
31.595,20.168,0.044066,0.07242,5.02,20.7,78.9,3.81
76.438,44.505,0.048348,0.16697,4.635,24.3,124.1,5.108
48.305,26.152,0.045876,0.091168,4.565,15.9,47.2,2.97
17.91,16.346,0.032984,0.03999,4.61,20.9,59.2,2.835
28.43,20.488,0.041172,0.056224,4.845,22.0,65.3,2.971
27.135,25.09,0.037198,0.05025,4.66,16.7,31.9,1.913
22.284,24.608,0.034496,0.043656,4.64,16.5,41.0,2.494
52.808,39.759,0.06426,0.12978,5.39,45.5,83.9,1.846
26.045,25.287,0.037934,0.059448,4.74,20.2,52.0,2.575
28.509,26.3,0.040044,0.051894,4.65,24.7,64.7,2.624
45.787,42.082,0.055028,0.095718,4.77,28.7,124.3,4.327
23.045,17.746,0.043036,0.064078,6.195,21.3,47.4,2.219
18.753,24.702,0.034692,0.037364,4.34,18.3,45.9,2.502
18.753,24.702,0.034692,0.037364,4.34,17.3,37.2,2.145
18.753,24.702,0.034692,0.037364,4.155,18.3,45.9,2.502
18.753,24.702,0.034692,0.037364,4.155,17.3,37.2,2.145
10.856,15.723,0.015396,0.007562,4.34,18.3,45.9,2.502
10.856,15.723,0.015396,0.007562,4.34,17.3,37.2,2.145
10.856,15.723,0.015396,0.007562,4.155,18.3,45.9,2.502
10.856,15.723,0.015396,0.007562,4.155,17.3,37.2,2.145
27.067,23.228,0.033472,0.057372,4.62,22.1,92.8,4.197
50.758,57.545,0.10638,0.19223,8.795,28.7,443.1,15.426
24.02,25.323,0.034204,0.05026,4.655,22.3,61.5,2.757
32.164,34.168,0.050166,0.06771,4.54,16.2,70.5,4.359
38.52,24.698,0.03599,0.06662,4.715,24.1,114.7,4.76
20.344,18.027,0.027964,0.035666,4.605,20.5,61.5,2.997
30.481,25.172,0.04243,0.05286,4.835,29.8,133.9,4.486
32.776,24.834,0.049836,0.060868,5.473,22.2,139.0,6.256
35.773,21.293,0.041484,0.066838,4.8,20.4,55.0,2.69
35.035,32.676,0.04989,0.070858,4.955,17.2,66.5,3.871
32.851,29.589,0.055896,0.071694,4.845,24.3,74.2,3.06
27.738,18.593,0.030192,0.053268,4.375,19.2,61.2,3.185
18.847,13.24,0.029584,0.037642,5.635,22.2,75.1,3.385
28.515,22.414,0.036638,0.054662,4.575,18.1,63.2,3.484
22.536,22.569,0.026406,0.035898,4.245,15.5,70.2,4.519
34.157,21.998,0.036472,0.06655,5.235,24.2,79.6,3.293
26.444,27.677,0.032306,0.049098,4.735,20.8,89.2,4.294
26.444,27.677,0.032306,0.049098,4.735,15.4,59.1,3.835
26.444,27.677,0.032306,0.049098,4.735,15.4,59.1,3.835
26.444,27.677,0.032306,0.049098,4.58,20.8,89.2,4.294
26.444,27.677,0.032306,0.049098,4.58,15.4,59.1,3.835
26.444,27.677,0.032306,0.049098,4.58,15.4,59.1,3.835
34.819,27.634,0.04258,0.068856,4.735,20.8,89.2,4.294
34.819,27.634,0.04258,0.068856,4.735,15.4,59.1,3.835
34.819,27.634,0.04258,0.068856,4.735,15.4,59.1,3.835
34.819,27.634,0.04258,0.068856,4.58,20.8,89.2,4.294
34.819,27.634,0.04258,0.068856,4.58,15.4,59.1,3.835
34.819,27.634,0.04258,0.068856,4.58,15.4,59.1,3.835
47.891,40.736,0.064288,0.13845,5.01,38.1,129.5,3.404
34.22,17.435,0.037504,0.0602,4.72,16.7,37.4,2.247
34.22,17.435,0.037504,0.0602,4.72,26.5,121.8,4.601
34.22,17.435,0.037504,0.0602,5.025,16.7,37.4,2.247
34.22,17.435,0.037504,0.0602,5.025,26.5,121.8,4.601
43.744,34.775,0.041366,0.074826,4.72,16.7,37.4,2.247
43.744,34.775,0.041366,0.074826,4.72,26.5,121.8,4.601
43.744,34.775,0.041366,0.074826,5.025,16.7,37.4,2.247
43.744,34.775,0.041366,0.074826,5.025,26.5,121.8,4.601
39.511,29.012,0.0432,0.068854,4.855,25.8,80.5,3.121
39.511,29.012,0.0432,0.068854,4.855,21.5,59.7,2.773
39.511,29.012,0.0432,0.068854,4.705,25.8,80.5,3.121
39.511,29.012,0.0432,0.068854,4.705,21.5,59.7,2.773
35.044,36.704,0.038416,0.06252,4.855,25.8,80.5,3.121
35.044,36.704,0.038416,0.06252,4.855,21.5,59.7,2.773
35.044,36.704,0.038416,0.06252,4.705,25.8,80.5,3.121
35.044,36.704,0.038416,0.06252,4.705,21.5,59.7,2.773
50.476,29.218,0.051102,0.10775,4.735,25.4,121.2,4.775
36.52,45.073,0.03555,0.061016,4.515,22.8,90.4,3.962
29.089,21.902,0.033408,0.055244,4.66,30.8,94.4,3.062
37.7,42.232,0.04443,0.0722,5.49,25.5,121.4,4.761
28.579,20.471,0.031436,0.048448,4.855,20.1,63.4,3.158
21.903,25.333,0.026114,0.034604,4.345,23.7,86.3,3.636
24.157,17.16,0.02767,0.037138,4.755,20.1,63.4,3.147
16.709,20.764,0.03094,0.034424,3.935,25.3,70.7,2.801
34.675,21.155,0.046028,0.0764,5.73,22.5,83.5,3.706
28.099,23.373,0.03777,0.062542,4.655,25.2,54.2,2.153
35.456,21.481,0.055754,0.07559,5.32,22.5,61.2,2.718
15.983,11.685,0.027024,0.03088,4.69,24.8,86.3,3.474
21.77,15.698,0.035372,0.046506,4.455,28.7,103.6,3.608
57.851,49.113,0.055564,0.16671,8.64,29.0,146.5,5.045
57.851,49.113,0.055564,0.16671,8.64,23.4,65.4,2.789
57.851,49.113,0.055564,0.16671,4.92,29.0,146.5,5.045
57.851,49.113,0.055564,0.16671,4.92,23.4,65.4,2.789
30.062,28.902,0.042572,0.06036,8.64,29.0,146.5,5.045
30.062,28.902,0.042572,0.06036,8.64,23.4,65.4,2.789
30.062,28.902,0.042572,0.06036,4.92,29.0,146.5,5.045
30.062,28.902,0.042572,0.06036,4.92,23.4,65.4,2.789
35.716,29.218,0.042798,0.06361,5.025,23.3,77.6,3.334
19.71,20.325,0.02217,0.027352,4.77,22.4,74.8,3.338
34.202,28.641,0.042722,0.063246,4.895,16.3,71.8,4.41
21.763,18.676,0.030332,0.040116,5.28,25.1,95.9,3.819
20.026,17.042,0.030908,0.037048,5.165,29.8,66.4,2.229
30.207,16.998,0.035336,0.063354,5.27,19.7,68.5,3.484
35.964,26.471,0.033306,0.054812,4.84,20.8,54.3,2.612
40.634,31.482,0.047542,0.08599,4.91,20.3,60.4,2.973
17.327,27.331,0.027162,0.03012,4.84,21.5,72.6,3.375
48.393,37.682,0.05348,0.1123,7.19,18.5,65.1,3.512
39.215,30.831,0.037496,0.069644,4.64,21.6,91.2,4.216
42.936,35.804,0.042188,0.066356,4.455,27.7,68.5,2.474
25.472,23.172,0.034088,0.050814,4.795,16.8,39.2,2.33
28.053,38.922,0.039786,0.057458,5.905,26.1,120.1,4.611
18.106,23.732,0.032102,0.036572,5.045,30.8,61.4,1.992
18.466,22.364,0.037496,0.045154,5.83,28.5,56.6,1.985
39.521,30.773,0.047036,0.08155,4.755,21.3,81.5,3.827
40.111,29.32,0.033834,0.067706,4.95,16.4,50.4,3.073
34.156,36.969,0.039712,0.058148,5.1,21.7,74.2,3.414
27.849,26.305,0.041098,0.059118,4.935,19.9,48.6,2.437
31.054,26.1,0.037542,0.05421,4.77,25.5,95.2,3.733
30.276,25.787,0.043918,0.059094,4.76,25.5,67.6,2.649
35.618,36.111,0.048632,0.069632,5.69,19.8,64.0,3.239
29.204,15.882,0.031348,0.05045,4.715,20.1,75.7,3.77
28.827,21.344,0.0364,0.045372,4.76,23.3,122.0,5.231
37.883,20.601,0.06633,0.099558,5.005,14.2,37.9,2.67
20.784,11.649,0.027084,0.031208,4.55,22.2,81.1,3.647
45.984,29.724,0.05496,0.10174,6.99,25.2,116.4,4.626
22.326,25.303,0.031206,0.04237,4.73,25.9,111.6,4.312
37.347,24.934,0.058366,0.089486,4.745,29.8,168.1,5.635
27.768,33.851,0.042152,0.056276,4.805,26.2,86.7,3.31
41.192,34.324,0.04735,0.078276,4.87,27.5,247.8,9.026
28.567,22.173,0.03689,0.054526,4.71,16.3,70.2,4.293
17.409,13.828,0.026406,0.030862,4.68,20.9,47.0,2.246
15.986,16.05,0.023674,0.026932,4.475,20.5,65.4,3.185
45.097,34.204,0.04036,0.08831,7.435,27.5,108.9,3.956
21.092,21.104,0.029766,0.038864,4.63,20.1,58.0,2.89
25.304,19.77,0.040912,0.05604,5.205,25.5,77.7,3.05
25.117,26.309,0.035888,0.050438,4.82,23.5,110.4,4.706
29.572,25.693,0.046924,0.066934,4.94,13.7,34.2,2.5
34.022,28.779,0.035676,0.063792,4.63,23.4,77.2,3.296
30.974,14.001,0.027906,0.051526,4.545,14.2,46.1,3.243
34.687,20.717,0.04487,0.069736,6.425,23.1,52.7,2.284
21.826,12.616,0.03182,0.036526,4.87,24.6,129.9,5.27
23.706,20.871,0.031774,0.045754,4.58,20.6,70.6,3.423
30.207,18.342,0.034314,0.055102,4.745,14.4,45.3,3.15
29.291,22.218,0.028042,0.041084,5.995,28.1,85.6,3.043
32.014,24.363,0.04365,0.062784,4.95,19.7,61.4,3.119
27.754,33.744,0.034866,0.052694,7.415,33.4,135.7,4.057
24.209,19.003,0.036252,0.048656,4.82,23.1,80.5,3.482
27.066,22.33,0.036816,0.054784,4.93,20.6,76.5,3.719
34.568,21.135,0.04486,0.058552,4.675,24.6,81.0,3.296
29.347,17.911,0.057608,0.097104,4.69,30.7,57.2,1.866
17.702,13.878,0.029608,0.033756,4.87,18.5,67.3,3.63
24.303,21.597,0.040476,0.04768,5.05,25.3,94.2,3.72
25.425,18.803,0.032764,0.04724,5.035,20.8,62.9,3.018
29.623,27.93,0.040156,0.057962,5.02,22.7,78.5,3.456
27.556,32.329,0.035038,0.046762,4.96,28.1,103.8,3.691
32.976,24.41,0.042406,0.064506,5.605,27.1,80.0,2.957
40.85,21.911,0.050346,0.081288,5.855,18.1,89.9,4.965
27.91,27.196,0.035504,0.051904,4.66,29.5,89.1,3.017
27.47,16.264,0.042516,0.063844,5.06,30.4,143.3,4.71
52.366,27.168,0.045444,0.095316,4.795,28.2,104.8,3.713
37.379,28.04,0.051764,0.073788,5.52,26.7,77.6,2.91
26.925,15.315,0.041876,0.045474,5.375,23.9,74.3,3.105
25.616,27.024,0.036706,0.0485,4.84,34.3,127.3,3.715
29.874,21.123,0.050952,0.071378,5.34,19.2,81.6,4.249
44.453,26.315,0.037378,0.07914,4.585,14.7,50.4,3.424
46.814,27.733,0.041964,0.078696,4.73,19.8,55.0,2.777
20.446,17.832,0.034282,0.04386,4.91,21.3,53.3,2.505
27.088,21.924,0.0333,0.053706,4.89,16.7,43.4,2.6
17.13,17.73,0.028326,0.033862,4.94,15.3,43.7,2.853
21.732,23.957,0.037266,0.049402,5.12,15.1,34.6,2.292
52.611,40.303,0.063814,0.13038,5.44,28.2,65.0,2.307
25.988,32.259,0.050654,0.06648,5.015,23.9,45.9,1.916
25.988,32.259,0.050654,0.06648,5.015,26.1,59.6,2.284
25.988,32.259,0.050654,0.06648,4.96,23.9,45.9,1.916
25.988,32.259,0.050654,0.06648,4.96,26.1,59.6,2.284
25.141,23.281,0.042294,0.059688,5.015,23.9,45.9,1.916
25.141,23.281,0.042294,0.059688,5.015,26.1,59.6,2.284
25.141,23.281,0.042294,0.059688,4.96,23.9,45.9,1.916
25.141,23.281,0.042294,0.059688,4.96,26.1,59.6,2.284
50.777,42.891,0.056012,0.12018,5.105,23.9,54.6,2.283
28.588,24.866,0.040596,0.066666,4.91,22.2,57.3,2.577
24.709,19.795,0.05547,0.067564,7.33,25.6,73.6,2.871
14.698,21.487,0.030906,0.032226,4.8,25.5,54.4,2.136
14.698,21.487,0.030906,0.032226,4.8,15.3,45.6,2.985
14.698,21.487,0.030906,0.032226,4.75,25.5,54.4,2.136
14.698,21.487,0.030906,0.032226,4.75,15.3,45.6,2.985
10.66,14.764,0.019408,0.009694,4.8,25.5,54.4,2.136
10.66,14.764,0.019408,0.009694,4.8,15.3,45.6,2.985
10.66,14.764,0.019408,0.009694,4.75,25.5,54.4,2.136
10.66,14.764,0.019408,0.009694,4.75,15.3,45.6,2.985
29.119,24.72,0.035118,0.056694,5.06,20.4,102.3,5.015
25.276,25.527,0.038828,0.04859,4.795,15.4,64.1,4.154
23.353,21.349,0.032692,0.045994,4.845,14.3,36.1,2.526
27.078,27.985,0.0432,0.063294,6.52,11.3,34.5,3.055
44.497,25.89,0.053306,0.08754,6.093,23.4,70.9,3.025
19.984,16.693,0.028718,0.035894,4.875,19.3,59.2,3.061
21.478,14.527,0.030836,0.038178,4.825,20.4,52.8,2.588
31.553,22.196,0.045836,0.05541,5.31,27.0,107.0,3.965
30.628,17.899,0.038982,0.051798,4.915,17.6,64.2,3.653
24.413,24.206,0.034662,0.043318,4.99,23.1,78.6,3.405
24.413,24.206,0.034662,0.043318,4.99,24.9,76.0,3.054
24.413,24.206,0.034662,0.043318,4.84,23.1,78.6,3.405
24.413,24.206,0.034662,0.043318,4.84,24.9,76.0,3.054
34.47,27.908,0.042628,0.065946,4.99,23.1,78.6,3.405
34.47,27.908,0.042628,0.065946,4.99,24.9,76.0,3.054
34.47,27.908,0.042628,0.065946,4.84,23.1,78.6,3.405
34.47,27.908,0.042628,0.065946,4.84,24.9,76.0,3.054
36.227,30.649,0.05079,0.068104,5.31,25.9,76.2,2.936
36.227,30.649,0.05079,0.068104,5.31,21.5,74.2,3.459
36.227,30.649,0.05079,0.068104,4.665,25.9,76.2,2.936
36.227,30.649,0.05079,0.068104,4.665,21.5,74.2,3.459
31.678,29.913,0.039076,0.055584,5.31,25.9,76.2,2.936
31.678,29.913,0.039076,0.055584,5.31,21.5,74.2,3.459
31.678,29.913,0.039076,0.055584,4.665,25.9,76.2,2.936
31.678,29.913,0.039076,0.055584,4.665,21.5,74.2,3.459
41.194,45.348,0.045688,0.077702,4.82,30.8,120.6,3.912
26.444,20.966,0.032766,0.045906,5.09,16.2,50.9,3.139
13.382,12.349,0.01349,0.009332,4.665,23.2,53.5,2.312
29.648,23.863,0.04552,0.062754,4.55,23.3,45.4,1.949
35.582,19.101,0.041792,0.064626,4.655,20.2,78.0,3.86
24.001,20.945,0.03903,0.053716,5.375,24.3,90.5,3.73
44.682,27.065,0.053456,0.09203,6.385,30.6,121.1,3.955
21.062,27.858,0.033322,0.04263,4.68,20.1,63.7,3.172
20.194,14.723,0.030938,0.041612,4.51,11.5,36.4,3.173
29.116,30.71,0.041688,0.059058,4.485,21.7,68.7,3.172
34.405,24.381,0.04583,0.06946,5.995,22.8,61.0,2.672
18.862,14.465,0.034374,0.042806,5.035,18.9,50.8,2.684
24.26,19.215,0.038964,0.054644,4.615,22.5,44.5,1.977
38.446,21.408,0.050568,0.084176,5.647,20.0,50.8,2.536
28.153,20.018,0.037306,0.060168,4.665,18.8,47.6,2.525
42.252,33.698,0.063184,0.11731,5.9,27.5,161.1,5.866
33.293,21.878,0.035576,0.061914,4.47,12.8,44.5,3.473
22.113,17.92,0.031646,0.047606,5.39,17.9,47.0,2.631
23.071,16.287,0.028184,0.040926,4.455,20.7,55.6,2.693
16.955,12.45,0.026742,0.033852,4.73,18.4,52.1,2.835
25.658,17.778,0.027664,0.042232,5.075,16.6,52.9,3.18
22.819,27.524,0.031364,0.04336,4.845,20.0,71.7,3.59
42.507,24.358,0.050836,0.098236,5.545,19.9,103.8,5.223
28.719,18.701,0.030378,0.046462,4.61,31.5,102.9,3.267
35.208,23.757,0.043514,0.065008,5.255,19.5,83.4,4.269
29.851,17.603,0.032412,0.043116,5.275,22.2,57.8,2.606
32.487,17.823,0.0391,0.057748,5.61,27.2,71.9,2.639
20.342,17.509,0.032772,0.043932,4.86,26.5,58.9,2.225
28.114,17.955,0.033434,0.054908,4.535,23.8,55.1,2.315
35.177,21.896,0.039966,0.075328,5.075,20.9,60.7,2.906
26.161,23.781,0.034006,0.050232,4.855,25.0,63.9,2.557
21.444,19.252,0.03507,0.048744,5.647,27.2,82.3,3.023
16.377,12.496,0.023628,0.026426,4.865,19.4,46.8,2.413
34.982,25.02,0.045028,0.07333,5.71,35.6,136.4,3.835
61.075,51.411,0.063474,0.18926,8.69,52.7,133.5,2.533
61.075,51.411,0.063474,0.18926,8.69,28.9,73.9,2.56
61.075,51.411,0.063474,0.18926,5.1,52.7,133.5,2.533
61.075,51.411,0.063474,0.18926,5.1,28.9,73.9,2.56
34.344,32.02,0.048308,0.071668,8.69,52.7,133.5,2.533
34.344,32.02,0.048308,0.071668,8.69,28.9,73.9,2.56
34.344,32.02,0.048308,0.071668,5.1,52.7,133.5,2.533
34.344,32.02,0.048308,0.071668,5.1,28.9,73.9,2.56
40.835,36.18,0.063236,0.090198,5.705,34.1,114.7,3.37
30.678,20.008,0.03578,0.05769,5.46,22.9,58.4,2.552
32.0,14.731,0.04405,0.068386,4.895,31.0,68.6,2.216
32.0,14.731,0.04405,0.068386,4.895,30.5,123.0,4.032
32.0,14.731,0.04405,0.068386,5.34,31.0,68.6,2.216
32.0,14.731,0.04405,0.068386,5.34,30.5,123.0,4.032
48.063,37.978,0.046214,0.09556,4.895,31.0,68.6,2.216
48.063,37.978,0.046214,0.09556,4.895,30.5,123.0,4.032
48.063,37.978,0.046214,0.09556,5.34,31.0,68.6,2.216
48.063,37.978,0.046214,0.09556,5.34,30.5,123.0,4.032
29.767,20.296,0.029538,0.047452,4.98,21.0,69.5,3.311
29.767,20.296,0.029538,0.047452,4.98,26.4,92.8,3.508
29.767,20.296,0.029538,0.047452,4.565,21.0,69.5,3.311
29.767,20.296,0.029538,0.047452,4.565,26.4,92.8,3.508
35.997,31.015,0.03506,0.066594,4.98,21.0,69.5,3.311
35.997,31.015,0.03506,0.066594,4.98,26.4,92.8,3.508
35.997,31.015,0.03506,0.066594,4.565,21.0,69.5,3.311
35.997,31.015,0.03506,0.066594,4.565,26.4,92.8,3.508
34.18,26.167,0.042114,0.056964,5.045,29.0,82.4,2.845
32.422,37.282,0.038164,0.051626,4.74,28.7,120.8,4.206
43.266,51.377,0.05171,0.10803,8.245,88.1,267.2,3.032
22.735,25.127,0.03127,0.041546,4.615,25.6,67.8,2.649
18.275,12.905,0.023816,0.023898,4.695,20.9,60.5,2.899
37.762,17.901,0.046552,0.07296,6.01,24.8,72.7,2.928
26.976,24.384,0.043728,0.06942,4.86,36.2,85.6,2.362
28.275,15.832,0.046892,0.05527,5.445,27.3,77.1,2.824
58.186,37.122,0.067198,0.15416,4.76,40.0,138.2,3.454
31.125,23.572,0.040942,0.060452,5.695,45.1,119.1,2.64
33.847,21.724,0.03633,0.054256,4.7,31.0,84.8,2.731
33.214,23.77,0.040548,0.059426,4.855,33.9,111.9,3.305
33.528,25.136,0.03969,0.065052,5.16,31.3,114.8,3.667
17.9,14.823,0.031012,0.037062,4.8,28.1,61.2,2.176
28.697,26.116,0.030868,0.046548,4.62,22.6,62.8,2.783
32.379,13.553,0.046672,0.06313,5.0,32.3,124.2,3.846
35.3,21.51,0.032008,0.047866,4.73,21.6,71.9,3.334
38.735,36.632,0.033748,0.067426,4.595,28.5,107.9,3.785
23.952,10.825,0.029554,0.037744,4.89,24.9,80.6,3.238
26.905,16.862,0.035132,0.047392,4.89,19.0,83.3,4.392
42.25,30.994,0.047372,0.073708,4.795,26.6,81.0,3.048
36.107,23.273,0.056076,0.087284,5.45,24.4,95.0,3.901
33.663,21.533,0.046784,0.06319,5.445,37.3,131.3,3.52
31.653,25.808,0.046206,0.060756,4.845,23.1,63.5,2.747
50.216,44.917,0.044632,0.11552,4.685,27.4,63.8,2.324
16.828,9.2069,0.032142,0.032218,4.615,25.0,105.7,4.224
21.184,15.027,0.027368,0.033708,4.815,23.1,57.8,2.502
24.859,19.634,0.03541,0.045298,4.855,24.0,68.0,2.832
34.426,20.017,0.044428,0.062382,5.465,23.7,68.7,2.903
52.717,42.411,0.059322,0.11964,5.21,38.3,143.1,3.741
37.058,17.386,0.048528,0.076822,5.005,30.5,77.9,2.556
37.058,17.386,0.048528,0.076822,5.005,35.5,112.0,3.157
37.058,17.386,0.048528,0.076822,5.55,30.5,77.9,2.556
37.058,17.386,0.048528,0.076822,5.55,35.5,112.0,3.157
44.082,33.211,0.043218,0.075998,5.005,30.5,77.9,2.556
44.082,33.211,0.043218,0.075998,5.005,35.5,112.0,3.157
44.082,33.211,0.043218,0.075998,5.55,30.5,77.9,2.556
44.082,33.211,0.043218,0.075998,5.55,35.5,112.0,3.157
31.503,24.959,0.038384,0.058816,5.03,18.5,72.4,3.903
32.917,35.822,0.04139,0.055234,4.57,26.3,91.7,3.487
35.414,21.159,0.0344,0.057104,5.09,14.6,80.7,5.524
26.75,36.16,0.034992,0.0485,5.04,38.8,170.5,4.393
29.531,20.359,0.033468,0.053183,5.035,25.6,78.2,3.053
28.457,16.66,0.03614,0.050194,5.065,20.0,89.1,4.451
14.61,17.422,0.026634,0.026982,4.29,31.3,77.1,2.46
17.691,19.293,0.035994,0.042064,4.165,25.6,73.4,2.871
29.047,19.066,0.04369,0.059848,5.995,19.8,71.5,3.617
23.903,20.396,0.037944,0.054564,4.545,29.5,67.1,2.275
29.944,27.931,0.035858,0.060972,4.71,29.8,70.9,2.382
30.159,17.469,0.042358,0.06241,5.12,23.8,71.4,2.999
13.821,10.5,0.02166,0.021032,4.715,24.9,98.7,3.968
11.462,7.1798,0.010336,0.006778,4.515,22.3,93.5,4.196
62.436,43.756,0.053512,0.12394,4.74,34.1,120.8,3.546
29.775,24.696,0.036,0.055844,5.6,17.5,73.4,4.18
24.267,15.815,0.030198,0.046728,5.12,19.7,66.4,3.364
24.267,15.815,0.030198,0.046728,5.12,22.3,65.0,2.92
24.267,15.815,0.030198,0.046728,4.605,19.7,66.4,3.364
24.267,15.815,0.030198,0.046728,4.605,22.3,65.0,2.92
30.585,18.895,0.037188,0.050966,5.12,19.7,66.4,3.364
30.585,18.895,0.037188,0.050966,5.12,22.3,65.0,2.92
30.585,18.895,0.037188,0.050966,4.605,19.7,66.4,3.364
30.585,18.895,0.037188,0.050966,4.605,22.3,65.0,2.92
28.652,22.935,0.035385,0.053086,5.125,21.7,76.4,3.515
23.422,19.407,0.031506,0.042,4.87,24.1,83.8,3.482
49.104,21.52,0.038942,0.071912,4.665,22.1,60.6,2.739
27.149,34.085,0.03356,0.04668,4.81,23.0,118.9,5.16
23.865,16.328,0.031292,0.045112,5.13,21.6,75.3,3.491
44.671,24.718,0.04044,0.076,5.17,18.7,70.8,3.781
31.885,26.974,0.038092,0.055902,4.755,23.4,73.7,3.146
23.436,40.797,0.038274,0.04913,5.765,29.6,123.8,4.183
27.514,19.537,0.039746,0.058474,5.575,21.2,87.4,4.13
27.514,19.537,0.039746,0.058474,5.575,25.8,121.3,4.697
27.514,19.537,0.039746,0.058474,7.855,21.2,87.4,4.13
27.514,19.537,0.039746,0.058474,7.855,25.8,121.3,4.697
53.823,33.226,0.04882,0.10394,5.575,21.2,87.4,4.13
53.823,33.226,0.04882,0.10394,5.575,25.8,121.3,4.697
53.823,33.226,0.04882,0.10394,7.855,21.2,87.4,4.13
53.823,33.226,0.04882,0.10394,7.855,25.8,121.3,4.697
18.479,17.724,0.033798,0.040878,7.57,25.4,69.0,2.714
16.311,13.12,0.026382,0.029532,4.1,18.7,59.3,3.173
25.539,18.065,0.038848,0.052798,4.865,22.1,91.7,4.151
25.089,12.407,0.029264,0.038688,4.885,29.4,102.9,3.503
31.209,20.674,0.044262,0.06268,5.115,27.4,117.8,4.301
22.15,18.433,0.03212,0.042678,4.84,22.0,77.9,3.548
34.813,34.388,0.041838,0.07243,4.78,20.1,126.4,6.293
22.971,18.226,0.036762,0.044576,5.89,27.0,116.4,4.319
34.989,37.14,0.047952,0.067694,5.145,23.6,92.7,3.927
24.646,18.662,0.033536,0.047628,5.41,22.6,91.6,4.054
23.238,20.312,0.035828,0.037676,6.44,21.5,85.3,3.97
23.142,12.206,0.035676,0.045636,5.03,35.0,142.0,4.059
30.361,16.806,0.03678,0.059512,4.795,23.0,93.8,4.085
29.544,19.404,0.039768,0.055762,5.905,30.8,110.5,3.588
24.804,15.033,0.037872,0.044698,5.42,28.1,106.2,3.772
20.35,12.207,0.02691,0.033692,5.55,30.6,115.0,3.761
25.187,19.812,0.040334,0.045744,5.11,27.6,102.1,3.701
31.922,28.805,0.043366,0.059478,6.24,38.4,162.5,4.232
17.903,13.233,0.033692,0.039532,5.135,23.7,88.8,3.752
23.533,21.107,0.03116,0.045944,4.955,33.4,111.3,3.334
13.813,12.446,0.014686,0.010862,4.595,25.7,64.1,2.493
19.446,19.478,0.035258,0.045484,4.76,32.1,85.1,2.648
21.891,14.839,0.032064,0.04433,4.77,20.7,75.0,3.617
47.891,32.331,0.05669,0.10184,7.425,30.2,100.0,3.305
47.891,32.331,0.05669,0.10184,7.425,36.6,136.2,3.724
47.891,32.331,0.05669,0.10184,5.06,30.2,100.0,3.305
47.891,32.331,0.05669,0.10184,5.06,36.6,136.2,3.724
35.218,26.883,0.050158,0.074878,7.425,30.2,100.0,3.305
35.218,26.883,0.050158,0.074878,7.425,36.6,136.2,3.724
35.218,26.883,0.050158,0.074878,5.06,30.2,100.0,3.305
35.218,26.883,0.050158,0.074878,5.06,36.6,136.2,3.724
45.993,53.728,0.053076,0.091662,7.025,26.4,111.2,4.214
40.781,25.031,0.044004,0.067348,4.68,32.5,126.0,3.882
59.536,49.781,0.065892,0.17185,8.465,22.0,170.2,7.743
59.536,49.781,0.065892,0.17185,8.465,14.7,46.5,3.16
59.536,49.781,0.065892,0.17185,5.15,22.0,170.2,7.743
59.536,49.781,0.065892,0.17185,5.15,14.7,46.5,3.16
27.976,29.374,0.055006,0.064584,8.465,22.0,170.2,7.743
27.976,29.374,0.055006,0.064584,8.465,14.7,46.5,3.16
27.976,29.374,0.055006,0.064584,5.15,22.0,170.2,7.743
27.976,29.374,0.055006,0.064584,5.15,14.7,46.5,3.16
56.13,37.163,0.060996,0.13609,7.44,27.0,83.1,3.072
56.13,37.163,0.060996,0.13609,7.44,25.4,100.3,3.945
56.13,37.163,0.060996,0.13609,5.165,27.0,83.1,3.072
56.13,37.163,0.060996,0.13609,5.165,25.4,100.3,3.945
33.068,25.1,0.045726,0.067116,7.44,27.0,83.1,3.072
33.068,25.1,0.045726,0.067116,7.44,25.4,100.3,3.945
33.068,25.1,0.045726,0.067116,5.165,27.0,83.1,3.072
33.068,25.1,0.045726,0.067116,5.165,25.4,100.3,3.945
