,maxLoad,stressMaxLoad,strainMaxLoad,energyAbsorp,youngsMod,ph,sec_Mn,sec_Mw,sec_polyDisp,sec_calcMass,sec_massRec,doubleFold
0,34.67,28.779,0.051118,0.07234,2274.6,5.065,44.1,127.6,2.89,22.45,71.9,10.0
1,12.71,9.7289,0.03005,0.023396,1416.2,4.83,35.9,85.4,2.377,10.53,23.4,10.0
2,17.301,13.585,0.034793,0.034683,2083.7,5.207,20.1,93.4,4.653,20.54,65.8,10.0
3,25.879,21.32,0.044734,0.057662,2015.6,5.165,29.5,91.2,3.094,6.84,21.9,10.0
4,14.901,16.132,0.047622,0.036076,1798.6,6.405,76.8,161.6,2.105,7.92,25.4,10.0
5,17.917,16.115,0.034782,0.036317,1852.0,4.96,33.5,122.7,3.667,16.37,52.5,10.0
6,25.052,23.529,0.03913,0.055638,1919.3,5.067,58.6,107.2,1.829,11.44,36.7,10.0
7,21.543,18.333,0.038124,0.049192,1780.8,5.265,48.9,105.0,2.148,8.76,28.1,10.0
8,21.009,17.302,0.031712,0.036156,1539.3,4.89,55.9,124.9,2.236,11.23,36.0,10.0
9,18.361,13.78,0.028192,0.02942,1505.6,5.12,26.6,53.3,2.007,15.61,50.0,10.0
10,17.563,14.191,0.024612,0.023906,2044.1,4.7,18.6,67.9,3.652,22.89,73.4,2.0
11,27.457,26.062,0.036355,0.051608,2465.3,4.78,20.0,102.4,5.111,21.83,70.0,10.0
12,28.773,27.238,0.03442,0.051593,2513.4,4.93,19.4,81.6,4.212,22.0,70.5,10.0
13,24.492,23.884,0.048074,0.053586,2067.7,5.165,23.0,80.2,3.495,12.59,40.3,10.0
14,23.765,28.012,0.040532,0.051623,2454.2,6.2,27.4,108.5,3.959,18.45,59.1,10.0
15,29.257,21.359,0.045262,0.056732,1705.9,5.105,45.5,88.3,1.943,15.87,50.9,10.0
16,14.92,9.9309,0.028745,0.0281,1094.6,5.01,26.6,85.0,3.199,24.98,80.1,10.0
17,24.094,15.844,0.036762,0.04064,1427.7,4.94,21.4,62.4,2.917,17.04,54.6,10.0
18,12.043,9.6245,0.028714,0.02439,1269.0,6.95,43.6,81.9,1.878,8.36,26.8,10.0
19,18.013,14.758,0.037228,0.029432,1482.6,5.85,22.2,49.3,2.221,7.6,24.4,10.0
20,19.484,16.452,0.033994,0.031684,1607.6,5.785,24.5,79.0,3.226,18.96,60.8,10.0
21,23.439,16.102,0.037218,0.049166,1819.0,4.995,29.9,76.2,2.545,18.27,58.6,10.0
22,19.518,15.988,0.030457,0.038232,2443.0,4.79,22.1,49.4,2.236,16.13,51.7,2.0
23,19.73,19.61,0.03142,0.036788,2257.3,5.065,35.8,82.2,2.296,13.42,43.0,9.0
24,19.245,18.326,0.027886,0.030906,2007.5,4.885,32.5,79.6,2.45,17.25,55.3,10.0
25,10.447,9.878,0.011892,0.00823,,4.23,20.1,48.0,2.387,11.96,38.3,2.0
26,7.5063,9.0508,0.014892,0.005414,,4.675,31.5,82.7,2.623,12.39,39.7,10.0
27,21.009,17.29,0.038707,0.044392,1917.3,4.705,22.7,68.6,3.021,18.78,60.2,6.0
28,23.49,13.598,0.03692,0.047474,1418.5,4.885,33.4,61.4,1.84,11.75,37.7,6.0
29,26.482,22.015,0.040588,0.05171,2256.0,4.68,35.1,94.2,2.681,17.41,55.8,10.0
30,52.132,32.98,0.066282,0.12689,1467.7,5.47,31.8,220.4,6.933,19.85,63.6,10.0
31,30.552,21.674,0.03906,0.057664,1834.0,4.88,19.8,72.5,3.656,29.43,94.3,2.0
32,29.045,19.323,0.033726,0.044204,1721.6,4.335,26.3,239.2,9.093,27.26,87.4,2.0
33,22.438,18.027,0.041714,0.051104,1759.0,4.595,31.2,75.4,2.414,14.73,47.2,10.0
34,16.79,13.942,0.02916,0.03119,1902.5,4.56,21.4,55.4,2.586,16.79,53.8,4.0
35,30.14,18.667,0.040532,0.0431,1347.2,4.87,28.4,69.2,2.435,9.88,31.7,10.0
36,20.251,18.593,0.040256,0.04365,1592.4,5.055,46.2,123.9,2.679,7.57,24.3,10.0
37,44.773,27.247,0.047024,0.063876,1660.7,4.915,20.5,85.2,4.151,16.83,54.0,10.0
38,25.413,23.002,0.036762,0.043946,2035.6,4.825,13.0,48.5,3.736,21.94,70.3,10.0
39,22.771,18.782,0.033472,0.036086,1475.0,4.79,31.9,127.4,3.996,14.4,46.2,10.0
40,20.038,15.013,0.0351,0.033596,1290.1,4.61,14.2,59.8,4.212,16.34,52.4,5.0
41,15.284,16.801,0.027784,0.022548,2109.4,4.53,13.7,44.4,3.244,14.04,45.0,4.0
42,13.162,9.9723,0.034132,0.02563,1273.9,7.92,26.0,52.8,2.034,10.72,34.3,6.0
43,22.854,20.516,0.044484,0.04353,1628.6,4.76,36.0,79.0,2.197,17.01,54.5,10.0
44,18.044,20.722,0.03415,0.0289,1965.6,4.61,34.3,67.2,1.959,16.01,51.3,4.0
45,24.204,19.755,0.033072,0.030072,1904.6,4.83,20.5,57.3,2.797,20.93,67.1,2.0
46,31.209,27.456,0.046286,0.05276,2277.9,4.7,25.0,102.4,4.087,19.13,61.3,7.0
47,43.106,29.825,0.05895,0.12326,1362.8,4.36,48.7,89.5,1.837,8.59,27.5,10.0
48,30.911,33.582,0.048858,0.05334,1995.9,5.08,37.0,128.7,3.477,19.71,63.2,8.0
49,35.388,28.187,0.050686,0.06708,1818.3,4.96,48.0,201.1,4.193,14.73,47.2,6.0
50,15.055,18.27,0.035952,0.033742,2020.1,4.605,19.4,112.6,5.816,9.63,30.9,10.0
51,24.583,13.485,0.03777,0.041088,1290.2,4.495,28.9,127.8,4.429,21.17,67.9,2.0
52,25.109,23.408,0.03688,0.03906,1875.3,4.545,28.1,112.5,4.004,15.4,49.4,6.0
53,29.676,29.917,0.054988,0.070946,1734.1,7.125,25.5,159.4,6.256,19.51,62.5,10.0
54,25.589,20.818,0.040688,0.04141,1715.9,4.92,30.4,105.4,3.465,16.34,52.4,9.0
55,29.805,26.074,0.044916,0.061648,2297.2,4.72,25.9,152.9,5.911,22.43,71.9,4.0
56,19.989,19.075,0.035944,0.039358,2025.0,4.725,17.2,59.6,3.46,12.7,40.7,5.0
57,26.751,18.651,0.033072,0.037062,1845.6,4.68,17.5,47.3,2.708,26.85,86.1,3.0
58,20.53,13.518,0.032362,0.033998,1292.0,4.62,16.1,43.1,2.678,20.95,67.2,2.0
59,16.951,11.931,0.0346,0.03415,1429.3,4.53,26.2,64.0,2.446,14.54,46.6,2.0
60,28.622,31.87,0.038062,0.051554,2541.0,4.695,19.1,83.2,4.359,18.03,57.8,7.0
61,24.195,26.527,0.036998,0.046608,2303.2,4.66,33.8,159.7,4.725,21.62,69.3,10.0
62,22.587,18.08,0.047916,0.043474,1487.2,5.255,29.3,87.8,3.001,28.36,90.9,10.0
63,16.789,13.774,0.035182,0.032832,1271.0,5.38,34.4,79.2,2.303,14.8,47.4,10.0
64,14.246,9.463,0.0325,0.026823,1074.0,4.555,30.3,63.1,2.08,15.36,49.2,10.0
65,16.501,11.417,0.034976,0.028612,972.24,5.085,13.2,50.5,3.815,7.45,23.9,10.0
66,18.001,15.569,0.029796,0.028142,1634.0,4.74,19.6,53.0,2.705,20.78,66.6,3.0
67,29.197,20.321,0.038456,0.039688,1492.6,4.375,30.7,59.4,1.936,19.76,63.3,2.0
68,27.071,20.656,0.051032,0.062284,1448.1,4.935,35.8,73.8,2.062,6.42,20.6,10.0
69,20.787,22.804,0.0425,0.047776,2056.7,4.695,46.9,98.6,2.103,14.68,47.1,10.0
70,26.372,16.524,0.032874,0.036958,1192.6,4.925,13.5,52.4,3.867,30.66,98.3,3.0
71,28.566,24.446,0.03585,0.036876,1912.0,4.79,14.4,43.9,3.041,14.52,46.6,10.0
72,19.654,11.751,0.033694,0.031772,1628.3,4.635,15.8,74.0,4.682,21.34,68.4,2.0
73,29.275,23.957,0.036228,0.04735,1715.5,4.97,21.9,70.4,3.222,18.45,59.1,10.0
74,19.639,16.885,0.0333,0.031972,2011.0,5.065,16.8,66.7,3.965,17.55,56.2,10.0
75,28.338,27.734,0.038856,0.047096,3198.9,4.55,20.8,59.0,2.839,17.11,54.8,10.0
76,18.797,14.508,0.035258,0.025367,1517.0,4.51,18.6,47.9,2.577,6.97,22.3,10.0
77,22.326,20.571,0.034024,0.036066,2596.1,4.535,31.1,95.1,3.061,16.84,54.0,10.0
78,13.847,12.272,0.027884,0.027724,1798.1,4.445,23.5,71.7,3.056,17.34,55.6,3.0
79,21.583,19.857,0.036834,0.037824,1885.1,4.65,38.3,86.4,2.257,17.03,54.6,10.0
80,27.577,24.257,0.054508,0.07165,1685.3,4.795,52.3,80.9,1.546,9.69,31.1,10.0
81,28.015,24.844,0.056108,0.058204,1740.6,4.745,42.3,89.6,2.119,17.05,54.6,10.0
82,11.659,9.8484,0.035818,0.029426,911.22,5.8,63.6,192.3,3.024,15.35,49.2,10.0
83,15.249,10.855,0.039068,0.039902,1165.9,5.175,50.7,111.2,2.194,16.35,52.4,10.0
84,27.458,19.852,0.044568,0.059568,1266.6,6.61,46.5,100.6,2.164,14.49,46.4,10.0
85,17.84,14.884,0.03688,0.033818,1636.5,7.32,44.8,121.2,2.704,14.67,47.0,10.0
86,18.989,15.334,0.034606,0.031396,1357.0,5.5,22.5,55.8,2.479,15.2,48.7,10.0
87,27.187,21.343,0.031868,0.049294,2227.1,6.21,37.7,80.8,2.144,21.55,69.1,10.0
88,19.776,14.667,0.035646,0.03445,1128.9,4.665,35.2,69.2,1.965,9.73,31.2,10.0
89,15.659,16.364,0.031017,0.026865,1904.4,4.42,21.1,42.9,2.034,17.03,54.6,2.0
90,14.645,16.83,0.03452,0.032056,1552.8,4.505,34.6,73.5,2.125,14.5,46.5,10.0
91,14.531,9.8054,0.027128,0.025364,1078.8,4.44,31.6,59.3,1.877,14.53,46.6,8.0
92,22.095,19.892,0.040752,0.037036,1734.4,4.66,37.9,73.5,1.942,14.96,48.0,10.0
93,25.676,24.817,0.047924,0.047896,1239.1,4.64,48.4,113.8,2.349,16.32,52.3,10.0
94,26.24,23.711,0.039972,0.050282,1408.3,4.76,33.3,75.3,2.263,10.36,33.2,10.0
95,29.04,27.104,0.048694,0.05195,1824.8,4.64,29.5,62.9,2.132,17.2,55.1,10.0
96,28.461,22.136,0.041794,0.05922,1627.1,4.6,38.4,90.8,2.364,21.47,68.8,10.0
97,21.93,20.06,0.048002,0.04904,1771.4,4.68,44.9,76.6,1.706,12.68,40.6,10.0
98,34.314,25.674,0.050308,0.061006,1660.5,4.99,25.4,80.1,3.153,28.58,91.6,10.0
99,19.372,13.866,0.03391,0.033758,1537.5,4.26,28.4,131.2,4.614,19.93,63.9,2.0
100,21.564,17.885,0.037572,0.042406,1768.3,4.44,33.7,88.4,2.62,15.76,50.5,3.0
101,18.206,15.964,0.041822,0.03942,1619.0,4.565,28.7,85.4,2.978,20.12,64.5,9.0
102,28.166,20.186,0.038972,0.048518,1443.5,4.86,39.0,115.7,2.965,15.5,49.7,10.0
103,23.852,20.546,0.033638,0.03722,1705.9,4.865,19.9,69.8,3.51,25.91,83.1,10.0
104,26.93,23.797,0.041112,0.044262,1772.3,4.71,20.1,80.5,3.996,12.66,40.6,8.0
105,25.876,18.093,0.035108,0.03657,1402.2,4.55,19.8,61.5,3.101,23.33,74.8,3.0
106,28.502,22.66,0.038368,0.040064,1697.9,5.0,25.1,86.9,3.465,24.47,78.4,7.0
107,20.348,22.623,0.035286,0.035042,2019.0,4.4,23.4,51.4,2.194,13.49,43.2,9.0
108,11.362,9.1316,0.027348,0.020288,,4.35,27.1,63.7,2.352,15.41,49.4,2.0
109,19.062,20.732,0.04438,0.04785,2244.0,4.635,27.0,84.7,3.137,20.47,65.6,10.0
110,24.275,24.308,0.04091,0.04283,1758.7,4.625,23.7,61.9,2.613,23.17,74.3,6.0
111,22.782,19.956,0.03466,0.026992,2146.7,4.48,16.2,57.8,3.567,21.78,69.8,2.0
112,32.52,28.285,0.043766,0.045104,1650.0,4.51,26.7,77.6,2.906,16.34,52.4,3.0
113,33.651,29.347,0.047938,0.055976,2055.9,4.62,31.5,87.3,2.772,17.29,55.4,3.0
114,29.746,21.001,0.04949,0.071488,1108.5,4.25,45.9,96.4,2.102,20.25,64.9,10.0
115,32.923,47.149,0.050378,0.071754,3636.6,5.26,39.0,140.5,3.604,10.3,33.0,10.0
116,61.524,31.219,0.03984,0.089132,2791.5,4.425,37.3,165.5,4.44,21.41,68.6,2.0
117,15.362,19.213,0.017472,0.013914,2730.0,4.42,31.1,136.1,4.373,11.59,37.1,3.0
118,31.267,29.128,0.040462,0.051576,3327.8,4.45,29.9,110.3,3.693,11.58,37.1,7.0
119,30.651,29.852,0.028156,0.04435,3410.7,4.415,36.0,180.5,5.012,13.04,41.8,3.0
120,33.317,31.486,0.048056,0.066852,3449.2,6.87,45.8,197.2,4.31,15.43,49.5,10.0
121,45.029,36.266,0.054366,0.10246,3046.3,6.775,43.0,172.2,4.004,13.58,43.5,10.0
122,35.274,27.181,0.038754,0.060022,2766.0,4.455,29.7,105.0,3.537,27.49,88.1,3.0
123,48.742,24.773,0.04121,0.07113,2905.9,4.425,33.2,173.4,5.222,19.54,62.6,2.0
124,20.359,19.389,0.032468,0.041228,3199.1,4.565,21.0,59.3,2.827,15.82,50.7,8.0
125,42.19,26.642,0.044578,0.068276,2229.2,4.48,22.5,66.9,2.974,31.29,100.3,4.0
126,29.064,20.109,0.035124,0.043988,2323.1,4.41,21.4,69.1,3.224,23.6,75.6,2.0
127,50.125,56.451,0.084284,0.13123,3082.6,9.26,99.5,495.1,4.978,5.66,18.1,10.0
128,26.924,27.266,0.03305,0.046158,3700.5,5.075,32.2,116.5,3.615,16.93,54.3,5.0
129,25.854,26.768,0.03364,0.039538,2457.9,4.575,20.7,92.7,4.471,17.26,55.3,3.0
130,39.097,35.032,0.055998,0.082346,2148.2,5.025,27.1,108.5,4.009,16.39,52.5,10.0
131,25.043,26.196,0.049206,0.05384,2785.3,5.385,68.5,117.3,1.712,17.48,56.0,10.0
132,33.482,29.634,0.04756,0.069458,2194.0,4.95,40.7,97.8,2.406,24.18,77.5,10.0
133,22.127,15.135,0.044678,0.051634,2034.5,7.385,34.9,74.8,2.144,16.38,52.5,10.0
134,30.535,25.023,0.040392,0.068836,2480.1,4.82,56.8,101.1,1.781,22.79,73.0,10.0
135,18.442,10.889,0.035558,0.033824,1841.1,4.81,30.0,69.2,2.303,21.52,69.0,10.0
136,59.545,49.313,0.11025,0.21904,2107.4,8.215,84.6,382.8,4.527,9.45,30.3,10.0
137,26.518,29.755,0.043332,0.046756,3218.7,4.92,29.2,70.1,2.398,18.78,60.2,7.0
138,27.8,25.224,0.02978,0.043614,3024.7,4.835,32.0,71.0,2.219,18.97,60.8,8.0
139,24.422,21.689,0.03129,0.045116,3512.8,4.32,25.1,60.3,2.4,14.76,47.3,3.0
140,26.314,20.086,0.025994,0.037318,2261.5,4.665,30.8,72.0,2.336,14.1,45.2,3.0
141,43.449,28.027,0.031844,0.06843,2928.3,4.26,23.8,62.1,2.613,27.25,87.3,3.0
142,32.031,29.48,0.03994,0.05366,3397.1,4.6,23.7,52.2,2.208,21.84,70.0,10.0
143,36.776,31.559,0.055212,0.083052,2835.5,4.865,51.1,108.0,2.115,17.33,55.5,10.0
144,28.085,19.388,0.045034,0.054654,2289.8,4.69,24.4,74.4,3.057,21.52,69.0,8.0
145,20.952,21.518,0.025626,0.030792,2502.8,4.49,27.8,72.9,2.626,13.65,43.8,10.0
146,72.654,56.583,0.093762,0.28566,1972.7,9.37,118.0,493.2,4.18,7.59,24.3,10.0
147,67.937,49.993,0.096592,0.2709,2191.5,9.335,88.6,393.1,4.436,7.1,22.7,10.0
148,63.273,50.699,0.093342,0.24878,2936.0,9.245,64.8,469.6,7.245,10.78,34.5,10.0
149,35.047,28.964,0.039668,0.050556,3087.9,5.34,28.1,111.1,3.955,21.13,67.7,10.0
150,24.298,18.346,0.02842,0.04266,2557.5,4.45,27.2,75.9,2.787,9.24,29.6,2.0
151,41.551,27.687,0.026484,0.044552,3368.1,4.58,28.5,129.1,4.521,21.07,67.5,2.0
152,44.222,28.469,0.047166,0.068514,3103.1,4.58,27.3,102.7,3.769,22.48,72.1,2.0
153,48.056,32.784,0.037558,0.067814,3336.5,4.59,21.9,67.2,3.068,23.97,76.8,2.0
154,34.803,31.873,0.040934,0.066496,3263.0,4.735,37.0,81.4,2.199,18.17,58.3,9.0
155,17.523,15.079,0.018174,0.019482,,4.235,20.2,50.5,2.502,16.36,52.4,1.0
156,19.709,15.463,0.022412,0.029154,2481.4,4.2,22.8,50.0,2.192,15.12,48.5,2.0
157,23.025,21.479,0.028118,0.032108,2661.8,4.36,34.4,62.0,1.803,14.18,45.5,2.0
158,28.262,25.444,0.069134,0.08315,1949.8,5.587,68.1,173.4,2.547,15.35,49.2,10.0
159,31.009,26.901,0.036974,0.05708,2436.2,4.575,32.5,65.3,2.008,15.11,48.4,2.0
160,32.796,23.829,0.049142,0.07094,2489.4,4.98,38.8,80.1,2.068,22.39,71.8,10.0
161,25.5,22.099,0.027752,0.041272,2519.3,4.535,38.0,71.9,1.893,13.2,42.3,3.0
162,23.686,22.307,0.030292,0.040346,2547.2,4.44,31.4,67.9,2.162,13.9,44.6,3.0
163,20.76,18.666,0.027948,0.027778,2265.3,4.475,28.6,64.1,2.24,15.92,51.0,9.0
164,28.232,23.292,0.045806,0.058762,2125.9,4.915,48.6,100.4,2.064,14.24,45.6,10.0
165,18.766,15.157,0.027982,0.032354,2116.8,4.44,27.7,67.1,2.425,17.84,57.2,9.0
166,26.47,21.079,0.039502,0.056982,1959.6,4.74,34.2,71.6,2.094,19.21,61.6,5.0
167,23.206,27.422,0.052628,0.057572,2659.1,4.82,35.8,84.2,2.351,15.17,48.6,10.0
168,30.04,25.779,0.036692,0.056826,2499.9,4.525,31.4,71.6,2.282,17.05,54.6,9.0
169,30.223,26.148,0.034166,0.057066,3011.2,4.49,27.1,62.3,2.297,17.07,54.7,3.0
170,31.481,28.806,0.03898,0.059478,2761.9,4.695,26.8,64.6,2.411,17.43,55.9,4.0
171,21.498,19.677,0.032598,0.041536,2644.7,4.7,26.3,63.4,2.413,15.25,48.9,7.0
172,22.482,25.603,0.045694,0.062226,2206.0,6.33,61.1,121.7,1.991,10.21,32.7,10.0
173,25.279,29.128,0.04006,0.057494,3106.9,5.98,32.2,74.8,2.322,10.1,32.4,10.0
174,26.547,20.377,0.02954,0.042182,1800.6,4.63,29.7,64.3,2.165,18.14,58.1,10.0
175,38.136,27.24,0.04942,0.096378,1804.1,5.805,57.9,130.9,2.262,19.73,63.2,10.0
176,45.005,28.906,0.049598,0.089392,2578.3,5.115,34.5,79.3,2.298,24.07,77.1,10.0
177,22.212,18.274,0.038746,0.051372,1818.6,6.61,49.9,112.7,2.259,13.48,43.2,10.0
178,28.861,22.928,0.048552,0.067416,1918.5,5.005,44.8,93.9,2.097,20.02,64.2,10.0
179,23.794,19.409,0.04276,0.054966,1995.9,4.955,41.4,82.8,1.999,18.78,60.2,10.0
180,31.77,26.968,0.043776,0.06747,2462.2,5.405,28.9,79.6,2.749,22.1,70.8,10.0
181,28.789,22.765,0.036542,0.050236,1795.6,4.9,48.8,84.5,1.73,10.65,34.1,10.0
182,19.364,14.764,0.033796,0.04264,1986.4,4.55,26.6,62.4,2.348,19.26,61.7,9.0
183,24.348,18.277,0.032576,0.048976,2261.1,4.79,26.0,55.3,2.125,18.08,57.9,6.0
184,19.842,17.558,0.0289,0.034386,2423.1,4.435,23.0,48.6,2.12,20.24,64.9,2.0
185,16.731,13.263,0.036714,0.04382,1798.1,4.52,30.0,63.5,2.118,18.35,58.8,10.0
186,23.754,15.328,0.045586,0.057472,1120.6,5.055,41.5,81.8,1.97,15.44,49.5,10.0
187,24.571,15.79,0.041398,0.047278,2130.6,5.085,30.8,70.2,2.275,19.0,60.9,10.0
188,33.962,29.982,0.05173,0.07921,2367.1,5.185,46.3,91.8,1.985,15.55,49.8,10.0
189,28.545,29.134,0.040918,0.054962,3319.1,4.87,28.1,62.8,2.236,17.69,56.7,3.0
190,27.365,25.873,0.040684,0.051954,3168.4,4.795,28.1,63.4,2.257,19.8,63.5,2.0
191,14.805,14.592,0.019078,0.02013,,4.28,22.1,48.2,2.179,14.45,46.3,1.0
192,22.676,19.503,0.034764,0.047792,2525.7,4.87,24.9,56.0,2.247,18.08,58.0,4.0
193,22.033,21.087,0.034592,0.041298,2027.5,4.505,30.9,67.0,2.166,15.02,48.2,8.0
194,24.499,22.176,0.036952,0.047306,2476.1,4.665,37.4,80.2,2.145,12.94,41.5,8.0
195,28.739,23.407,0.039606,0.061102,2810.7,4.48,23.9,57.4,2.407,20.27,65.0,3.0
196,27.351,20.277,0.035844,0.045808,2724.9,4.22,20.0,44.6,2.232,23.38,74.9,1.0
197,31.015,23.061,0.034354,0.050248,2983.4,4.62,22.1,52.8,2.388,21.23,68.1,1.0
198,34.789,30.819,0.04245,0.06168,3388.2,4.59,23.5,85.7,3.654,20.54,65.8,3.0
199,32.942,26.02,0.058034,0.083662,1874.1,4.62,36.4,94.8,2.6,22.8,73.1,10.0
200,32.718,29.953,0.056044,0.07558,2451.0,4.65,48.5,87.0,1.794,15.12,48.5,10.0
201,34.501,29.306,0.048692,0.080548,2142.2,4.73,62.0,106.5,1.72,9.86,31.6,10.0
202,29.285,24.573,0.053362,0.071986,1869.7,4.68,47.4,88.8,1.872,16.62,53.3,10.0
203,29.266,28.602,0.059932,0.083886,1951.5,4.74,52.7,99.2,1.882,15.76,50.5,10.0
204,43.966,29.446,0.05688,0.10765,2156.9,5.03,35.0,125.4,3.585,17.15,55.0,2.0
205,29.424,17.701,0.042342,0.062702,1828.1,5.16,46.0,88.3,1.919,14.8,47.4,10.0
206,36.401,23.358,0.041254,0.06983,1845.5,4.94,28.8,67.0,2.325,16.22,52.0,5.0
207,21.603,17.24,0.027254,0.037748,3047.1,4.36,21.0,68.6,3.266,13.26,42.5,2.0
208,33.924,32.329,0.052904,0.081334,2930.7,4.89,42.4,84.5,1.994,14.3,45.8,10.0
209,16.232,19.367,0.03429,0.038388,2501.4,4.545,49.4,74.8,1.516,4.44,14.2,10.0
210,15.201,13.689,0.02073,0.022244,,4.265,20.3,47.0,2.31,11.39,36.5,1.0
211,33.967,26.927,0.04498,0.063208,2843.4,4.975,30.0,78.4,2.612,17.88,57.3,10.0
212,19.388,18.678,0.025374,0.03216,2877.4,4.39,17.8,47.0,2.642,21.27,68.2,2.0
213,24.926,17.612,0.030932,0.041406,3101.7,4.285,19.5,42.0,2.155,22.61,72.5,2.0
214,34.395,24.463,0.040208,0.072884,3259.3,4.76,32.0,82.7,2.58,14.64,46.9,4.0
215,22.208,21.086,0.032426,0.042366,3265.3,4.795,29.0,65.3,2.252,10.49,33.6,3.0
216,29.693,17.815,0.037832,0.05177,2210.9,4.735,25.0,54.8,2.192,20.76,66.5,2.0
217,46.044,28.764,0.047208,0.095306,2231.0,4.785,27.1,65.2,2.411,9.68,31.0,6.0
218,28.492,28.901,0.035652,0.053988,3068.7,4.59,21.3,52.2,2.452,20.76,66.5,2.0
219,26.733,25.776,0.034866,0.051626,3174.5,4.845,44.2,90.6,2.049,10.34,33.1,10.0
220,32.804,25.234,0.037344,0.056012,2917.0,4.61,22.1,52.3,2.368,20.25,64.9,3.0
221,30.651,25.923,0.040768,0.057354,3160.6,4.735,21.2,53.3,2.509,18.63,59.7,7.0
222,17.397,19.551,0.02989,0.034656,3555.6,4.38,22.2,49.3,2.221,14.53,46.6,3.0
223,10.155,8.703,0.015986,0.014588,,4.305,26.9,48.7,1.81,9.38,30.1,3.0
224,30.074,27.7,0.043556,0.065146,3031.0,4.69,20.8,41.7,2.002,7.93,25.4,10.0
225,26.948,27.444,0.039328,0.05321,3567.4,4.78,21.9,64.2,2.936,14.92,47.8,10.0
226,16.687,15.114,0.031498,0.0351,2768.1,4.445,25.8,55.7,2.161,11.62,37.2,3.0
227,22.582,21.058,0.03052,0.039486,,4.445,23.3,52.3,2.247,11.7,37.5,3.0
228,25.632,24.307,0.039076,0.04738,3342.4,4.695,29.6,77.1,2.604,11.05,35.4,2.0
229,12.44,10.094,0.014766,0.011928,,4.285,30.6,59.3,1.94,7.42,23.8,2.0
230,28.406,26.549,0.035912,0.048404,3513.7,4.415,26.6,89.6,3.371,10.89,34.9,2.0
231,21.438,20.276,0.03035,0.04034,3686.8,4.36,23.6,74.5,3.16,11.94,38.3,2.0
232,40.232,35.084,0.043626,0.066932,3253.3,4.52,32.0,75.4,2.353,14.17,45.4,2.0
233,40.722,35.71,0.0435,0.073252,3441.5,4.52,26.5,79.9,3.012,13.53,43.4,2.0
234,40.035,28.854,0.05877,0.12353,2453.9,4.395,49.2,108.5,2.203,18.11,58.1,10.0
235,34.006,27.218,0.040712,0.050282,3154.9,4.81,20.2,60.5,2.99,16.54,53.0,9.0
236,44.875,58.135,0.062648,0.10181,2734.2,5.6,38.5,126.2,3.275,14.4,46.2,10.0
237,41.787,32.939,0.05395,0.083764,2631.1,4.935,37.0,160.0,4.328,10.57,33.9,10.0
238,16.947,20.215,0.029972,0.03349,2817.4,4.67,23.5,126.0,5.363,14.34,46.0,5.0
239,38.336,20.955,0.037068,0.06136,2502.4,4.5,24.0,101.4,4.218,19.98,64.0,2.0
240,34.682,27.233,0.040526,0.056626,2969.5,4.66,25.9,59.7,2.301,17.5,56.1,4.0
241,25.876,23.065,0.039314,0.046528,2973.3,4.725,23.3,61.1,2.625,17.04,54.6,10.0
242,36.502,19.803,0.036446,0.051994,2565.8,4.46,23.0,119.1,5.178,22.4,71.8,2.0
243,28.752,24.109,0.035298,0.04715,2977.7,4.385,26.2,87.0,3.315,13.26,42.5,2.0
244,33.007,30.001,0.053202,0.076288,2176.7,6.43,50.7,128.4,2.533,7.68,24.6,10.0
245,37.858,31.089,0.05594,0.07706,1961.7,6.495,29.4,96.2,3.271,8.41,27.0,10.0
246,34.874,30.118,0.046286,0.067184,2037.9,4.79,24.9,66.0,2.647,22.66,72.6,8.0
247,34.421,26.104,0.045182,0.059586,1985.4,4.375,37.0,114.8,3.104,8.94,28.6,2.0
248,19.782,19.178,0.03045,0.038494,2342.5,4.455,23.9,55.0,2.301,15.66,50.2,6.0
249,39.024,25.338,0.04165,0.062202,2445.1,4.41,20.4,94.2,4.614,21.75,69.7,2.0
250,34.228,21.804,0.035276,0.056532,2690.4,4.26,29.9,97.7,3.268,17.33,55.5,2.0
251,48.581,26.634,0.04512,0.079506,2720.4,4.515,18.1,52.6,2.903,31.72,101.7,3.0
252,24.919,19.123,0.035084,0.04519,2800.4,4.375,21.9,69.6,3.173,19.65,63.0,2.0
253,29.654,30.328,0.03296,0.049622,3978.3,4.495,18.5,50.0,2.701,13.17,42.2,2.0
254,22.392,20.202,0.032156,0.038756,3198.5,4.405,26.9,63.5,2.357,11.39,36.5,2.0
255,13.196,15.559,0.023194,0.022154,2805.8,4.325,27.8,74.1,2.661,11.41,36.6,3.0
256,17.636,18.062,0.031114,0.037608,3040.0,4.305,27.6,63.1,2.286,10.47,33.6,8.0
257,23.976,21.266,0.03404,0.046984,2954.7,4.46,22.0,60.5,2.751,18.3,58.7,3.0
258,21.275,17.064,0.031794,0.03751,2278.5,4.705,24.3,63.6,2.616,15.69,50.3,10.0
259,15.647,13.851,0.029084,0.03156,2492.2,4.875,29.9,91.7,3.069,14.28,45.8,10.0
260,29.173,18.916,0.03644,0.051342,2244.2,4.92,29.1,77.5,2.66,11.34,36.4,10.0
261,18.573,12.447,0.02975,0.031696,1947.3,4.71,26.8,72.5,2.709,13.46,43.1,10.0
262,30.198,21.357,0.044616,0.059022,2388.8,5.035,27.6,68.3,2.479,23.7,76.0,10.0
263,19.073,29.908,0.033748,0.03822,3936.2,4.64,30.6,80.2,2.623,9.38,30.1,10.0
264,46.555,30.193,0.043964,0.080364,2981.7,6.29,24.2,69.2,2.863,19.05,61.1,6.0
265,34.48,24.727,0.040046,0.054214,2803.6,4.335,23.4,70.4,3.014,19.54,62.6,3.0
266,39.434,34.788,0.043924,0.062072,2877.7,4.74,25.6,88.0,3.436,16.43,52.7,10.0
267,18.347,14.385,0.025392,0.032354,2627.2,4.41,21.5,42.7,1.992,11.28,36.2,1.0
268,27.384,21.193,0.041154,0.052966,2351.1,4.78,27.1,56.5,2.081,14.18,45.5,1.0
269,25.124,34.014,0.04113,0.049,3573.2,5.805,29.6,108.3,3.658,11.66,37.4,10.0
270,33.694,46.859,0.044804,0.055654,4828.2,4.555,28.6,82.2,2.874,12.3,39.4,10.0
271,28.772,35.853,0.045516,0.057462,3764.3,4.585,25.9,73.0,2.814,16.53,53.0,10.0
272,21.101,25.727,0.037392,0.045404,2972.2,4.645,24.7,59.4,2.402,9.29,29.8,10.0
273,27.103,40.252,0.043248,0.05038,3721.9,4.66,23.3,68.2,2.929,12.96,41.5,10.0
274,19.397,28.607,0.034274,0.039826,4022.1,4.645,18.1,59.5,3.284,12.44,39.9,10.0
275,27.521,34.098,0.047316,0.052026,3265.3,5.055,26.8,74.5,2.781,16.06,51.5,10.0
276,30.218,36.729,0.03881,0.051296,3242.0,4.68,23.0,63.6,2.762,14.37,46.1,10.0
277,30.888,41.431,0.052544,0.057362,3696.1,4.885,41.7,131.2,3.143,12.64,40.5,10.0
278,27.062,40.119,0.03748,0.04613,3670.1,6.08,29.1,105.2,3.621,13.96,44.7,10.0
279,23.763,28.876,0.031986,0.037758,3459.5,4.83,24.9,79.0,3.176,15.87,50.8,8.0
280,43.548,46.05,0.04238,0.072242,3293.8,4.72,26.0,87.9,3.385,17.31,55.5,10.0
281,38.484,38.204,0.046962,0.074054,2976.1,4.82,31.9,106.8,3.353,13.56,43.5,10.0
282,41.248,39.921,0.05414,0.088962,2588.6,5.33,28.4,122.0,4.301,20.82,66.7,10.0
283,23.255,26.203,0.041602,0.04682,3136.0,4.65,25.3,101.8,4.025,12.68,40.6,10.0
284,20.907,21.823,0.037452,0.047632,2649.2,4.93,29.0,68.1,2.352,13.58,43.5,10.0
285,32.015,22.192,0.041092,0.061666,1797.0,4.5,20.5,70.9,3.461,22.81,73.1,4.0
286,35.015,29.885,0.042672,0.059314,2946.5,4.63,22.8,65.8,2.892,23.13,74.1,4.0
287,35.415,30.075,0.052424,0.080532,3378.8,4.685,39.6,83.4,2.107,17.03,54.6,10.0
288,30.118,27.472,0.04742,0.06487,2971.0,4.635,51.6,87.2,1.691,7.72,24.7,10.0
289,25.307,19.231,0.044908,0.056224,2100.6,4.66,26.9,54.6,2.033,12.58,40.3,10.0
290,26.394,20.593,0.03851,0.05441,2458.7,4.555,34.5,60.3,1.746,10.64,34.1,10.0
291,32.58,29.358,0.045138,0.068788,3361.3,4.65,34.2,64.4,1.885,13.01,41.7,10.0
292,76.11,63.603,0.11195,0.30318,2691.0,6.43,67.9,823.5,12.122,15.05,48.2,10.0
293,24.239,23.09,0.048692,0.059286,2178.0,4.83,38.7,78.4,2.024,13.24,42.4,10.0
294,24.712,22.662,0.046946,0.05523,1977.9,4.68,48.5,78.7,1.62,8.51,27.3,10.0
295,24.33,21.959,0.041364,0.059696,2053.0,4.68,36.3,72.3,1.993,14.47,46.4,10.0
296,17.197,18.726,0.036314,0.040734,,4.55,29.7,58.4,1.97,11.76,37.7,10.0
297,27.113,21.331,0.046892,0.059184,2434.0,4.62,41.3,70.2,1.7,13.24,42.4,10.0
298,45.073,34.992,0.054118,0.096734,2993.0,5.03,41.1,78.9,1.919,16.24,52.1,10.0
299,37.678,33.226,0.052722,0.086254,2811.7,5.0,36.8,75.4,2.046,12.39,39.7,10.0
300,26.026,21.001,0.035402,0.050792,3047.5,4.75,19.6,51.4,2.629,16.83,53.9,3.0
301,34.001,33.672,0.042516,0.074462,3628.4,4.765,29.5,74.2,2.519,17.47,56.0,10.0
302,32.035,30.048,0.053134,0.072858,2917.5,5.045,52.9,90.4,1.707,10.17,32.6,10.0
303,22.248,21.685,0.039526,0.04623,3025.1,4.68,22.9,56.9,2.489,15.44,49.5,10.0
304,32.695,30.794,0.03987,0.064576,3318.0,4.69,32.0,63.8,1.996,14.68,47.0,10.0
305,18.275,24.028,0.037098,0.042472,3401.6,5.127,42.1,84.0,1.994,9.85,31.6,10.0
306,20.117,23.337,0.037076,0.044026,3053.2,5.4,30.3,52.0,1.717,7.1,22.7,10.0
307,30.335,23.88,0.067412,0.096212,1921.1,6.325,46.5,122.5,2.632,13.1,42.0,10.0
308,40.543,28.753,0.057548,0.10014,2719.7,5.36,23.0,74.0,3.216,29.56,94.8,10.0
309,27.255,20.372,0.056602,0.071172,1800.3,5.55,64.0,136.1,2.127,14.07,45.1,10.0
310,36.282,24.119,0.072392,0.11326,1892.2,5.97,69.3,132.4,1.91,11.49,36.8,10.0
311,18.094,12.593,0.03574,0.046368,1608.5,4.75,35.3,67.7,1.918,11.63,37.3,10.0
312,29.017,20.728,0.052708,0.075094,2195.9,6.57,48.8,88.9,1.822,11.55,37.0,10.0
313,52.92,30.725,0.058484,0.13209,1959.2,4.985,33.3,74.3,2.228,23.74,76.1,10.0
314,24.107,22.091,0.047908,0.058312,2705.3,5.315,36.1,73.3,2.031,14.62,46.9,10.0
315,13.675,10.581,0.022752,0.024398,2187.8,4.7,26.3,52.5,1.995,13.26,42.5,10.0
316,29.924,22.2,0.051022,0.065336,2406.0,4.8,64.1,104.2,1.626,8.06,25.8,10.0
317,16.396,14.869,0.033252,0.035934,2475.8,4.505,34.1,53.0,1.552,7.5,24.0,6.0
318,17.84,13.391,0.035892,0.044542,2061.1,4.82,40.5,64.5,1.593,7.46,23.9,10.0
319,28.522,18.496,0.042014,0.05753,2455.1,4.335,26.7,49.0,1.834,12.77,40.9,10.0
320,18.407,16.119,0.03588,0.043704,1816.3,4.69,21.5,60.5,2.817,6.6,21.2,6.0
321,30.155,32.717,0.055644,0.07626,2883.1,5.265,31.7,70.1,2.21,14.06,45.1,10.0
322,21.255,19.485,0.032992,0.043106,2903.8,4.915,20.9,53.5,2.562,12.38,39.7,6.0
323,14.34,19.471,0.026522,0.02513,2081.4,4.785,26.6,64.3,2.42,12.09,38.7,10.0
324,21.668,16.128,0.028224,0.03965,3178.1,4.6,21.6,43.4,2.006,20.43,65.5,1.0
325,20.257,15.62,0.02838,0.039738,3252.6,4.61,20.2,41.3,2.043,16.84,54.0,1.0
326,19.292,17.618,0.033346,0.039096,2558.6,4.635,22.0,57.6,2.622,17.83,57.1,4.0
327,20.721,13.499,0.033108,0.042806,1975.7,4.59,24.2,48.8,2.017,17.88,57.3,2.0
328,27.737,23.363,0.046498,0.05789,2482.7,4.575,17.2,45.4,2.638,14.83,47.5,9.0
329,26.914,23.276,0.045028,0.057146,2537.3,4.495,37.4,62.7,1.679,9.71,31.1,10.0
330,19.216,12.144,0.024478,0.03536,2468.1,4.165,21.7,54.9,2.525,11.32,36.3,1.0
331,28.557,29.465,0.044442,0.060354,2949.1,4.755,32.6,69.2,2.124,13.91,44.6,7.0
332,10.037,12.033,0.009222,0.004066,,4.365,20.7,53.0,2.553,9.0,28.8,7.0
333,19.918,18.04,0.03444,0.043046,3147.8,4.5,23.4,60.1,2.564,14.03,45.0,2.0
334,21.086,20.198,0.041202,0.045526,4075.4,4.73,23.0,61.2,2.657,18.69,59.9,10.0
335,26.074,18.32,0.028386,0.040472,3397.7,4.26,16.7,41.1,2.465,25.53,81.8,1.0
336,30.83,20.056,0.042572,0.056166,2336.0,4.865,40.2,92.5,2.298,7.34,23.5,10.0
337,27.828,26.39,0.04401,0.065268,3278.1,5.05,42.1,139.6,3.314,12.7,40.7,10.0
338,28.592,17.282,0.0398,0.057496,3094.0,4.585,18.9,44.1,2.335,19.77,63.4,2.0
339,48.428,31.549,0.05336,0.087352,3521.3,4.8,24.2,65.6,2.715,26.79,85.9,10.0
340,27.297,26.301,0.04221,0.05624,3782.9,4.785,21.6,57.6,2.668,22.93,73.5,7.0
341,29.252,24.502,0.040642,0.055322,3143.6,5.095,36.4,86.1,2.367,11.93,38.2,10.0
342,21.158,22.676,0.03374,0.047408,2891.3,4.685,22.9,48.8,2.131,15.57,49.9,2.0
343,15.668,13.491,0.028994,0.033686,,4.59,22.8,49.0,2.148,7.77,24.9,9.0
344,28.432,28.051,0.04131,0.060388,2644.9,4.725,24.6,56.1,2.284,18.32,58.7,10.0
345,32.698,38.304,0.044012,0.054086,3966.4,4.995,29.1,69.9,2.401,13.7,43.9,10.0
346,24.433,27.759,0.037112,0.043434,3600.2,4.605,21.2,52.0,2.449,12.72,40.8,10.0
347,35.081,30.962,0.05185,0.069862,3084.4,5.24,31.1,82.8,2.664,17.91,57.4,10.0
348,18.76,15.601,0.036802,0.043458,1707.3,4.51,39.3,71.0,1.804,7.24,23.2,10.0
349,24.613,21.927,0.038446,0.052618,2568.8,4.59,38.6,67.0,1.736,8.99,28.8,10.0
350,24.26,23.321,0.039634,0.050136,2335.9,4.78,29.1,67.8,2.326,6.89,22.1,10.0
351,13.091,10.172,0.01493,0.012654,,4.435,43.1,60.2,1.398,1.58,5.1,10.0
352,26.167,20.904,0.032006,0.044012,3644.5,4.47,22.9,51.5,2.25,11.94,38.3,2.0
353,30.3,25.647,0.038848,0.05621,3139.7,4.595,24.6,88.1,3.575,12.51,40.1,2.0
354,29.445,25.705,0.038938,0.05764,3383.8,4.555,31.5,59.6,1.893,6.7,21.5,2.0
355,30.263,28.663,0.03843,0.054114,3903.6,4.565,24.1,59.3,2.458,10.89,34.9,2.0
356,43.12,40.556,0.04653,0.0839,4275.3,4.755,31.6,82.1,2.598,13.38,42.9,2.0
357,25.174,21.944,0.031868,0.042792,3479.7,4.515,17.7,52.0,2.931,18.43,59.1,2.0
358,29.669,22.242,0.055212,0.082878,1831.3,4.755,41.1,178.2,4.333,13.85,44.4,10.0
359,14.075,16.538,0.02279,0.020964,2111.1,4.645,26.7,97.6,3.657,10.13,32.5,2.0
360,32.508,25.895,0.046278,0.0705,3098.7,4.6,31.6,102.5,3.244,10.28,32.9,2.0
361,32.308,18.151,0.04391,0.070358,1898.5,4.67,27.8,132.0,4.757,21.16,67.8,3.0
362,20.177,19.096,0.033852,0.04287,2519.7,4.515,34.0,75.0,2.206,9.95,31.9,2.0
363,21.326,20.306,0.0325,0.043382,3441.9,4.495,22.0,85.9,3.901,14.4,46.1,2.0
364,35.916,30.646,0.060434,0.08502,1702.4,7.06,48.9,132.3,2.707,9.43,30.2,10.0
365,34.263,30.034,0.054022,0.081432,1622.5,6.375,31.7,105.9,3.337,9.02,28.9,10.0
366,40.289,31.777,0.047956,0.079524,2783.6,4.79,18.2,57.8,3.185,20.42,65.4,2.0
367,38.46,23.579,0.044498,0.064798,2367.8,4.53,25.7,131.1,5.099,18.29,58.6,2.0
368,23.806,23.303,0.033306,0.046316,3150.3,4.525,19.8,48.8,2.461,13.83,44.3,2.0
369,23.167,22.945,0.029104,0.040714,3812.4,4.58,22.1,59.7,2.702,13.27,42.5,2.0
370,35.058,33.717,0.052466,0.07248,3120.6,4.87,54.9,153.3,2.79,6.52,20.9,10.0
371,33.776,28.592,0.042734,0.060988,3554.7,4.59,22.4,50.8,2.265,17.04,54.6,2.0
372,28.384,28.179,0.0462,0.057016,2698.8,4.8,31.3,69.1,2.208,15.21,48.8,10.0
373,27.97,27.584,0.04269,0.057202,2730.0,4.745,36.7,72.9,1.986,15.95,51.1,10.0
374,32.913,26.448,0.048112,0.065984,2885.8,4.75,50.3,91.0,1.807,15.27,48.9,10.0
375,17.399,13.116,0.045664,0.052128,2184.8,4.5,48.1,82.2,1.708,12.3,39.4,7.0
376,19.671,15.596,0.034624,0.041122,2631.9,4.46,47.2,82.6,1.751,11.04,35.4,4.0
377,24.432,21.551,0.033014,0.043464,3942.6,4.68,35.1,68.5,1.949,12.83,41.1,2.0
378,32.579,29.157,0.085394,0.11459,2022.5,7.273,105.7,222.4,2.105,13.3,42.6,10.0
379,29.835,25.284,0.043194,0.056972,3697.7,4.67,52.3,92.4,1.768,13.09,41.9,3.0
380,37.526,27.917,0.06663,0.10488,2616.8,5.18,108.5,231.5,2.134,16.45,52.7,10.0
381,19.172,17.203,0.035392,0.041436,2985.8,4.57,58.7,90.5,1.543,8.04,25.8,5.0
382,21.478,21.182,0.038058,0.04434,2758.1,4.655,52.8,87.0,1.648,11.15,35.7,6.0
383,18.303,10.544,0.046992,0.056782,1504.6,4.545,30.1,71.9,2.391,11.4,36.5,3.0
384,22.953,22.241,0.047146,0.054626,2520.4,4.725,31.6,78.6,2.489,18.85,60.4,10.0
385,18.65,15.519,0.04125,0.047124,1524.9,4.6,38.6,86.2,2.23,14.19,45.5,10.0
386,26.254,21.48,0.04195,0.054038,1544.1,4.73,35.2,64.0,1.821,15.38,49.3,10.0
387,33.027,31.211,0.04471,0.066334,2850.1,4.86,48.5,81.6,1.684,12.07,38.7,10.0
388,37.917,32.298,0.05403,0.08463,2467.0,4.9,55.9,94.6,1.692,15.12,48.5,10.0
389,26.496,22.141,0.033734,0.049114,2294.2,4.945,45.9,80.2,1.749,14.27,45.7,2.0
390,29.639,25.387,0.03525,0.05345,2703.7,4.665,30.7,93.9,3.057,19.21,61.6,8.0
391,25.724,24.329,0.03822,0.053332,3072.6,4.855,58.1,89.0,1.531,8.88,28.4,6.0
392,27.01,23.951,0.029098,0.045542,3006.0,4.635,39.7,81.9,2.062,14.63,46.9,4.0
393,22.954,28.838,0.03832,0.048848,2843.0,5.87,17.6,69.1,3.928,10.86,34.8,10.0
394,19.551,24.499,0.034308,0.042182,3014.8,5.64,50.0,83.9,1.679,7.37,23.6,10.0
395,32.559,28.221,0.053628,0.081406,2645.1,4.845,66.8,119.4,1.788,12.86,41.2,10.0
396,31.522,27.869,0.05854,0.087228,1906.7,4.925,77.4,128.8,1.664,8.54,27.4,10.0
397,32.963,32.202,0.057012,0.094048,1593.7,4.88,77.0,138.2,1.794,11.56,37.0,10.0
398,31.2,21.744,0.04468,0.070916,1336.3,4.73,50.8,88.4,1.741,14.65,47.0,10.0
399,33.653,25.935,0.042484,0.075294,1946.5,4.78,36.3,83.5,2.302,18.31,58.7,10.0
400,37.433,24.589,0.049566,0.073408,2344.0,7.123,47.5,108.2,2.275,17.41,55.8,10.0
401,25.812,20.191,0.035772,0.053164,2568.8,5.525,46.3,109.3,2.358,17.32,55.5,10.0
402,37.173,26.783,0.039666,0.075654,3196.5,5.22,41.8,95.7,2.291,10.67,34.2,10.0
403,15.959,12.033,0.036452,0.035824,1541.6,7.44,71.5,191.6,2.682,10.69,34.3,10.0
404,32.608,28.346,0.038666,0.068168,2911.3,4.77,38.8,87.1,2.243,11.32,36.3,10.0
405,26.572,20.254,0.04338,0.061984,2074.1,5.89,61.4,102.2,1.665,10.5,33.6,10.0
406,49.36,28.661,0.054618,0.11795,2724.0,4.965,50.3,103.2,2.051,19.93,63.9,10.0
407,25.798,21.073,0.048952,0.067078,2472.3,5.515,55.2,103.8,1.88,10.67,34.2,10.0
408,27.319,20.87,0.044536,0.070356,2008.3,5.79,39.1,73.7,1.886,10.26,32.9,10.0
409,24.344,18.46,0.05285,0.066704,1433.4,6.195,60.4,90.5,1.498,7.26,23.3,10.0
410,17.904,16.194,0.03902,0.04727,1722.3,4.615,31.9,65.6,2.058,12.93,41.4,10.0
411,33.791,24.5,0.046252,0.077058,2823.3,5.14,61.2,115.3,1.886,14.74,47.3,10.0
412,26.76,22.819,0.048,0.062684,1795.4,4.57,29.7,78.0,2.629,17.52,56.2,10.0
413,26.027,20.261,0.05444,0.06731,1251.3,4.57,48.5,86.8,1.789,13.34,42.8,10.0
414,33.717,21.017,0.053888,0.075328,2029.9,4.645,45.5,100.9,2.218,11.27,36.1,10.0
415,35.081,32.62,0.068496,0.12362,2887.3,5.025,57.4,110.5,1.926,17.45,55.9,10.0
416,30.124,32.402,0.048284,0.068278,2830.2,4.94,42.3,92.7,2.19,18.69,59.9,10.0
417,29.744,30.356,0.044986,0.06146,2984.4,4.84,54.1,95.3,1.761,13.27,42.5,10.0
418,17.449,16.266,0.026978,0.032726,2875.6,4.25,42.6,76.5,1.795,10.41,33.4,2.0
419,26.72,22.131,0.046138,0.062226,2426.9,4.88,37.7,93.3,2.471,19.21,61.6,10.0
420,14.871,16.457,0.026224,0.027218,2462.2,4.61,27.2,69.3,2.551,14.93,47.9,10.0
421,13.443,14.712,0.028264,0.02431,1746.9,4.55,46.4,76.4,1.647,10.67,34.2,10.0
422,13.921,15.502,0.02296,0.018606,1886.5,4.66,38.3,68.4,1.788,9.15,29.3,10.0
423,12.161,14.067,0.01786,0.010482,,4.56,45.0,76.5,1.701,8.27,26.5,10.0
424,25.447,20.038,0.050472,0.063618,2603.4,4.5,33.5,79.0,2.359,20.8,66.7,6.0
425,41.498,34.306,0.042476,0.069514,2882.3,4.585,41.8,80.2,1.918,20.56,65.9,2.0
426,30.719,21.42,0.03548,0.054628,3270.9,4.6,32.7,70.8,2.165,19.44,62.3,2.0
427,31.611,21.83,0.03504,0.050892,2861.0,4.64,39.1,75.4,1.925,12.36,39.6,2.0
428,66.97,72.637,0.12023,0.21496,3104.0,9.165,96.1,646.7,6.727,6.61,21.2,10.0
429,28.548,19.525,0.039082,0.060952,2115.7,4.76,38.5,77.3,2.011,18.95,60.7,2.0
430,32.013,28.8,0.041296,0.06433,2473.7,4.805,51.6,92.5,1.794,12.18,39.0,10.0
431,27.532,26.768,0.043666,0.05751,2747.6,4.695,52.5,95.7,1.821,14.2,45.5,10.0
432,33.836,31.736,0.05325,0.082162,1746.6,4.78,72.5,117.0,1.613,7.59,24.3,10.0
433,32.148,30.236,0.055242,0.075186,1599.7,4.67,47.4,88.3,1.863,12.03,38.5,10.0
434,28.038,23.41,0.046284,0.057368,1569.3,4.665,59.0,87.3,1.479,6.53,20.9,10.0
435,28.927,28.202,0.055118,0.07179,1582.7,4.74,45.9,85.2,1.854,9.01,28.9,10.0
436,46.433,34.912,0.062042,0.10985,1796.9,4.935,50.0,215.0,4.301,18.46,59.2,10.0
437,35.314,24.098,0.057714,0.09086,1977.7,5.205,60.5,114.6,1.892,15.85,50.8,10.0
438,39.099,32.158,0.049978,0.08261,2119.2,4.905,31.0,80.3,2.591,26.28,84.2,2.0
439,38.908,27.165,0.048338,0.078352,2288.4,4.46,31.8,126.4,3.975,18.25,58.5,2.0
440,24.074,30.01,0.053164,0.060194,1492.3,4.74,64.1,102.4,1.597,6.35,20.4,10.0
441,13.769,16.657,0.023972,0.018602,2245.0,4.415,22.8,53.6,2.352,6.34,20.3,10.0
442,21.75,20.021,0.04767,0.0554,1684.6,4.635,30.7,82.1,2.677,14.43,46.3,8.0
443,35.574,28.641,0.060648,0.075214,3216.4,4.975,43.8,104.5,2.385,15.03,48.2,10.0
444,33.507,28.252,0.049632,0.070488,1805.8,4.905,35.2,97.2,2.761,17.39,55.7,10.0
445,20.386,18.671,0.036142,0.046164,2057.8,4.625,31.5,78.9,2.501,20.45,65.6,10.0
446,41.62,30.413,0.044576,0.07794,3219.5,4.63,30.3,78.0,2.573,27.61,88.5,2.0
447,33.984,25.054,0.042782,0.079092,3067.3,4.805,32.1,124.0,3.859,14.04,45.0,9.0
448,28.418,21.736,0.040274,0.05747,2755.0,4.705,31.3,77.1,2.464,19.93,63.9,2.0
449,49.32,36.269,0.048378,0.086814,3688.4,4.665,34.2,84.4,2.471,26.87,86.1,6.0
450,27.625,26.081,0.038298,0.056134,4004.5,4.64,28.4,64.2,2.264,16.14,51.7,7.0
451,28.369,29.947,0.048718,0.0615,3553.2,5.175,57.9,140.6,2.43,12.6,40.4,10.0
452,24.421,18.994,0.029488,0.041896,3588.4,4.595,25.9,60.8,2.346,17.8,57.0,1.0
453,25.962,22.773,0.031294,0.046528,3519.4,4.695,28.8,65.4,2.274,18.34,58.8,2.0
454,31.533,23.859,0.041652,0.055626,3405.0,4.57,36.5,74.4,2.038,14.08,45.1,3.0
455,31.494,26.871,0.045004,0.067156,3376.6,4.7,42.1,85.3,2.027,16.88,54.1,8.0
456,23.882,30.699,0.038062,0.05058,3724.4,4.575,45.9,82.8,1.802,10.61,34.0,10.0
457,21.106,16.409,0.033354,0.043804,2678.1,4.42,61.0,95.1,1.558,8.77,28.1,6.0
458,28.038,26.147,0.04452,0.0619,3073.1,4.805,59.7,112.8,1.888,15.03,48.2,10.0
459,25.691,24.19,0.039714,0.055976,3040.6,4.61,52.3,83.6,1.599,13.0,41.7,10.0
460,25.034,30.619,0.047646,0.059568,3291.8,4.795,35.4,84.5,2.386,13.83,44.3,10.0
461,38.381,32.421,0.039554,0.063094,4671.0,4.62,28.5,86.2,3.024,16.51,52.9,2.0
462,29.82,30.369,0.041028,0.053746,3853.5,4.54,39.0,142.0,3.638,12.92,41.4,7.0
463,27.856,27.854,0.042026,0.057744,4127.0,4.65,36.1,82.8,2.29,8.86,28.4,2.0
464,40.381,36.91,0.047408,0.095756,3355.0,4.595,43.8,147.3,3.366,15.72,50.4,7.0
465,42.023,35.311,0.050254,0.10045,3422.4,4.74,47.6,117.5,2.471,12.8,41.0,10.0
466,41.657,38.752,0.047956,0.093856,4036.9,4.795,40.3,138.5,3.436,17.03,54.6,10.0
467,38.19,29.003,0.058132,0.12089,2427.2,4.39,73.4,123.2,1.68,11.85,38.0,10.0
468,40.1,34.82,0.051434,0.082454,3141.0,4.645,42.3,106.2,2.509,18.41,59.0,10.0
469,39.469,36.89,0.049096,0.076142,4084.1,4.695,47.5,90.2,1.899,11.73,37.6,7.0
470,42.282,48.167,0.05635,0.096868,4253.0,5.29,65.5,214.6,3.277,14.63,46.9,10.0
471,39.118,32.943,0.049212,0.079328,3005.7,5.13,45.0,243.7,5.412,16.65,53.4,10.0
472,40.868,38.413,0.058864,0.095808,3336.5,4.9,87.0,267.4,3.073,8.64,27.7,10.0
473,17.694,24.259,0.032724,0.036304,3267.8,4.52,38.0,137.9,3.633,9.78,31.4,6.0
474,21.013,27.791,0.038306,0.049626,3979.3,4.62,38.3,177.3,4.63,12.91,41.4,5.0
475,35.21,32.059,0.039028,0.062282,3964.2,4.585,45.3,160.0,3.532,10.81,34.7,2.0
476,29.831,27.276,0.039078,0.05289,3725.1,4.635,42.0,149.0,3.549,15.37,49.3,2.0
477,24.497,24.894,0.041862,0.050754,4180.1,4.85,35.3,79.4,2.248,13.44,43.1,10.0
478,33.037,28.408,0.044088,0.069592,3348.4,4.735,43.2,139.5,3.227,10.52,33.7,10.0
479,30.093,31.238,0.045324,0.059004,3937.7,4.585,43.6,136.2,3.121,12.19,39.1,7.0
480,31.036,30.811,0.041104,0.056048,3645.3,4.57,43.1,138.0,3.202,10.72,34.4,5.0
481,38.251,39.695,0.056062,0.08168,3239.8,6.805,44.5,174.8,3.924,11.88,38.1,10.0
482,31.642,31.635,0.043374,0.058002,3710.1,4.83,41.2,101.4,2.459,14.84,47.5,8.0
483,42.5,40.064,0.045316,0.072482,3278.6,4.545,47.0,129.6,2.758,16.72,53.6,3.0
484,39.227,32.208,0.04147,0.070616,3009.5,4.385,62.1,175.8,2.832,7.75,24.8,2.0
485,31.326,25.63,0.03526,0.055024,3275.0,4.55,32.1,156.8,4.883,16.61,53.2,2.0
486,23.705,24.639,0.031386,0.04344,3684.3,4.57,32.8,69.2,2.112,13.09,42.0,3.0
487,57.713,58.29,0.085242,0.17095,2414.8,8.135,68.0,373.8,5.494,9.85,31.6,10.0
488,59.906,62.669,0.093404,0.18775,3009.4,8.29,105.5,523.2,4.96,12.42,39.8,10.0
489,52.972,41.469,0.048654,0.097892,2971.3,5.295,27.2,86.2,3.166,33.19,106.4,3.0
490,32.667,26.728,0.036376,0.056394,3491.9,4.85,32.5,80.9,2.487,19.43,62.3,5.0
491,18.855,14.254,0.02727,0.032714,2595.9,4.42,25.3,72.4,2.862,18.72,60.0,2.0
492,34.499,40.027,0.04627,0.072046,4034.4,4.985,51.9,133.4,2.571,12.36,39.6,10.0
493,35.359,41.308,0.038768,0.063448,4341.8,4.73,36.4,119.2,3.275,14.8,47.4,3.0
494,42.406,42.247,0.051692,0.085394,3530.6,4.965,41.1,163.7,3.986,13.6,43.6,10.0
495,41.08,39.016,0.040762,0.072246,3649.9,4.68,26.5,70.1,2.648,22.57,72.3,2.0
496,18.712,20.933,0.029764,0.03886,3966.0,4.49,20.9,64.6,3.094,14.39,46.1,2.0
497,33.109,31.001,0.044028,0.062848,3335.2,5.235,34.7,112.6,3.243,14.56,46.7,10.0
498,19.011,18.788,0.033204,0.041176,2628.6,4.99,32.9,95.7,2.913,12.14,38.9,10.0
499,25.548,19.453,0.037992,0.056632,2209.2,6.42,32.0,90.9,2.838,16.2,51.9,10.0
500,29.31,23.987,0.04023,0.05697,2225.7,4.96,30.9,78.9,2.552,18.1,58.0,3.0
501,19.711,34.964,0.036054,0.04152,3864.4,5.0,27.6,87.4,3.162,10.4,33.3,10.0
502,46.35,39.127,0.045924,0.093776,3746.1,4.77,33.1,105.0,3.171,17.38,55.7,6.0
503,30.638,25.075,0.034188,0.056328,2912.8,4.745,29.2,94.5,3.239,19.66,63.0,3.0
504,23.603,23.256,0.034148,0.049026,2673.7,4.925,31.5,65.4,2.077,14.27,45.7,3.0
505,23.177,40.822,0.040196,0.048946,3348.2,5.795,27.6,105.5,3.821,10.41,33.4,10.0
506,18.827,24.889,0.038778,0.04579,2672.6,5.845,41.3,87.0,2.108,9.1,29.2,10.0
507,33.189,30.229,0.040358,0.063622,2875.2,4.73,29.2,91.0,3.119,20.97,67.2,2.0
508,38.424,28.334,0.041398,0.066696,2723.1,5.2,29.0,75.0,2.588,19.92,63.8,3.0
509,36.934,33.211,0.03892,0.071348,3219.8,5.335,39.0,73.9,1.895,11.33,36.3,3.0
510,26.7,22.492,0.035364,0.051508,2718.9,5.105,31.3,84.7,2.704,11.43,36.6,10.0
511,32.379,35.415,0.049166,0.071296,3142.7,5.46,33.4,90.0,2.697,11.27,36.1,10.0
512,24.67,23.726,0.036204,0.048648,2652.0,4.575,34.7,63.1,1.821,7.44,23.8,10.0
513,28.695,25.86,0.044884,0.056534,2962.8,4.9,26.5,93.3,3.521,21.53,69.0,3.0
514,26.476,22.771,0.042098,0.050192,2382.0,5.25,34.2,108.8,3.182,12.41,39.8,10.0
515,26.316,29.899,0.04165,0.05836,3664.4,5.69,30.3,78.7,2.601,9.85,31.6,10.0
516,27.882,16.617,0.030208,0.052238,2244.9,5.135,30.1,69.6,2.316,11.49,36.8,2.0
517,19.327,14.946,0.023984,0.031902,2316.5,4.7,14.7,66.7,4.53,13.11,42.0,10.0
518,27.487,19.899,0.030704,0.052946,2114.2,4.95,31.5,78.4,2.487,13.7,43.9,6.0
519,29.607,16.389,0.03958,0.05249,1999.7,4.53,32.7,113.1,3.46,11.18,35.8,2.0
520,24.843,30.449,0.033778,0.049306,3640.2,4.59,36.9,87.4,2.368,8.8,28.2,10.0
521,29.845,20.043,0.050364,0.065884,2041.2,4.6,32.1,112.2,3.497,9.08,29.1,10.0
522,29.529,31.594,0.03588,0.056006,3476.2,4.705,41.3,109.8,2.656,9.04,29.0,10.0
523,40.784,28.6,0.05263,0.082312,2389.1,5.19,34.1,142.1,4.163,12.1,38.8,10.0
524,23.317,23.788,0.03647,0.044772,3246.1,4.625,19.1,65.1,3.404,14.61,46.8,2.0
525,16.32,25.637,0.028224,0.031026,4262.7,5.105,27.8,102.0,3.664,7.48,24.0,10.0
526,20.352,18.71,0.027222,0.034526,,4.445,35.9,69.4,1.934,4.59,14.7,1.0
527,16.86,18.385,0.030804,0.03194,,4.55,24.1,61.0,2.529,6.57,21.0,2.0
528,20.513,16.983,0.027476,0.036276,2934.5,4.755,24.0,73.8,3.072,10.78,34.5,10.0
529,25.725,30.123,0.034526,0.044272,3834.1,4.7,26.2,85.8,3.276,7.95,25.5,10.0
530,31.307,23.894,0.053188,0.075868,2578.6,4.93,34.6,74.3,2.149,16.13,51.7,10.0
531,29.774,13.949,0.03892,0.059796,1838.4,4.575,21.9,70.0,3.19,17.75,56.9,3.0
532,37.979,22.824,0.051504,0.089294,2241.2,6.08,51.9,121.9,2.351,14.87,47.7,10.0
533,30.991,23.664,0.046182,0.067532,2834.2,5.463,38.8,113.3,2.923,7.34,23.5,10.0
534,42.893,31.128,0.05215,0.094262,3222.0,5.595,48.8,122.4,2.512,6.09,19.5,10.0
535,35.035,19.78,0.038014,0.055434,2271.1,4.94,25.7,106.8,4.158,16.37,52.5,6.0
536,24.402,18.929,0.033072,0.045444,2965.9,5.305,27.0,95.8,3.548,12.04,38.6,10.0
537,25.271,38.04,0.04105,0.055324,4344.3,6.79,49.6,154.1,3.11,6.77,21.7,10.0
538,30.839,21.182,0.051796,0.066988,2049.5,4.69,42.2,125.2,2.965,7.09,22.7,10.0
539,34.503,23.135,0.040974,0.082998,2344.2,4.505,32.2,72.7,2.256,13.5,43.3,3.0
540,17.52,13.87,0.021526,0.026338,2271.1,4.525,23.2,64.6,2.785,10.73,34.4,3.0
541,27.621,24.427,0.043154,0.053914,3360.4,4.785,41.3,101.6,2.462,10.21,32.7,10.0
542,24.935,17.695,0.041234,0.048258,2579.4,4.92,30.4,81.0,2.668,12.47,40.0,10.0
543,15.729,12.639,0.029418,0.034312,2097.3,4.9,23.9,62.1,2.599,7.44,23.8,10.0
544,18.429,22.521,0.02726,0.033174,3406.9,4.735,27.2,86.0,3.167,9.46,30.3,10.0
545,36.543,24.713,0.042524,0.066764,3053.8,5.43,29.7,103.7,3.492,12.29,39.4,10.0
546,41.794,21.345,0.047616,0.072246,2141.1,5.325,18.4,76.7,4.174,19.64,62.9,10.0
547,28.385,24.894,0.02993,0.043922,3548.7,4.37,30.4,106.9,3.516,12.78,40.9,9.0
548,26.12,12.228,0.046404,0.060428,1458.9,4.88,42.3,134.3,3.173,6.83,21.9,10.0
549,38.418,25.867,0.047686,0.069954,2995.3,5.17,27.8,106.7,3.84,11.85,38.0,10.0
550,27.421,17.065,0.039636,0.046624,2282.8,5.13,32.9,86.3,2.626,11.93,38.2,10.0
551,28.677,25.017,0.03813,0.052312,3112.7,4.76,28.1,124.2,4.412,9.75,31.3,10.0
552,48.417,25.314,0.049826,0.093058,2313.4,4.815,26.4,64.8,2.456,11.51,36.9,10.0
553,21.982,17.526,0.035044,0.044882,2519.5,4.81,42.4,79.5,1.874,6.79,21.7,10.0
554,19.53,13.252,0.036174,0.04722,2096.3,5.063,24.1,54.1,2.242,8.78,28.2,10.0
555,34.308,30.607,0.043176,0.061076,3644.2,4.775,25.9,63.7,2.456,15.62,50.1,2.0
556,55.363,41.635,0.065546,0.14527,2971.9,5.77,53.7,122.6,2.281,18.8,60.3,10.0
557,27.159,23.048,0.039438,0.05672,2618.2,4.885,39.3,70.1,1.783,7.26,23.3,10.0
558,32.379,23.291,0.060042,0.094862,2363.8,7.975,15.7,106.9,6.791,11.2,35.9,10.0
559,33.488,24.024,0.0585,0.092156,2294.4,6.615,20.6,55.2,2.674,7.39,23.7,10.0
560,19.207,25.82,0.035292,0.040286,3004.7,4.88,33.8,72.7,2.15,5.82,18.7,10.0
561,11.198,14.279,0.016794,0.008556,,4.655,36.3,68.3,1.882,8.75,28.0,10.0
562,36.147,36.657,0.040792,0.077452,3482.8,5.03,33.8,86.0,2.545,6.46,20.7,4.0
563,28.654,28.52,0.035852,0.053544,3352.4,5.055,34.7,57.9,1.666,7.63,24.5,2.0
564,19.545,19.378,0.03174,0.037924,3297.9,4.69,43.0,76.1,1.767,12.66,40.6,2.0
565,19.066,17.876,0.031348,0.03875,2477.1,5.255,33.9,85.4,2.521,18.09,58.0,10.0
566,21.585,17.572,0.029074,0.040134,2956.5,4.675,22.4,75.9,3.385,12.64,40.5,5.0
567,30.7,21.836,0.03999,0.061824,2823.6,4.965,46.1,112.0,2.428,12.97,41.6,10.0
568,32.276,18.062,0.036328,0.054136,2235.8,4.745,48.9,93.1,1.904,6.74,21.6,10.0
569,59.262,50.153,0.064128,0.17152,3430.1,8.7,44.5,174.4,3.921,11.25,36.0,10.0
570,36.041,33.042,0.055534,0.079344,3623.6,4.865,44.3,88.5,1.997,7.49,24.0,10.0
571,34.217,29.657,0.059546,0.072318,3141.5,5.19,38.4,79.8,2.08,7.45,23.9,10.0
572,19.562,12.154,0.032903,0.042787,2000.6,5.98,26.3,88.7,3.375,10.6,34.0,10.0
573,22.866,22.098,0.03204,0.042218,3670.1,4.465,35.5,85.4,2.406,10.23,32.8,4.0
574,30.043,24.055,0.036078,0.05093,3402.2,4.845,22.3,81.2,3.639,13.69,43.9,3.0
575,36.675,23.144,0.030742,0.057806,2967.2,4.615,30.9,95.3,3.081,10.23,32.8,7.0
576,50.221,28.287,0.03825,0.082172,2916.3,4.53,32.9,109.0,3.317,13.38,42.9,7.0
577,49.052,38.622,0.052754,0.098462,3523.1,4.815,46.9,83.5,1.78,12.47,40.0,4.0
578,56.731,19.861,0.047514,0.11495,1452.9,5.465,35.1,90.8,2.587,30.72,98.5,4.0
579,40.776,33.238,0.045774,0.076468,2617.3,4.83,33.2,118.6,3.57,13.45,43.1,10.0
580,25.803,21.488,0.026592,0.03905,3691.4,4.605,17.6,65.0,3.688,10.08,32.3,2.0
581,19.103,15.435,0.023886,0.031892,2943.8,4.49,29.1,104.2,3.575,10.36,33.2,2.0
582,30.629,28.95,0.033264,0.054852,4143.6,4.757,24.4,76.5,3.133,11.73,37.6,4.0
583,39.233,25.79,0.044578,0.068704,2716.5,5.805,30.8,134.4,4.37,13.92,44.6,10.0
584,36.697,36.256,0.04276,0.075046,4173.1,4.645,29.9,119.4,3.993,8.6,27.6,10.0
585,12.908,11.449,0.017896,0.00946,1576.9,5.035,32.6,195.2,5.985,6.99,22.4,10.0
586,33.618,22.146,0.03456,0.061162,2750.8,5.0,32.2,68.6,2.128,13.62,43.7,4.0
587,17.557,10.297,0.026624,0.030956,1482.4,4.465,33.9,225.1,6.645,11.25,36.1,10.0
588,13.507,10.485,0.01016,0.006686,,3.63,25.1,69.3,2.762,6.76,21.7,2.0
589,25.515,19.052,0.033736,0.048228,2003.4,4.64,33.3,86.8,2.602,6.85,22.0,6.0
590,39.25,37.155,0.03544,0.055876,4423.1,3.83,21.9,78.2,3.567,7.82,25.1,6.0
591,27.8,18.367,0.032496,0.05134,2016.5,4.51,43.0,95.3,2.217,6.88,22.0,10.0
592,27.862,16.984,0.034536,0.054354,1413.5,4.84,27.5,104.0,3.785,9.36,30.0,10.0
593,31.218,26.088,0.043616,0.061616,2577.1,4.53,21.2,98.9,4.669,14.28,45.8,5.0
594,21.681,19.62,0.02783,0.03577,3659.8,4.84,33.9,115.5,3.405,5.83,18.7,10.0
595,39.137,21.304,0.040546,0.070086,2588.8,4.625,24.0,76.8,3.195,13.54,43.4,2.0
596,28.1,19.271,0.042114,0.05077,2623.8,5.415,37.8,177.1,4.679,12.8,41.0,10.0
597,27.422,22.327,0.037838,0.047284,3493.0,4.585,22.8,65.6,2.876,15.06,48.3,2.0
598,23.539,18.805,0.033534,0.043664,3058.2,4.59,34.9,87.4,2.505,7.51,24.1,10.0
599,25.178,21.278,0.02853,0.037782,2937.9,4.71,21.5,68.4,3.173,9.1,29.2,10.0
600,27.039,16.261,0.034142,0.05054,2447.1,5.82,28.3,66.9,2.363,10.84,34.8,10.0
601,20.264,14.783,0.030854,0.037388,2606.5,4.645,32.3,65.3,2.02,7.64,24.5,10.0
602,35.458,25.054,0.04128,0.053216,3086.7,4.37,28.6,77.1,2.692,13.11,42.0,4.0
603,20.222,16.437,0.027108,0.034244,3830.2,4.86,19.8,53.4,2.694,15.22,48.8,1.0
604,17.65,27.239,0.03171,0.035046,4012.7,4.33,21.4,78.2,3.654,8.44,27.0,5.0
605,36.446,29.898,0.042232,0.062322,3440.2,4.53,26.6,66.3,2.494,15.1,48.4,3.0
606,24.307,17.742,0.029538,0.0435,3270.3,4.345,18.9,41.9,2.215,9.79,31.4,1.0
607,24.388,18.422,0.034448,0.049402,2672.6,4.79,25.6,54.1,2.11,9.64,30.9,1.0
608,24.509,31.438,0.039344,0.052608,3556.7,4.79,19.0,63.5,3.339,10.77,34.5,6.0
609,26.824,38.005,0.039344,0.050024,4750.8,4.52,23.3,66.5,2.853,11.06,35.4,6.0
610,27.156,34.282,0.038022,0.047682,4350.2,5.905,23.2,119.4,5.144,10.36,33.2,10.0
611,25.571,31.498,0.042256,0.051696,4120.8,4.445,26.7,81.9,3.071,8.99,28.8,6.0
612,21.64,23.516,0.036792,0.049382,2768.5,5.7,29.0,66.5,2.29,6.26,20.1,10.0
613,45.138,33.928,0.040346,0.08617,3879.5,5.08,21.7,64.9,2.985,6.83,21.9,6.0
614,41.949,29.253,0.040406,0.071998,2959.0,4.385,16.0,39.0,2.437,10.6,34.0,3.0
615,30.289,22.471,0.041304,0.051914,2864.9,4.24,23.4,79.2,3.388,13.7,43.9,2.0
616,26.94,22.259,0.04286,0.055892,3055.5,4.415,24.7,73.9,2.994,10.19,32.7,5.0
617,18.46,14.676,0.025934,0.033508,3453.4,4.43,22.2,58.2,2.617,10.78,34.5,1.0
618,29.628,32.515,0.043648,0.057894,4073.2,5.465,22.3,54.7,2.45,11.58,37.1,9.0
619,31.17,17.435,0.03866,0.051294,2946.5,4.75,21.7,58.2,2.687,10.95,35.1,2.0
620,30.063,23.848,0.032338,0.054128,3424.8,4.575,23.8,51.4,2.162,9.03,28.9,2.0
621,36.392,18.443,0.038572,0.054698,2062.4,4.47,25.2,94.3,3.742,11.77,37.7,2.0
622,57.105,33.417,0.052292,0.11218,2612.9,6.655,35.8,112.7,3.145,11.68,37.4,10.0
623,21.438,27.513,0.040966,0.045458,4771.0,4.485,33.1,77.1,2.33,7.41,23.7,7.0
624,64.066,62.009,0.076914,0.1962,3515.6,4.21,49.8,290.4,5.83,11.46,36.7,10.0
625,55.108,58.221,0.062074,0.14709,2842.5,4.16,36.2,304.6,8.418,11.42,36.6,10.0
626,37.809,31.718,0.048662,0.072148,3350.8,4.655,40.2,113.1,2.816,8.46,27.1,4.0
627,29.71,21.567,0.035094,0.044238,3218.5,4.515,24.2,64.9,2.678,15.3,49.0,2.0
628,24.681,16.486,0.03359,0.04291,2453.7,4.625,23.1,57.9,2.509,13.11,42.0,4.0
629,19.876,17.395,0.026626,0.030048,3060.4,4.24,19.0,58.2,3.056,8.7,27.9,10.0
630,33.725,19.413,0.035414,0.050752,2113.4,6.32,30.2,87.9,2.909,10.04,32.2,10.0
631,28.017,18.184,0.03711,0.048808,2328.9,6.04,29.5,84.3,2.858,11.09,35.6,10.0
632,18.039,15.598,0.027854,0.02969,,4.39,21.6,55.9,2.589,6.38,20.4,1.0
633,16.17,17.182,0.02727,0.030542,,4.455,20.2,55.6,2.754,7.83,25.1,3.0
634,21.041,19.511,0.031796,0.035832,2309.6,4.39,23.6,81.1,3.428,11.08,35.5,4.0
635,19.507,14.833,0.033214,0.04204,1767.2,4.84,18.6,48.0,2.586,7.65,24.5,10.0
636,32.028,25.022,0.044956,0.060146,2635.3,4.755,25.6,72.5,2.828,16.43,52.6,10.0
637,30.266,22.824,0.046452,0.065422,1568.4,4.73,27.1,59.8,2.204,16.02,51.4,5.0
638,21.951,16.703,0.03629,0.04405,1798.7,4.48,22.2,64.9,2.922,14.91,47.8,2.0
639,59.007,30.877,0.047976,0.086432,2366.8,4.675,27.6,88.6,3.209,15.53,49.8,10.0
640,34.031,18.64,0.047648,0.064176,1839.7,5.705,24.1,57.1,2.372,13.55,43.4,10.0
641,31.06,20.779,0.052502,0.068376,1879.5,5.425,34.3,72.7,2.115,7.27,23.3,10.0
642,31.437,22.231,0.04051,0.056426,1897.7,4.71,34.5,86.4,2.502,6.42,20.6,4.0
643,24.954,20.589,0.03711,0.045406,2258.2,4.455,16.2,147.1,9.062,42.58,136.5,2.0
644,34.052,20.942,0.0443,0.059984,1983.7,4.565,35.4,81.3,2.299,12.78,41.0,2.0
645,28.199,21.727,0.036204,0.053016,2374.0,4.435,31.9,75.5,2.368,9.63,30.9,2.0
646,16.47,13.844,0.039344,0.04272,2440.7,4.36,29.4,73.1,2.485,10.5,33.7,2.0
647,19.094,17.966,0.031018,0.036278,2896.6,4.47,22.2,51.6,2.324,8.68,27.8,2.0
648,19.288,16.156,0.027532,0.030038,2859.5,4.39,20.2,60.1,2.972,11.29,36.2,1.0
649,23.329,20.54,0.03116,0.039078,3158.2,4.37,31.2,69.8,2.235,9.59,30.7,2.0
650,23.681,19.612,0.03408,0.04466,2831.1,4.38,32.9,68.1,2.066,6.62,21.2,1.0
651,26.977,23.05,0.03606,0.050748,3071.3,4.28,30.0,58.6,1.95,8.12,26.0,1.0
652,34.556,21.768,0.037392,0.060776,2583.3,4.365,18.2,47.8,2.629,18.18,58.3,2.0
653,17.833,17.808,0.033252,0.037814,2509.2,4.425,26.6,71.3,2.682,7.0,22.4,2.0
654,24.292,18.292,0.041666,0.050464,2366.0,4.21,24.5,69.7,2.846,17.2,55.1,4.0
655,37.005,21.569,0.055856,0.079518,1939.0,4.735,19.9,83.6,4.205,6.86,22.0,10.0
656,22.8,13.867,0.031402,0.03729,2124.2,4.6,20.7,67.3,3.252,11.85,38.0,10.0
657,22.604,15.436,0.03267,0.039882,2323.9,4.74,19.8,50.1,2.533,6.92,22.2,4.0
658,17.501,12.503,0.031774,0.031446,1639.8,4.755,20.2,67.6,3.337,9.13,29.3,10.0
659,25.307,22.889,0.039118,0.060082,2628.1,5.0,24.7,97.9,3.959,10.43,33.4,10.0
660,44.048,21.602,0.04986,0.079324,1735.5,5.285,33.2,108.9,3.283,12.84,41.2,10.0
661,50.043,45.261,0.048624,0.095894,3330.1,5.097,30.0,124.1,4.14,16.02,51.4,10.0
662,46.454,39.26,0.045696,0.077594,3591.9,4.55,24.2,116.0,4.8,21.13,67.7,6.0
663,23.662,16.441,0.034614,0.050428,2112.0,4.23,54.2,167.6,3.09,7.97,25.5,6.0
664,19.588,20.331,0.035502,0.04446,2926.7,4.145,28.5,69.8,2.448,6.28,20.1,5.0
665,16.048,20.374,0.034874,0.034748,3019.2,4.47,33.7,130.2,3.863,6.73,21.6,10.0
666,19.497,10.355,0.041068,0.04141,1390.1,4.58,34.4,164.1,4.776,10.88,34.9,10.0
667,25.353,13.676,0.041894,0.044472,1551.7,4.74,34.8,133.5,3.839,9.79,31.4,10.0
668,23.376,13.902,0.047136,0.054344,1681.2,4.65,33.8,125.5,3.712,8.01,25.7,10.0
669,20.452,10.106,0.033388,0.03503,1380.1,5.09,30.3,93.8,3.1,8.41,27.0,10.0
670,59.657,59.34,0.15578,0.30001,2084.4,8.61,62.8,457.6,7.285,7.68,24.6,10.0
671,51.272,55.85,0.12445,0.27619,2546.2,8.7,54.5,629.3,11.552,11.27,36.1,10.0
672,58.956,43.152,0.096442,0.20631,1783.5,8.79,39.0,484.7,12.422,10.73,34.4,10.0
673,64.779,66.46,0.13897,0.26633,2090.7,8.66,92.1,534.9,5.806,6.15,19.7,10.0
674,51.498,42.002,0.090266,0.19482,1846.5,8.83,54.3,408.3,7.516,7.73,24.8,10.0
675,41.955,23.82,0.046632,0.069938,2345.0,4.83,21.4,53.9,2.523,14.27,45.8,3.0
676,53.96,30.607,0.04855,0.094276,2560.1,4.92,20.2,53.0,2.618,10.16,32.6,6.0
677,28.247,20.934,0.040066,0.057088,1793.4,4.855,18.9,53.6,2.836,10.76,34.5,10.0
678,26.94,17.648,0.044838,0.054584,1413.5,4.745,9.1,21.2,2.318,6.69,21.4,7.0
679,28.625,19.633,0.045492,0.057768,1640.2,4.67,16.8,38.3,2.286,8.62,27.6,3.0
680,22.63,15.159,0.040612,0.050736,1464.4,4.715,10.2,34.5,3.394,6.71,21.5,3.0
681,18.384,11.167,0.03563,0.038214,1310.3,4.73,18.4,45.3,2.463,6.88,22.1,10.0
682,22.959,22.786,0.033566,0.043212,2691.3,4.31,14.9,24.3,1.628,4.25,13.6,2.0
683,27.455,25.543,0.032326,0.039974,2484.3,4.25,14.5,42.3,2.923,11.96,38.3,1.0
684,24.192,25.454,0.037022,0.04936,2415.4,4.24,8.7,25.3,2.928,6.27,20.1,2.0
685,23.644,23.116,0.036764,0.042844,2439.4,4.58,15.5,60.4,3.893,9.26,29.7,8.0
686,21.015,23.466,0.04162,0.044326,2754.9,4.48,23.3,44.8,1.922,5.98,19.2,7.0
687,10.468,10.289,0.01186,0.004956,,4.1,18.9,36.2,1.918,2.77,8.9,2.0
688,15.439,14.671,0.026674,0.029104,,4.17,39.1,367.2,9.396,17.21,55.2,2.0
689,13.028,10.943,0.01231,0.008778,,3.895,18.4,152.8,8.295,9.53,30.6,2.0
690,31.918,28.817,0.043758,0.061684,2253.5,4.465,21.6,136.7,6.325,11.25,36.0,2.0
691,28.993,27.846,0.035954,0.054928,2558.0,4.285,21.3,72.0,3.389,9.17,29.4,1.0
692,32.86,32.867,0.043956,0.065084,2241.9,4.44,26.8,78.0,2.911,9.42,30.2,2.0
693,29.576,27.808,0.039526,0.059488,2120.2,4.4,26.7,61.5,2.305,8.14,26.1,2.0
694,26.043,17.926,0.03836,0.046438,1530.4,4.59,24.6,96.7,3.923,13.32,42.7,7.0
695,28.724,31.059,0.043862,0.062186,3725.5,4.605,26.8,81.5,3.041,19.71,63.2,10.0
696,26.454,23.547,0.039448,0.045068,3047.9,4.535,22.0,50.3,2.282,16.0,51.3,8.0
697,30.324,23.219,0.037362,0.054776,2916.7,4.3,15.0,97.3,6.499,19.3,61.9,1.0
698,23.073,19.793,0.034474,0.043388,2852.4,4.245,13.2,45.0,3.413,16.15,51.8,1.0
699,30.301,22.959,0.050118,0.061244,2459.5,5.935,17.7,81.4,4.587,20.23,64.8,10.0
700,37.113,37.074,0.045152,0.067208,2971.1,5.657,19.3,58.4,3.032,16.54,53.0,10.0
701,27.813,15.613,0.035338,0.0545,2139.5,4.473,16.7,60.1,3.603,21.59,69.2,2.0
702,23.576,18.187,0.03301,0.048764,2330.0,5.257,21.5,78.5,3.644,21.14,67.8,10.0
703,30.027,18.478,0.033906,0.057904,2267.7,4.64,19.5,48.0,2.459,14.74,47.3,1.0
704,29.229,14.63,0.033072,0.046312,1958.0,4.35,20.9,89.6,4.284,18.92,60.7,3.0
705,44.278,27.972,0.060304,0.11626,2047.4,6.775,30.4,200.0,6.576,10.87,34.8,10.0
706,45.897,40.284,0.048144,0.094028,3036.3,5.835,28.9,196.3,6.793,22.06,70.7,10.0
707,23.143,29.007,0.03008,0.04244,3597.9,4.275,19.2,99.9,5.199,20.21,64.8,10.0
708,40.838,27.909,0.06146,0.10248,2528.0,4.615,24.0,117.2,4.872,17.49,56.1,6.0
709,32.158,43.57,0.035982,0.055608,4204.4,4.695,29.3,110.1,3.755,12.7,40.7,10.0
710,38.587,32.541,0.042264,0.070094,3026.8,4.705,25.6,88.0,3.44,15.24,48.9,2.0
711,27.355,19.952,0.034072,0.046148,2493.3,4.48,17.1,84.7,4.947,23.08,74.0,5.0
712,20.678,15.386,0.022398,0.030054,2475.6,4.41,12.4,37.6,3.039,16.41,52.6,2.0
713,23.97,28.946,0.041028,0.048772,3090.4,4.835,22.8,63.2,2.768,10.64,34.1,10.0
714,18.473,17.973,0.021266,0.024874,,4.345,14.8,58.8,3.971,9.76,31.3,2.0
715,22.49,15.821,0.038496,0.049258,2122.7,5.075,14.2,50.5,3.553,12.29,39.4,10.0
716,30.473,26.428,0.03389,0.048914,3685.2,4.475,18.6,75.5,4.061,19.43,62.3,6.0
717,30.74,23.191,0.04279,0.06587,2534.0,4.565,15.3,41.8,2.724,10.58,33.9,8.0
718,31.479,27.064,0.03962,0.063306,2771.5,4.23,23.2,78.8,3.4,18.51,59.3,3.0
719,20.24,13.938,0.024802,0.03251,2016.8,4.545,23.1,76.6,3.322,16.85,54.0,10.0
720,27.603,25.999,0.03508,0.054228,3272.0,4.325,20.7,75.6,3.658,19.42,62.3,5.0
721,30.694,14.786,0.030208,0.043924,2020.0,4.225,18.9,102.8,5.427,25.92,83.1,5.0
722,27.385,18.142,0.035046,0.048618,2318.5,5.355,13.8,42.8,3.108,9.29,29.8,10.0
723,34.281,26.662,0.047498,0.068816,3077.2,4.635,17.9,55.5,3.107,16.3,52.2,10.0
724,24.724,33.54,0.047858,0.055056,3267.5,6.795,32.9,362.8,11.024,15.92,51.0,10.0
725,23.525,16.742,0.037422,0.049066,2556.5,4.38,15.6,51.8,3.314,20.28,65.0,2.0
726,22.62,19.775,0.030316,0.04354,3320.7,4.165,16.9,46.9,2.77,15.08,48.3,2.0
727,33.691,21.633,0.04638,0.065366,2542.3,4.385,24.4,86.1,3.531,12.24,39.2,9.0
728,19.62,14.441,0.02935,0.038832,2370.9,4.265,18.4,55.4,3.007,14.14,45.3,10.0
729,25.7,23.188,0.042562,0.064256,2171.4,5.32,40.1,245.9,6.128,9.86,31.6,10.0
730,24.913,18.111,0.030476,0.048302,2605.2,4.645,19.6,59.9,3.059,14.62,46.9,10.0
731,21.839,16.896,0.026784,0.039014,2438.1,4.685,23.8,94.0,3.944,16.64,53.3,10.0
732,36.472,47.862,0.041368,0.064634,4472.0,5.135,20.2,100.3,4.968,17.38,55.7,10.0
733,23.273,13.671,0.04922,0.061168,1763.7,5.15,23.4,56.4,2.407,6.62,21.2,10.0
734,29.516,16.6,0.032196,0.05253,1987.7,4.895,16.4,71.3,4.344,23.13,74.1,10.0
735,26.228,16.591,0.028556,0.047914,2245.3,4.325,27.8,93.7,3.375,17.51,56.1,5.0
736,23.968,23.492,0.027728,0.040846,3302.3,4.335,25.1,80.5,3.209,11.48,36.8,2.0
737,25.012,12.324,0.037952,0.05199,1467.7,4.61,26.0,142.3,5.467,18.93,60.7,10.0
738,23.633,31.911,0.035212,0.046528,3072.1,4.683,30.8,109.1,3.538,12.19,39.1,10.0
739,39.268,22.734,0.036166,0.058138,2500.9,4.35,36.1,74.8,2.074,4.78,15.3,1.0
740,36.539,26.673,0.03307,0.05953,2928.5,5.04,19.8,67.9,3.433,19.51,62.5,10.0
741,27.022,17.369,0.033298,0.049276,2156.8,4.835,23.2,73.4,3.16,15.49,49.6,10.0
742,25.379,22.655,0.035542,0.050526,2674.6,4.695,20.0,68.3,3.415,10.55,33.8,10.0
743,26.597,22.334,0.033416,0.047676,2271.2,4.7,22.8,57.9,2.537,10.92,35.0,10.0
744,31.595,20.168,0.044066,0.07242,2239.5,5.02,20.7,78.9,3.81,22.36,71.7,10.0
745,76.438,44.505,0.048348,0.16697,2785.9,4.635,24.3,124.1,5.108,24.22,77.6,2.0
746,48.305,26.152,0.045876,0.091168,1967.2,4.565,15.9,47.2,2.97,5.46,17.5,7.0
747,17.91,16.346,0.032984,0.03999,2337.9,4.61,20.9,59.2,2.835,12.01,38.5,10.0
748,28.43,20.488,0.041172,0.056224,2492.9,4.845,22.0,65.3,2.971,15.65,50.2,10.0
749,27.135,25.09,0.037198,0.05025,3165.5,4.66,16.7,31.9,1.913,9.29,29.8,2.0
750,22.284,24.608,0.034496,0.043656,2449.1,4.64,16.5,41.0,2.494,10.77,34.5,9.0
751,52.808,39.759,0.06426,0.12978,2530.3,5.39,45.5,83.9,1.846,4.21,13.5,10.0
752,26.045,25.287,0.037934,0.059448,2873.3,4.74,20.2,52.0,2.575,13.62,43.7,10.0
753,28.509,26.3,0.040044,0.051894,2455.6,4.65,24.7,64.7,2.624,10.48,33.6,4.0
754,45.787,42.082,0.055028,0.095718,2826.6,4.77,28.7,124.3,4.327,14.35,46.0,10.0
755,23.045,17.746,0.043036,0.064078,1669.0,6.195,21.3,47.4,2.219,5.16,16.5,10.0
756,18.753,24.702,0.034692,0.037364,2742.8,4.34,18.3,45.9,2.502,10.62,34.0,2.0
757,10.856,15.723,0.015396,0.007562,,4.155,17.3,37.2,2.145,6.37,20.4,2.0
758,27.067,23.228,0.033472,0.057372,2407.8,4.62,22.1,92.8,4.197,16.2,51.9,9.0
759,50.758,57.545,0.10638,0.19223,2672.1,8.795,28.7,443.1,15.426,9.96,31.9,10.0
760,24.02,25.323,0.034204,0.05026,3362.2,4.655,22.3,61.5,2.757,8.87,28.4,4.0
761,32.164,34.168,0.050166,0.06771,2685.7,4.54,16.2,70.5,4.359,7.67,24.6,10.0
762,38.52,24.698,0.03599,0.06662,2590.1,4.715,24.1,114.7,4.76,20.07,64.3,7.0
763,20.344,18.027,0.027964,0.035666,2234.4,4.605,20.5,61.5,2.997,12.79,41.0,8.0
764,30.481,25.172,0.04243,0.05286,2273.6,4.835,29.8,133.9,4.486,17.7,56.7,10.0
765,32.776,24.834,0.049836,0.060868,2068.5,5.473,22.2,139.0,6.256,19.17,61.5,10.0
766,35.773,21.293,0.041484,0.066838,1958.2,4.8,20.4,55.0,2.69,8.54,27.4,10.0
767,35.035,32.676,0.04989,0.070858,2170.3,4.955,17.2,66.5,3.871,16.71,53.6,10.0
768,32.851,29.589,0.055896,0.071694,2240.8,4.845,24.3,74.2,3.06,12.46,39.9,10.0
769,27.738,18.593,0.030192,0.053268,2469.4,4.375,19.2,61.2,3.185,17.7,56.7,3.0
770,18.847,13.24,0.029584,0.037642,1866.7,5.635,22.2,75.1,3.385,16.1,51.6,10.0
771,28.515,22.414,0.036638,0.054662,1982.0,4.575,18.1,63.2,3.484,16.65,53.4,3.0
772,22.536,22.569,0.026406,0.035898,2720.4,4.245,15.5,70.2,4.519,22.15,71.0,3.0
773,34.157,21.998,0.036472,0.06655,1963.6,5.235,24.2,79.6,3.293,17.27,55.3,10.0
774,26.444,27.677,0.032306,0.049098,3090.6,4.735,20.8,89.2,4.294,14.55,46.6,10.0
775,34.819,27.634,0.04258,0.068856,2648.5,4.58,15.4,59.1,3.835,5.81,18.6,10.0
776,34.819,27.634,0.04258,0.068856,2648.5,4.58,15.4,59.1,3.835,5.81,18.6,10.0
777,47.891,40.736,0.064288,0.13845,1944.7,5.01,38.1,129.5,3.404,12.27,39.3,10.0
778,34.22,17.435,0.037504,0.0602,1886.1,4.72,16.7,37.4,2.247,11.5,36.9,10.0
779,43.744,34.775,0.041366,0.074826,3103.1,5.025,26.5,121.8,4.601,19.88,63.7,10.0
780,39.511,29.012,0.0432,0.068854,2770.1,4.855,25.8,80.5,3.121,21.11,67.7,4.0
781,35.044,36.704,0.038416,0.06252,4030.4,4.705,21.5,59.7,2.773,12.85,41.2,4.0
782,50.476,29.218,0.051102,0.10775,2234.4,4.735,25.4,121.2,4.775,19.15,61.4,10.0
783,36.52,45.073,0.03555,0.061016,4884.1,4.515,22.8,90.4,3.962,16.37,52.5,3.0
784,29.089,21.902,0.033408,0.055244,2579.8,4.66,30.8,94.4,3.062,12.67,40.6,10.0
785,37.7,42.232,0.04443,0.0722,3377.5,5.49,25.5,121.4,4.761,17.37,55.7,10.0
786,28.579,20.471,0.031436,0.048448,2298.2,4.855,20.1,63.4,3.158,19.94,63.9,5.0
787,21.903,25.333,0.026114,0.034604,2964.9,4.345,23.7,86.3,3.636,13.53,43.4,10.0
788,24.157,17.16,0.02767,0.037138,2094.4,4.755,20.1,63.4,3.147,12.27,39.3,10.0
789,16.709,20.764,0.03094,0.034424,2585.4,3.935,25.3,70.7,2.801,7.44,23.8,3.0
790,34.675,21.155,0.046028,0.0764,2024.0,5.73,22.5,83.5,3.706,20.37,65.3,10.0
791,28.099,23.373,0.03777,0.062542,2040.8,4.655,25.2,54.2,2.153,12.92,41.4,10.0
792,35.456,21.481,0.055754,0.07559,1744.1,5.32,22.5,61.2,2.718,11.69,37.5,10.0
793,15.983,11.685,0.027024,0.03088,1757.7,4.69,24.8,86.3,3.474,11.44,36.7,10.0
794,21.77,15.698,0.035372,0.046506,1889.6,4.455,28.7,103.6,3.608,8.36,26.8,10.0
795,57.851,49.113,0.055564,0.16671,2856.5,8.64,29.0,146.5,5.045,14.63,46.9,10.0
796,30.062,28.902,0.042572,0.06036,2715.1,4.92,23.4,65.4,2.789,13.35,42.8,10.0
797,35.716,29.218,0.042798,0.06361,2994.4,5.025,23.3,77.6,3.334,18.28,58.6,10.0
798,19.71,20.325,0.02217,0.027352,2943.0,4.77,22.4,74.8,3.338,13.33,42.7,2.0
799,34.202,28.641,0.042722,0.063246,2754.8,4.895,16.3,71.8,4.41,25.83,82.8,4.0
800,21.763,18.676,0.030332,0.040116,2472.7,5.28,25.1,95.9,3.819,10.56,33.9,10.0
801,20.026,17.042,0.030908,0.037048,2158.6,5.165,29.8,66.4,2.229,10.32,33.1,10.0
802,30.207,16.998,0.035336,0.063354,1904.4,5.27,19.7,68.5,3.484,13.74,44.0,10.0
803,35.964,26.471,0.033306,0.054812,2649.8,4.84,20.8,54.3,2.612,15.4,49.4,4.0
804,40.634,31.482,0.047542,0.08599,2598.1,4.91,20.3,60.4,2.973,17.28,55.4,6.0
805,17.327,27.331,0.027162,0.03012,3377.1,4.84,21.5,72.6,3.375,10.28,32.9,10.0
806,48.393,37.682,0.05348,0.1123,2813.5,7.19,18.5,65.1,3.512,20.73,66.4,10.0
807,39.215,30.831,0.037496,0.069644,2824.8,4.64,21.6,91.2,4.216,19.04,61.0,2.0
808,42.936,35.804,0.042188,0.066356,2829.6,4.455,27.7,68.5,2.474,12.9,41.3,1.0
809,25.472,23.172,0.034088,0.050814,2853.5,4.795,16.8,39.2,2.33,8.99,28.8,2.0
810,28.053,38.922,0.039786,0.057458,3609.5,5.905,26.1,120.1,4.611,15.58,49.9,10.0
811,18.106,23.732,0.032102,0.036572,3016.9,5.045,30.8,61.4,1.992,5.24,16.8,10.0
812,18.466,22.364,0.037496,0.045154,2540.4,5.83,28.5,56.6,1.985,7.72,24.7,10.0
813,39.521,30.773,0.047036,0.08155,2970.0,4.755,21.3,81.5,3.827,21.45,68.8,3.0
814,40.111,29.32,0.033834,0.067706,2943.8,4.95,16.4,50.4,3.073,19.22,61.6,2.0
815,34.156,36.969,0.039712,0.058148,3981.4,5.1,21.7,74.2,3.414,14.8,47.4,5.0
816,27.849,26.305,0.041098,0.059118,2625.9,4.935,19.9,48.6,2.437,9.59,30.8,10.0
817,31.054,26.1,0.037542,0.05421,2904.2,4.77,25.5,95.2,3.733,13.49,43.2,3.0
818,30.276,25.787,0.043918,0.059094,2770.4,4.76,25.5,67.6,2.649,11.29,36.2,10.0
819,35.618,36.111,0.048632,0.069632,2957.9,5.69,19.8,64.0,3.239,15.34,49.2,10.0
820,29.204,15.882,0.031348,0.05045,2111.0,4.715,20.1,75.7,3.77,25.46,81.6,1.0
821,28.827,21.344,0.0364,0.045372,2375.7,4.76,23.3,122.0,5.231,15.05,48.2,10.0
822,37.883,20.601,0.06633,0.099558,1904.3,5.005,14.2,37.9,2.67,7.59,24.3,10.0
823,20.784,11.649,0.027084,0.031208,2416.2,4.55,22.2,81.1,3.647,15.48,49.6,1.0
824,45.984,29.724,0.05496,0.10174,2789.1,6.99,25.2,116.4,4.626,12.99,41.6,10.0
825,22.326,25.303,0.031206,0.04237,3663.6,4.73,25.9,111.6,4.312,15.25,48.9,10.0
826,37.347,24.934,0.058366,0.089486,2206.5,4.745,29.8,168.1,5.635,15.04,48.2,8.0
827,27.768,33.851,0.042152,0.056276,4135.7,4.805,26.2,86.7,3.31,14.72,47.2,10.0
828,41.192,34.324,0.04735,0.078276,2955.6,4.87,27.5,247.8,9.026,17.04,54.6,4.0
829,28.567,22.173,0.03689,0.054526,2898.1,4.71,16.3,70.2,4.293,18.33,58.7,7.0
830,17.409,13.828,0.026406,0.030862,2197.7,4.68,20.9,47.0,2.246,9.69,31.1,3.0
831,15.986,16.05,0.023674,0.026932,,4.475,20.5,65.4,3.185,15.18,48.7,2.0
832,45.097,34.204,0.04036,0.08831,2582.1,7.435,27.5,108.9,3.956,15.34,49.2,10.0
833,21.092,21.104,0.029766,0.038864,3047.9,4.63,20.1,58.0,2.89,7.7,24.7,2.0
834,25.304,19.77,0.040912,0.05604,2493.0,5.205,25.5,77.7,3.05,10.86,34.8,10.0
835,25.117,26.309,0.035888,0.050438,3140.5,4.82,23.5,110.4,4.706,16.64,53.3,10.0
836,29.572,25.693,0.046924,0.066934,2545.9,4.94,13.7,34.2,2.5,8.99,28.8,10.0
837,34.022,28.779,0.035676,0.063792,3043.1,4.63,23.4,77.2,3.296,18.56,59.5,8.0
838,30.974,14.001,0.027906,0.051526,1861.6,4.545,14.2,46.1,3.243,20.9,67.0,3.0
839,34.687,20.717,0.04487,0.069736,2329.6,6.425,23.1,52.7,2.284,10.09,32.3,10.0
840,21.826,12.616,0.03182,0.036526,1700.3,4.87,24.6,129.9,5.27,18.6,59.6,10.0
841,23.706,20.871,0.031774,0.045754,2876.7,4.58,20.6,70.6,3.423,15.74,50.4,2.0
842,30.207,18.342,0.034314,0.055102,2355.0,4.745,14.4,45.3,3.15,23.6,75.6,2.0
843,29.291,22.218,0.028042,0.041084,2731.3,5.995,28.1,85.6,3.043,13.62,43.7,10.0
844,32.014,24.363,0.04365,0.062784,2795.9,4.95,19.7,61.4,3.119,19.86,63.6,10.0
845,27.754,33.744,0.034866,0.052694,3199.3,7.415,33.4,135.7,4.057,10.52,33.7,10.0
846,24.209,19.003,0.036252,0.048656,2213.7,4.82,23.1,80.5,3.482,17.65,56.6,4.0
847,27.066,22.33,0.036816,0.054784,2115.9,4.93,20.6,76.5,3.719,18.01,57.7,10.0
848,34.568,21.135,0.04486,0.058552,1757.0,4.675,24.6,81.0,3.296,12.73,40.8,2.0
849,29.347,17.911,0.057608,0.097104,1394.7,4.69,30.7,57.2,1.866,8.56,27.4,10.0
850,17.702,13.878,0.029608,0.033756,1631.9,4.87,18.5,67.3,3.63,16.44,52.7,10.0
851,24.303,21.597,0.040476,0.04768,2219.4,5.05,25.3,94.2,3.72,17.36,55.6,9.0
852,25.425,18.803,0.032764,0.04724,1944.4,5.035,20.8,62.9,3.018,13.33,42.7,10.0
853,29.623,27.93,0.040156,0.057962,2364.8,5.02,22.7,78.5,3.456,14.55,46.6,10.0
854,27.556,32.329,0.035038,0.046762,2686.5,4.96,28.1,103.8,3.691,15.51,49.7,10.0
855,32.976,24.41,0.042406,0.064506,1932.5,5.605,27.1,80.0,2.957,13.45,43.1,10.0
856,40.85,21.911,0.050346,0.081288,1613.8,5.855,18.1,89.9,4.965,21.55,69.1,10.0
857,27.91,27.196,0.035504,0.051904,2266.2,4.66,29.5,89.1,3.017,10.47,33.6,4.0
858,27.47,16.264,0.042516,0.063844,1380.6,5.06,30.4,143.3,4.71,12.41,39.8,10.0
859,52.366,27.168,0.045444,0.095316,1577.1,4.795,28.2,104.8,3.713,16.0,51.3,3.0
860,37.379,28.04,0.051764,0.073788,1891.9,5.52,26.7,77.6,2.91,13.02,41.7,10.0
861,26.925,15.315,0.041876,0.045474,1548.6,5.375,23.9,74.3,3.105,14.03,45.0,10.0
862,25.616,27.024,0.036706,0.0485,2876.3,4.84,34.3,127.3,3.715,9.46,30.3,10.0
863,29.874,21.123,0.050952,0.071378,1951.5,5.34,19.2,81.6,4.249,18.46,59.2,10.0
864,44.453,26.315,0.037378,0.07914,2259.8,4.585,14.7,50.4,3.424,11.21,35.9,1.0
865,46.814,27.733,0.041964,0.078696,1810.1,4.73,19.8,55.0,2.777,15.35,49.2,4.0
866,20.446,17.832,0.034282,0.04386,2026.3,4.91,21.3,53.3,2.505,6.72,21.5,10.0
867,27.088,21.924,0.0333,0.053706,2242.1,4.89,16.7,43.4,2.6,13.6,43.6,3.0
868,17.13,17.73,0.028326,0.033862,2807.5,4.94,15.3,43.7,2.853,15.31,49.1,2.0
869,21.732,23.957,0.037266,0.049402,3223.6,5.12,15.1,34.6,2.292,7.62,24.4,2.0
870,52.611,40.303,0.063814,0.13038,2002.5,5.44,28.2,65.0,2.307,9.24,29.6,10.0
871,25.988,32.259,0.050654,0.06648,3070.9,5.015,23.9,45.9,1.916,6.31,20.2,10.0
872,25.141,23.281,0.042294,0.059688,2341.7,4.96,26.1,59.6,2.284,8.3,26.6,10.0
873,50.777,42.891,0.056012,0.12018,2603.2,5.105,23.9,54.6,2.283,11.14,35.7,10.0
874,28.588,24.866,0.040596,0.066666,2101.0,4.91,22.2,57.3,2.577,7.29,23.4,4.0
875,24.709,19.795,0.05547,0.067564,1995.8,7.33,25.6,73.6,2.871,6.59,21.1,10.0
876,14.698,21.487,0.030906,0.032226,2774.5,4.8,25.5,54.4,2.136,7.55,24.2,10.0
877,10.66,14.764,0.019408,0.009694,1598.7,4.75,15.3,45.6,2.985,12.56,40.3,10.0
878,29.119,24.72,0.035118,0.056694,2419.8,5.06,20.4,102.3,5.015,19.16,61.4,3.0
879,25.276,25.527,0.038828,0.04859,3053.5,4.795,15.4,64.1,4.154,20.8,66.7,3.0
880,23.353,21.349,0.032692,0.045994,3339.2,4.845,14.3,36.1,2.526,8.21,26.3,3.0
881,27.078,27.985,0.0432,0.063294,3363.3,6.52,11.3,34.5,3.055,11.13,35.7,10.0
882,44.497,25.89,0.053306,0.08754,1922.8,6.093,23.4,70.9,3.025,16.21,52.0,10.0
883,19.984,16.693,0.028718,0.035894,2474.7,4.875,19.3,59.2,3.061,11.61,37.2,9.0
884,21.478,14.527,0.030836,0.038178,1885.7,4.825,20.4,52.8,2.588,9.88,31.7,10.0
885,31.553,22.196,0.045836,0.05541,2303.9,5.31,27.0,107.0,3.965,16.76,53.7,10.0
886,30.628,17.899,0.038982,0.051798,2195.1,4.915,17.6,64.2,3.653,14.52,46.5,10.0
887,24.413,24.206,0.034662,0.043318,3242.1,4.99,23.1,78.6,3.405,16.22,52.0,6.0
888,34.47,27.908,0.042628,0.065946,2819.7,4.84,24.9,76.0,3.054,16.79,53.8,6.0
889,36.227,30.649,0.05079,0.068104,3332.7,5.31,25.9,76.2,2.936,14.57,46.7,5.0
890,31.678,29.913,0.039076,0.055584,3608.0,4.665,21.5,74.2,3.459,18.69,59.9,5.0
891,41.194,45.348,0.045688,0.077702,3097.6,4.82,30.8,120.6,3.912,14.14,45.3,10.0
892,59.536,49.781,0.065892,0.17185,2601.0,8.465,22.0,170.2,7.743,17.02,54.5,10.0
893,27.976,29.374,0.055006,0.064584,3083.0,5.15,14.7,46.5,3.16,10.55,33.8,10.0
894,56.13,37.163,0.060996,0.13609,2242.8,7.44,27.0,83.1,3.072,12.52,40.1,10.0
895,33.068,25.1,0.045726,0.067116,2233.2,5.165,25.4,100.3,3.945,19.39,62.2,10.0
