,publisher,maxLoad,stressMaxLoad,strainMaxLoad,energyAbsorp,youngsMod,ph,sec_Mn,sec_Mw,sec_polyDisp,sec_calcMass,sec_massRec
0,A. Rivers,39.268,22.734,0.036166000000000004,0.058138,2500.9,4.35,36.1,74.8,2.074,4.78,15.3
1,A. Rivers,52.36600000000001,27.168000000000003,0.045444,0.095316,1577.1,4.795,28.2,104.8,3.713,16.0,51.3
2,Alfieri & Lacroix,13.507,10.485,0.010159999999999999,0.006686,,3.63,25.1,69.3,2.762,6.76,21.7
3,American Book Co.,32.379,35.415,0.049166,0.071296,3142.7,5.46,33.4,90.0,2.697,11.27,36.1
4,American Book Co.,28.724,31.059,0.043862,0.062186,3725.5,4.605,26.8,81.5,3.0410000000000004,19.71,63.2
5,American Book Co.,34.156,36.969,0.039712,0.058148000000000005,3981.4,5.1,21.7,74.2,3.4139999999999997,14.8,47.4
6,American News Company,19.73,19.61,0.03142,0.036788,2257.3,5.065,35.8,82.2,2.296,13.42,43.0
7,American News Company,28.545,29.134,0.040918,0.054962000000000004,3319.1,4.87,28.1,62.8,2.2359999999999998,17.69,56.7
8,American News Company,30.155,32.717,0.055644000000000006,0.07626000000000001,2883.1,5.265,31.7,70.1,2.21,14.06,45.1
9,American News Company,30.124000000000002,32.402,0.048284,0.06827799999999999,2830.2,4.94,42.3,92.7,2.19,18.69,59.9
10,American Publishing Company,24.421999999999997,21.689,0.03129,0.045116,3512.8,4.32,25.1,60.3,2.4,14.76,47.3
11,American Publishing Company,26.314,20.086,0.025994,0.037318000000000004,2261.5,4.665,30.8,72.0,2.336,14.1,45.2
12,American Publishing Company,22.033,21.087,0.034592000000000005,0.041298,2027.5,4.505,30.9,67.0,2.166,15.02,48.2
13,American Publishing Company,24.499000000000002,22.176,0.036952,0.047306,2476.1,4.665,37.4,80.2,2.145,12.94,41.5
14,American Tract Society,19.066,17.875999999999998,0.031348,0.03875,2477.1,5.255,33.9,85.4,2.521,18.09,58.0
15,American Tract Society,32.164,34.168,0.050166,0.06771,2685.7,4.54,16.2,70.5,4.359,7.67,24.6
16,American Tract Society,27.078000000000003,27.985,0.0432,0.063294,3363.3,6.52,11.3,34.5,3.055,11.13,35.7
17,Ams Press Inc,76.11,63.603,0.11195,0.30318,2691.0,6.43,67.9,823.5,12.122,15.05,48.2
18,B.B. Russell,23.49,13.597999999999999,0.03692,0.047474,1418.5,4.885,33.4,61.4,1.84,11.75,37.7
19,B.B. Russell,14.530999999999999,9.8054,0.027127999999999996,0.025363999999999998,1078.8,4.44,31.6,59.3,1.8769999999999998,14.53,46.6
20,B.B. Russell,20.721,13.499,0.033108,0.042806,1975.7,4.59,24.2,48.8,2.017,17.88,57.3
21,B.B. Russell,28.548000000000002,19.525,0.039082,0.060952,2115.7,4.76,38.5,77.3,2.011,18.95,60.7
22,Blair Publishing Company,39.434,34.788000000000004,0.043924,0.062072,2877.7,4.74,25.6,88.0,3.4360000000000004,16.43,52.7
23,Blair Publishing Company,36.446,29.898000000000003,0.042232,0.062322,3440.2,4.53,26.6,66.3,2.494,15.1,48.4
24,Blair Publishing Company,42.93600000000001,35.804,0.042187999999999996,0.066356,2829.6,4.455,27.7,68.5,2.474,12.9,41.3
25,"Booklab, Inc.",50.125,56.451,0.084284,0.13122999999999999,3082.6,9.26,99.5,495.1,4.978,5.66,18.1
26,C.L. Webster & Company,16.951,11.931,0.0346,0.03415,1429.3,4.53,26.2,64.0,2.4459999999999997,14.54,46.6
27,C.L. Webster & Company,24.919,19.123,0.035084,0.04519,2800.4,4.375,21.9,69.6,3.173,19.65,63.0
28,C.L. Webster & Company,18.855,14.254000000000001,0.02727,0.032714,2595.9,4.42,25.3,72.4,2.862,18.72,60.0
29,Chapman & Hall,23.439,16.102,0.037218,0.049166,1819.0,4.995,29.9,76.2,2.545,18.27,58.6
30,Chapman & Hall,19.776,14.667,0.035646,0.03445,1128.9,4.665,35.2,69.2,1.965,9.73,31.2
31,Chapman & Hall,24.348000000000003,18.277,0.032576,0.048976,2261.1,4.79,26.0,55.3,2.125,18.08,57.9
32,Chapman & Hall,29.924,22.2,0.051022000000000005,0.065336,2406.0,4.8,64.1,104.2,1.626,8.06,25.8
33,Chapman & Hall,33.791,24.5,0.046252,0.077058,2823.3,5.14,61.2,115.3,1.886,14.74,47.3
34,Charles Scribner Company,34.48,24.726999999999997,0.040046,0.054214,2803.6,4.335,23.4,70.4,3.014,19.54,62.6
35,Charles Scribner Company,30.638,25.075,0.034187999999999996,0.056327999999999996,2912.8,4.745,29.2,94.5,3.239,19.66,63.0
36,Charles Scribner Company,39.215,30.831,0.037495999999999995,0.06964400000000001,2824.8,4.64,21.6,91.2,4.216,19.04,61.0
37,Charles Scribner's Sons,30.991,23.664,0.046182,0.06753200000000001,2834.2,5.462999999999999,38.8,113.3,2.923,7.34,23.5
38,Charles Scribner's Sons,31.436999999999998,22.230999999999998,0.040510000000000004,0.056426,1897.7,4.71,34.5,86.4,2.502,6.42,20.6
39,Charles Scribner's Sons,20.24,13.937999999999999,0.024802,0.032510000000000004,2016.8,4.545,23.1,76.6,3.322,16.85,54.0
40,Charles Scribner's Sons,21.826,12.616,0.03182,0.036525999999999996,1700.3,4.87,24.6,129.9,5.27,18.6,59.6
41,Charles Scribner's Sons,28.153000000000002,20.018,0.037306,0.06016799999999999,2468.4,4.665,18.8,47.6,2.525,15.29,49.0
42,Charles Scribner's Sons,33.528,25.136,0.039689999999999996,0.065052,2580.5,5.16,31.3,114.8,3.667,22.57,72.3
43,Chatto & Windus,17.833,17.808,0.033252,0.037814,2509.2,4.425,26.6,71.3,2.682,7.0,22.4
44,Clarendon Press,26.482,22.015,0.040588,0.05171,2256.0,4.68,35.1,94.2,2.681,17.41,55.8
45,Clarendon Press,22.854,20.516,0.044483999999999996,0.04353,1628.6,4.76,36.0,79.0,2.197,17.01,54.5
46,Clarendon Press,22.095,19.892,0.040752,0.037036,1734.4,4.66,37.9,73.5,1.942,14.96,48.0
47,Clarendon Press,25.676,24.816999999999997,0.047924,0.047896,1239.1,4.64,48.4,113.8,2.349,16.32,52.3
48,Clarendon Press,26.24,23.711,0.039972,0.050282,1408.3,4.76,33.3,75.3,2.263,10.36,33.2
49,Clarendon Press,29.04,27.104,0.048694,0.05195,1824.8,4.64,29.5,62.9,2.1319999999999997,17.2,55.1
50,Clarendon Press,28.461,22.136,0.041794,0.05922,1627.1,4.6,38.4,90.8,2.364,21.47,68.8
51,Clarendon Press,21.93,20.06,0.048001999999999996,0.04904,1771.4,4.68,44.9,76.6,1.706,12.68,40.6
52,Clarendon Press,19.062,20.732,0.04438,0.04785,2244.0,4.635,27.0,84.7,3.137,20.47,65.6
53,Clarendon Press,32.942,26.02,0.058034,0.083662,1874.1,4.62,36.4,94.8,2.6,22.8,73.1
54,Clarendon Press,32.718,29.953000000000003,0.056044000000000004,0.07558,2451.0,4.65,48.5,87.0,1.794,15.12,48.5
55,Clarendon Press,34.501,29.305999999999997,0.048692,0.08054800000000001,2142.2,4.73,62.0,106.5,1.72,9.86,31.6
56,Clarendon Press,29.285,24.573,0.053362,0.071986,1869.7,4.68,47.4,88.8,1.8719999999999999,16.62,53.3
57,Clarendon Press,29.266,28.601999999999997,0.059932000000000006,0.083886,1951.5,4.74,52.7,99.2,1.882,15.76,50.5
58,Clarendon Press,30.074,27.7,0.043556,0.06514600000000001,3031.0,4.69,20.8,41.7,2.002,7.93,25.4
59,Clarendon Press,35.415,30.075,0.052424,0.080532,3378.8,4.685,39.6,83.4,2.1069999999999998,17.03,54.6
60,Clarendon Press,27.737,23.363000000000003,0.046498000000000005,0.05789,2482.7,4.575,17.2,45.4,2.638,14.83,47.5
61,Clarendon Press,26.914,23.276,0.045028,0.057146,2537.3,4.495,37.4,62.7,1.679,9.71,31.1
62,Clarendon Press,28.432,28.051,0.04131,0.060388,2644.9,4.725,24.6,56.1,2.2840000000000003,18.32,58.7
63,Clarendon Press,32.013000000000005,28.8,0.041296,0.06433,2473.7,4.805,51.6,92.5,1.794,12.18,39.0
64,Clarendon Press,27.531999999999996,26.768,0.043666,0.057510000000000006,2747.6,4.695,52.5,95.7,1.821,14.2,45.5
65,Clarendon Press,33.836,31.736,0.05325,0.082162,1746.6,4.78,72.5,117.0,1.6130000000000002,7.59,24.3
66,Clarendon Press,32.148,30.236,0.05524199999999999,0.075186,1599.7,4.67,47.4,88.3,1.8630000000000002,12.03,38.5
67,Clarendon Press,28.038,23.41,0.046284,0.057367999999999995,1569.3,4.665,59.0,87.3,1.479,6.53,20.9
68,Clarendon Press,28.927,28.201999999999998,0.05511799999999999,0.07178999999999999,1582.7,4.74,45.9,85.2,1.854,9.01,28.9
69,Clarendon Press,28.038,26.147,0.04452,0.0619,3073.1,4.805,59.7,112.8,1.8880000000000001,15.03,48.2
70,Clarendon Press,25.691,24.19,0.039714,0.055976,3040.6,4.61,52.3,83.6,1.599,13.0,41.7
71,Clarendon Press,24.67,23.726,0.036204,0.048648000000000004,2652.0,4.575,34.7,63.1,1.821,7.44,23.8
72,Clarendon Press,34.217,29.656999999999996,0.059546,0.072318,3141.5,5.19,38.4,79.8,2.08,7.45,23.9
73,Clarendon Press,36.675,23.144000000000002,0.030742000000000002,0.057805999999999996,2967.2,4.615,30.9,95.3,3.0810000000000004,10.23,32.8
74,Clarendon Press,50.221000000000004,28.287,0.03825,0.08217200000000001,2916.3,4.53,32.9,109.0,3.3169999999999997,13.38,42.9
75,Clarendon Press,26.454,23.546999999999997,0.039448000000000004,0.045068000000000004,3047.9,4.535,22.0,50.3,2.282,16.0,51.3
76,Clarendon Press,32.851,29.589000000000002,0.055896,0.07169400000000001,2240.8,4.845,24.3,74.2,3.06,12.46,39.9
77,Clarendon Press,28.099,23.373,0.03777,0.062542,2040.8,4.655,25.2,54.2,2.153,12.92,41.4
78,Clarendon Press,27.849,26.305,0.041098,0.059118,2625.9,4.935,19.9,48.6,2.437,9.59,30.8
79,Clarendon Press,29.648000000000003,23.863000000000003,0.04552,0.06275399999999999,2688.3,4.55,23.3,45.4,1.949,6.77,21.7
80,Clarendon Press,40.835,36.18,0.063236,0.090198,3049.1,5.705,34.1,114.7,3.37,16.02,51.4
81,Clarendon Press,26.976,24.384,0.043727999999999996,0.06942000000000001,2453.5,4.86,36.2,85.6,2.362,18.11,58.1
82,Clarendon Press,33.847,21.724,0.03633,0.05425599999999999,1678.6,4.7,31.0,84.8,2.7310000000000003,12.01,38.5
83,Cornell University Press,15.982999999999999,11.685,0.027024,0.03088,1757.7,4.69,24.8,86.3,3.4739999999999998,11.44,36.7
84,Cornell University Press,35.716,29.218000000000004,0.042798,0.06361,2994.4,5.025,23.3,77.6,3.3339999999999996,18.28,58.6
85,Cornell University Press,34.18,26.166999999999998,0.042114,0.056964,2351.0,5.045,29.0,82.4,2.845,17.87,57.3
86,University Press,15.982999999999999,11.685,0.027024,0.03088,1757.7,4.69,24.8,86.3,3.4739999999999998,11.44,36.7
87,University Press,35.716,29.218000000000004,0.042798,0.06361,2994.4,5.025,23.3,77.6,3.3339999999999996,18.28,58.6
88,University Press,34.18,26.166999999999998,0.042114,0.056964,2351.0,5.045,29.0,82.4,2.845,17.87,57.3
89,D. Appleton & Company,22.587,18.08,0.047916,0.043474,1487.2,5.255,29.3,87.8,3.0010000000000003,28.36,90.9
90,D. Appleton & Company,32.796,23.829,0.049142,0.07094,2489.4,4.98,38.8,80.1,2.068,22.39,71.8
91,D. Appleton & Company,37.525999999999996,27.916999999999998,0.06663,0.10488,2616.8,5.18,108.5,231.5,2.134,16.45,52.7
92,D. Estes & Company,30.043000000000003,24.055,0.036078,0.05093,3402.2,4.845,22.3,81.2,3.639,13.69,43.9
93,D.C. Heath & Co.,29.529,31.594,0.03588,0.05600599999999999,3476.2,4.705,41.3,109.8,2.656,9.04,29.0
94,D.C. Heath & Co.,32.158,43.57,0.035982,0.055608000000000005,4204.4,4.695,29.3,110.1,3.755,12.7,40.7
95,D.C. Heath & Co.,27.768,33.851,0.042151999999999995,0.056276,4135.7,4.805,26.2,86.7,3.31,14.72,47.2
96,Da Capo Press,57.713,58.29,0.085242,0.17095,2414.8,8.135,68.0,373.8,5.494,9.85,31.6
97,Da Capo Press,59.906000000000006,62.669,0.093404,0.18775,3009.4,8.29,105.5,523.2,4.96,12.42,39.8
98,Derby & Jackson,16.789,13.774000000000001,0.035182,0.032832,1271.0,5.38,34.4,79.2,2.303,14.8,47.4
99,Derby & Jackson,23.794,19.409000000000002,0.04276,0.054965999999999994,1995.9,4.955,41.4,82.8,1.999,18.78,60.2
100,Derby & Jackson,24.107,22.090999999999998,0.047908,0.058312,2705.3,5.315,36.1,73.3,2.031,14.62,46.9
101,Derby & Jackson,25.798000000000002,21.073,0.048951999999999996,0.067078,2472.3,5.515,55.2,103.8,1.88,10.67,34.2
102,"Dodd, Mead & Company",34.157,21.998,0.036472000000000004,0.06655,1963.6,5.235,24.2,79.6,3.293,17.27,55.3
103,"Dodd, Mead & Company",39.510999999999996,29.011999999999997,0.0432,0.068854,2770.1,4.855,25.8,80.5,3.1210000000000004,21.11,67.7
104,"Dodd, Mead & Company",35.044000000000004,36.704,0.038416000000000006,0.06252,4030.4,4.705,21.5,59.7,2.773,12.85,41.2
105,"Dodd, Mead & Company",36.227,30.649,0.050789999999999995,0.068104,3332.7,5.31,25.9,76.2,2.9360000000000004,14.57,46.7
106,"Dodd, Mead & Company",31.678,29.913,0.039076,0.055584,3608.0,4.665,21.5,74.2,3.4589999999999996,18.69,59.9
107,"Dodd, Mead & Company",30.678,20.008,0.03578,0.05769,2318.8,5.46,22.9,58.4,2.552,18.17,58.2
108,"Dodd, Mead & Company",29.767,20.296,0.029538,0.047452,2184.7,4.98,21.0,69.5,3.3110000000000004,22.49,72.1
109,"Dodd, Mead & Company",35.997,31.015,0.03506,0.066594,2736.4,4.565,26.4,92.8,3.508,16.8,53.9
110,"Doubleday, Page & Co.",28.579,20.471,0.031436,0.048448000000000005,2298.2,4.855,20.1,63.4,3.158,19.94,63.9
111,Duffield & Co.,34.22,17.435,0.037504,0.0602,1886.1,4.72,16.7,37.4,2.247,11.5,36.9
112,Duffield & Co.,43.744,34.775,0.041366,0.074826,3103.1,5.025,26.5,121.8,4.601,19.88,63.7
113,Duffield & Co.,32.0,14.731,0.04405,0.068386,1466.6,4.895,31.0,68.6,2.2159999999999997,20.37,65.3
114,Duffield & Co.,48.063,37.978,0.046214,0.09556,2472.4,5.34,30.5,123.0,4.032,19.92,63.8
115,"E.F. Kalmus Orchestra Scores, Inc",47.891000000000005,40.736,0.064288,0.13845,1944.7,5.01,38.1,129.5,3.404,12.27,39.3
116,Estab. tip. de El Progreso,19.207,25.82,0.035292000000000004,0.040286,3004.7,4.88,33.8,72.7,2.15,5.82,18.7
117,Estab. tip. de El Progreso,11.198,14.279000000000002,0.016794,0.008556,,4.655,36.3,68.3,1.882,8.75,28.0
118,Estab. tip. de El Progreso,18.753,24.701999999999998,0.034692,0.037364,2742.8,4.34,18.3,45.9,2.502,10.62,34.0
119,Estab. tip. de El Progreso,10.856,15.722999999999999,0.015396,0.007562,,4.155,17.3,37.2,2.145,6.37,20.4
120,Estab. tip. de El Progreso,14.698,21.487,0.030906,0.032226,2774.5,4.8,25.5,54.4,2.136,7.55,24.2
121,Estab. tip. de El Progreso,10.66,14.764000000000001,0.019408,0.009694,1598.7,4.75,15.3,45.6,2.985,12.56,40.3
122,F. Vieweg,20.787,22.804000000000002,0.0425,0.047776,2056.7,4.695,46.9,98.6,2.103,14.68,47.1
123,F. Vieweg,36.775999999999996,31.559,0.055212,0.083052,2835.5,4.865,51.1,108.0,2.115,17.33,55.5
124,F. Vieweg,33.924,32.329,0.052904,0.081334,2930.7,4.89,42.4,84.5,1.994,14.3,45.8
125,F. Vieweg,16.232,19.367,0.03429,0.038388,2501.4,4.545,49.4,74.8,1.516,4.44,14.2
126,F. Vieweg,28.557,29.465,0.044442,0.060354,2949.1,4.755,32.6,69.2,2.124,13.91,44.6
127,F. Vieweg,10.037,12.033,0.009222,0.004065999999999999,,4.365,20.7,53.0,2.553,9.0,28.8
128,F. Vieweg,24.074,30.01,0.053163999999999996,0.060194000000000004,1492.3,4.74,64.1,102.4,1.597,6.35,20.4
129,F. Vieweg,13.769,16.657,0.023972,0.018602,2245.0,4.415,22.8,53.6,2.352,6.34,20.3
130,F.H. Revell,19.562,12.154000000000002,0.032902999999999995,0.042787,2000.6,5.98,26.3,88.7,3.375,10.6,34.0
131,F.H. Revell,18.847,13.24,0.029584,0.037642,1866.7,5.635,22.2,75.1,3.385,16.1,51.6
132,"Fields, Osgood and Company",7.5063,9.0508,0.014891999999999999,0.005414,,4.675,31.5,82.7,2.623,12.39,39.7
133,"Fields, Osgood and Company",14.645,16.83,0.03452,0.032056,1552.8,4.505,34.6,73.5,2.125,14.5,46.5
134,"Fields, Osgood and Company",14.34,19.471,0.026522000000000004,0.02513,2081.4,4.785,26.6,64.3,2.42,12.09,38.7
135,"Fields, Osgood and Company",14.870999999999999,16.457,0.026224,0.027218,2462.2,4.61,27.2,69.3,2.551,14.93,47.9
136,"Fields, Osgood and Company",13.443,14.712,0.028263999999999997,0.02431,1746.9,4.55,46.4,76.4,1.6469999999999998,10.67,34.2
137,"Fields, Osgood and Company",13.921,15.502,0.022959999999999998,0.018606,1886.5,4.66,38.3,68.4,1.788,9.15,29.3
138,"Fields, Osgood and Company",12.161,14.067,0.01786,0.010482,,4.56,45.0,76.5,1.7009999999999998,8.27,26.5
139,Forbes & Company,30.7,21.836,0.03999,0.061824000000000004,2823.6,4.965,46.1,112.0,2.428,12.97,41.6
140,Forbes & Company,32.775999999999996,24.834,0.049836,0.06086799999999999,2068.5,5.473,22.2,139.0,6.256,19.17,61.5
141,Forbes & Company,31.553,22.195999999999998,0.045836,0.05541,2303.9,5.31,27.0,107.0,3.965,16.76,53.7
142,Forbes & Company,34.982,25.02,0.045028,0.07332999999999999,2361.9,5.71,35.6,136.4,3.835,15.63,50.1
143,Funk & Wagnalls,48.056000000000004,32.784,0.037558,0.067814,3336.5,4.59,21.9,67.2,3.068,23.97,76.8
144,Funk & Wagnalls,18.347,14.385,0.025391999999999998,0.032354,2627.2,4.41,21.5,42.7,1.992,11.28,36.2
145,Funk & Wagnalls,27.384,21.193,0.041154,0.052966,2351.1,4.78,27.1,56.5,2.081,14.18,45.5
146,Funk & Wagnalls,33.775999999999996,28.592,0.042733999999999994,0.060988,3554.7,4.59,22.4,50.8,2.265,17.04,54.6
147,Funk & Wagnalls,41.08,39.016,0.040762,0.072246,3649.9,4.68,26.5,70.1,2.648,22.57,72.3
148,Funk & Wagnalls,23.603,23.256,0.034148000000000005,0.049026,2673.7,4.925,31.5,65.4,2.077,14.27,45.7
149,Funk & Wagnalls,24.307,17.742,0.029538,0.0435,3270.3,4.345,18.9,41.9,2.215,9.79,31.4
150,Funk & Wagnalls,24.388,18.422,0.034448,0.049402,2672.6,4.79,25.6,54.1,2.11,9.64,30.9
151,Funk & Wagnalls,25.471999999999998,23.171999999999997,0.034088,0.050814,2853.5,4.795,16.8,39.2,2.33,8.99,28.8
152,G. Munro's Sons,35.015,29.885,0.042672,0.059314,2946.5,4.63,22.8,65.8,2.892,23.13,74.1
153,G. Munro's Sons,38.424,28.334,0.041398000000000004,0.066696,2723.1,5.2,29.0,75.0,2.588,19.92,63.8
154,G. Munro's Sons,36.934,33.211,0.038919999999999996,0.07134800000000001,3219.8,5.335,39.0,73.9,1.895,11.33,36.3
155,G. Munro's Sons,41.949,29.253,0.040406,0.071998,2959.0,4.385,16.0,39.0,2.437,10.6,34.0
156,G. Munro's Sons,40.111,29.32,0.033833999999999996,0.06770599999999999,2943.8,4.95,16.4,50.4,3.073,19.22,61.6
157,G. Reimer,28.406,26.549,0.035912,0.048404,3513.7,4.415,26.6,89.6,3.3710000000000004,10.89,34.9
158,G. Reimer,21.438000000000002,20.276,0.03035,0.04034,3686.8,4.36,23.6,74.5,3.16,11.94,38.3
159,G. Reimer,30.3,25.647,0.038848,0.05621,3139.7,4.595,24.6,88.1,3.575,12.51,40.1
160,G. Reimer,29.445,25.705,0.038938,0.05764,3383.8,4.555,31.5,59.6,1.893,6.7,21.5
161,G. Reimer,29.82,30.369,0.041027999999999995,0.053746,3853.5,4.54,39.0,142.0,3.638,12.92,41.4
162,G. Reimer,27.855999999999998,27.854,0.042026,0.057744000000000004,4127.0,4.65,36.1,82.8,2.29,8.86,28.4
163,G. Richards,29.607,16.389,0.039580000000000004,0.052489999999999995,1999.7,4.53,32.7,113.1,3.46,11.18,35.8
164,G. Richards,36.391999999999996,18.442999999999998,0.038572,0.054698000000000004,2062.4,4.47,25.2,94.3,3.742,11.77,37.7
165,G. Richards,29.229,14.63,0.033072000000000004,0.046312,1958.0,4.35,20.9,89.6,4.284,18.92,60.7
166,G. Richards,20.784000000000002,11.649000000000001,0.027083999999999997,0.031208,2416.2,4.55,22.2,81.1,3.647,15.48,49.6
167,G. Routledge,15.055,18.27,0.035952,0.033742,2020.1,4.605,19.4,112.6,5.816,9.63,30.9
168,G. Routledge,15.362,19.213,0.017472,0.013914,2730.0,4.42,31.1,136.1,4.373,11.59,37.1
169,G. Routledge,16.947,20.215,0.029972000000000002,0.03349,2817.4,4.67,23.5,126.0,5.3629999999999995,14.34,46.0
170,G. Routledge,14.075,16.538,0.02279,0.020964,2111.1,4.645,26.7,97.6,3.657,10.13,32.5
171,G. Routledge,17.694000000000003,24.259,0.032724,0.036304,3267.8,4.52,38.0,137.9,3.633,9.78,31.4
172,G. Routledge,21.013,27.791,0.038306,0.049625999999999997,3979.3,4.62,38.3,177.3,4.63,12.91,41.4
173,G.P. Putnam,18.361,13.78,0.028192000000000002,0.029419999999999998,1505.6,5.12,26.6,53.3,2.0069999999999997,15.61,50.0
174,G.P. Putnam,18.797,14.508,0.035258,0.025366999999999997,1517.0,4.51,18.6,47.9,2.577,6.97,22.3
175,G.P. Putnam,26.47,21.079,0.039501999999999995,0.056982000000000005,1959.6,4.74,34.2,71.6,2.094,19.21,61.6
176,G.P. Putnam,26.254,21.48,0.04195,0.054038,1544.1,4.73,35.2,64.0,1.821,15.38,49.3
177,G.P. Putnam's Sons,23.255,26.203000000000003,0.041602,0.04682,3136.0,4.65,25.3,101.8,4.025,12.68,40.6
178,G.P. Putnam's Sons,25.570999999999998,31.498,0.042256,0.051696000000000006,4120.8,4.445,26.7,81.9,3.071,8.99,28.8
179,G.P. Putnam's Sons,21.951,16.703,0.036289999999999996,0.04405,1798.7,4.48,22.2,64.9,2.9219999999999997,14.91,47.8
180,G.P. Putnam's Sons,31.479,27.064,0.039619999999999995,0.063306,2771.5,4.23,23.2,78.8,3.4,18.51,59.3
181,G.P. Putnam's Sons,18.105999999999998,23.732,0.032102,0.036572,3016.9,5.045,30.8,61.4,1.992,5.24,16.8
182,G.P. Putnam's Sons,34.022,28.779,0.035676,0.063792,3043.1,4.63,23.4,77.2,3.2960000000000003,18.56,59.5
183,Gauthier-Villars,36.696999999999996,36.256,0.04276,0.075046,4173.1,4.645,29.9,119.4,3.9930000000000003,8.6,27.6
184,Gauthier-Villars,26.045,25.287,0.037933999999999996,0.059448,2873.3,4.74,20.2,52.0,2.575,13.62,43.7
185,Gauthier-Villars,25.988000000000003,32.259,0.050654000000000005,0.06648,3070.9,5.015,23.9,45.9,1.916,6.31,20.2
186,Gauthier-Villars,25.141,23.281,0.042294,0.059688,2341.7,4.96,26.1,59.6,2.2840000000000003,8.3,26.6
187,Gauthier-Villars et fils,31.918000000000003,28.816999999999997,0.043758,0.061684,2253.5,4.465,21.6,136.7,6.325,11.25,36.0
188,Gauthier-Villars et fils,28.993000000000002,27.846,0.035954,0.054928,2558.0,4.285,21.3,72.0,3.389,9.17,29.4
189,Gauthier-Villars et fils,32.86,32.867,0.043956,0.065084,2241.9,4.44,26.8,78.0,2.911,9.42,30.2
190,Gauthier-Villars et fils,29.576,27.808000000000003,0.039526,0.059488,2120.2,4.4,26.7,61.5,2.305,8.14,26.1
191,Gauthier-Villars et fils,45.787,42.082,0.055028,0.095718,2826.6,4.77,28.7,124.3,4.327,14.35,46.0
192,George A. Bates,16.79,13.942,0.029160000000000002,0.03119,1902.5,4.56,21.4,55.4,2.5860000000000003,16.79,53.8
193,George A. Bates,18.206,15.964,0.041822000000000005,0.03942,1619.0,4.565,28.7,85.4,2.978,20.12,64.5
194,George A. Bates,19.387999999999998,18.678,0.025374,0.03216,2877.4,4.39,17.8,47.0,2.642,21.27,68.2
195,George A. Bates,21.086,20.198,0.041201999999999996,0.045526,4075.4,4.73,23.0,61.2,2.657,18.69,59.9
196,George A. Bates,20.386,18.671,0.036142,0.046164,2057.8,4.625,31.5,78.9,2.501,20.45,65.6
197,George H. Doran Company,27.421,17.065,0.039636000000000005,0.046624,2282.8,5.13,32.9,86.3,2.6260000000000003,11.93,38.2
198,George H. Doran Company,20.452,10.106,0.033388,0.03503,1380.1,5.09,30.3,93.8,3.1,8.41,27.0
199,George H. Doran Company,27.022,17.369,0.033298,0.049276,2156.8,4.835,23.2,73.4,3.16,15.49,49.6
200,George H. Doran Company,26.925,15.315,0.041876,0.045474,1548.6,5.375,23.9,74.3,3.105,14.03,45.0
201,George H. Doran Company,29.851,17.602999999999998,0.032412,0.043116,2122.1,5.275,22.2,57.8,2.6060000000000003,15.21,48.8
202,Ginn & Company,24.843000000000004,30.449,0.033777999999999996,0.049306,3640.2,4.59,36.9,87.4,2.3680000000000003,8.8,28.2
203,Ginn & Company,22.866,22.098000000000003,0.03204,0.042218,3670.1,4.465,35.5,85.4,2.406,10.23,32.8
204,Ginn & Company,21.438000000000002,27.513,0.040966,0.045458,4771.0,4.485,33.1,77.1,2.33,7.41,23.7
205,Ginn & Company,23.143,29.006999999999998,0.030080000000000003,0.04244,3597.9,4.275,19.2,99.9,5.199,20.21,64.8
206,Ginn & Company,21.903000000000002,25.333000000000002,0.026114,0.034604,2964.9,4.345,23.7,86.3,3.636,13.53,43.4
207,Ginn & Company,22.326,25.303,0.031206,0.04237,3663.6,4.73,25.9,111.6,4.312,15.25,48.9
208,Ginn & Company,21.061999999999998,27.858,0.033322000000000004,0.04263,3538.7,4.68,20.1,63.7,3.1719999999999997,10.86,34.8
209,Ginn & Company,22.735,25.127,0.03127,0.041546,3202.8,4.615,25.6,67.8,2.6489999999999996,14.01,44.9
210,H. Holt and Co.,15.647,13.850999999999999,0.029084,0.031560000000000005,2492.2,4.875,29.9,91.7,3.069,14.28,45.8
211,H. Holt and Co.,19.011,18.788,0.033204000000000004,0.041176,2628.6,4.99,32.9,95.7,2.9130000000000003,12.14,38.9
212,H. Holt and Co.,25.178,21.278000000000002,0.02853,0.037781999999999996,2937.9,4.71,21.5,68.4,3.173,9.1,29.2
213,H. Holt and Co.,20.026,17.042,0.030907999999999998,0.037048000000000005,2158.6,5.165,29.8,66.4,2.229,10.32,33.1
214,H. Holt and Co.,13.382,12.349,0.01349,0.009332,,4.665,23.2,53.5,2.312,9.93,31.8
215,H. Long and Brother,14.92,9.9309,0.028745,0.0281,1094.6,5.01,26.6,85.0,3.199,24.98,80.1
216,H. Long and Brother,11.659,9.8484,0.035818,0.029426,911.22,5.8,63.6,192.3,3.0239999999999996,15.35,49.2
217,H. Long and Brother,15.249,10.855,0.039068,0.039902,1165.9,5.175,50.7,111.2,2.194,16.35,52.4
218,H. Stevens & Son,43.106,29.825,0.05895,0.12326,1362.8,4.36,48.7,89.5,1.837,8.59,27.5
219,H. Stevens & Son,29.746,21.000999999999998,0.04949,0.071488,1108.5,4.25,45.9,96.4,2.102,20.25,64.9
220,H. Stevens & Son,40.035,28.854,0.05877,0.12353,2453.9,4.395,49.2,108.5,2.2030000000000003,18.11,58.1
221,H. Stevens & Son,38.19,29.003,0.058132,0.12089000000000001,2427.2,4.39,73.4,123.2,1.68,11.85,38.0
222,H.G. Bohn,28.232,23.291999999999998,0.045806,0.058762,2125.9,4.915,48.6,100.4,2.064,14.24,45.6
223,H.G. Bohn,17.197,18.726,0.036314,0.040734,,4.55,29.7,58.4,1.97,11.76,37.7
224,H.G. Bohn,22.953000000000003,22.241,0.047146,0.054626,2520.4,4.725,31.6,78.6,2.489,18.85,60.4
225,Hachette et cie,29.676,29.916999999999998,0.054988,0.07094600000000001,1734.1,7.125,25.5,159.4,6.256,19.51,62.5
226,Hachette et cie,33.317,31.486,0.048056,0.066852,3449.2,6.87,45.8,197.2,4.31,15.43,49.5
227,Hachette et cie,45.028999999999996,36.266,0.054366,0.10246,3046.3,6.775,43.0,172.2,4.004,13.58,43.5
228,Hachette et cie,33.007,30.000999999999998,0.053202,0.076288,2176.7,6.43,50.7,128.4,2.533,7.68,24.6
229,Hachette et cie,37.858000000000004,31.089000000000002,0.05594,0.07706,1961.7,6.495,29.4,96.2,3.2710000000000004,8.41,27.0
230,Hachette et cie,35.916,30.646,0.060434,0.08502,1702.4,7.06,48.9,132.3,2.707,9.43,30.2
231,Hachette et cie,34.263000000000005,30.034000000000002,0.054022,0.081432,1622.5,6.375,31.7,105.9,3.3369999999999997,9.02,28.9
232,Hachette et cie,38.251,39.695,0.056062,0.08167999999999999,3239.8,6.805,44.5,174.8,3.924,11.88,38.1
233,Harper & Brothers,23.765,28.011999999999997,0.040532,0.051623,2454.2,6.2,27.4,108.5,3.9589999999999996,18.45,59.1
234,Harper & Brothers,21.009,17.29,0.038707,0.044392,1917.3,4.705,22.7,68.6,3.0210000000000004,18.78,60.2
235,Harper & Brothers,25.413,23.002,0.036762,0.043946,2035.6,4.825,13.0,48.5,3.736,21.94,70.3
236,Harper & Brothers,20.038,15.013,0.0351,0.033596,1290.1,4.61,14.2,59.8,4.212,16.34,52.4
237,Harper & Brothers,19.989,19.075,0.035944,0.039358,2025.0,4.725,17.2,59.6,3.46,12.7,40.7
238,Harper & Brothers,27.070999999999998,20.656,0.051032,0.062284000000000006,1448.1,4.935,35.8,73.8,2.062,6.42,20.6
239,Harper & Brothers,28.566,24.445999999999998,0.03585,0.036876,1912.0,4.79,14.4,43.9,3.0410000000000004,14.52,46.6
240,Harper & Brothers,26.93,23.796999999999997,0.041112,0.044262,1772.3,4.71,20.1,80.5,3.9960000000000004,12.66,40.6
241,Harper & Brothers,25.875999999999998,18.093,0.035108,0.03657,1402.2,4.55,19.8,61.5,3.1010000000000004,23.33,74.8
242,Harper & Brothers,28.502,22.66,0.038368,0.040063999999999995,1697.9,5.0,25.1,86.9,3.465,24.47,78.4
243,Harper & Brothers,20.359,19.389,0.032468000000000004,0.041227999999999994,3199.1,4.565,21.0,59.3,2.827,15.82,50.7
244,Harper & Brothers,32.031,29.48,0.039939999999999996,0.05366,3397.1,4.6,23.7,52.2,2.208,21.84,70.0
245,Harper & Brothers,35.047,28.964000000000002,0.039668,0.050556,3087.9,5.34,28.1,111.1,3.955,21.13,67.7
246,Harper & Brothers,22.482,25.603,0.045694,0.062226,2206.0,6.33,61.1,121.7,1.9909999999999999,10.21,32.7
247,Harper & Brothers,25.279,29.128,0.040060000000000005,0.057494,3106.9,5.98,32.2,74.8,2.322,10.1,32.4
248,Harper & Brothers,16.730999999999998,13.263,0.036714,0.04382,1798.1,4.52,30.0,63.5,2.1180000000000003,18.35,58.8
249,Harper & Brothers,28.739,23.406999999999996,0.039606,0.061102,2810.7,4.48,23.9,57.4,2.407,20.27,65.0
250,Harper & Brothers,34.789,30.819000000000003,0.04245,0.06168,3388.2,4.59,23.5,85.7,3.654,20.54,65.8
251,Harper & Brothers,28.491999999999997,28.901,0.035651999999999996,0.053988,3068.7,4.59,21.3,52.2,2.452,20.76,66.5
252,Harper & Brothers,32.804,25.234,0.037344,0.056012,2917.0,4.61,22.1,52.3,2.3680000000000003,20.25,64.9
253,Harper & Brothers,30.651,25.923000000000002,0.040768,0.057353999999999995,3160.6,4.735,21.2,53.3,2.509,18.63,59.7
254,Harper & Brothers,34.006,27.218000000000004,0.040712,0.050282,3154.9,4.81,20.2,60.5,2.99,16.54,53.0
255,Harper & Brothers,19.782,19.178,0.03045,0.038494,2342.5,4.455,23.9,55.0,2.301,15.66,50.2
256,Harper & Brothers,29.173000000000002,18.916,0.03644,0.051342,2244.2,4.92,29.1,77.5,2.66,11.34,36.4
257,Harper & Brothers,18.573,12.447000000000001,0.02975,0.031695999999999995,1947.3,4.71,26.8,72.5,2.7089999999999996,13.46,43.1
258,Harper & Brothers,18.275,24.028000000000002,0.037098,0.042472,3401.6,5.127000000000001,42.1,84.0,1.994,9.85,31.6
259,Harper & Brothers,20.117,23.337,0.037076,0.044025999999999996,3053.2,5.4,30.3,52.0,1.7169999999999999,7.1,22.7
260,Harper & Brothers,16.396,14.869000000000002,0.033252,0.035934,2475.8,4.505,34.1,53.0,1.5519999999999998,7.5,24.0
261,Harper & Brothers,19.292,17.618,0.033346,0.039096,2558.6,4.635,22.0,57.6,2.622,17.83,57.1
262,Harper & Brothers,27.296999999999997,26.301,0.042210000000000004,0.05624,3782.9,4.785,21.6,57.6,2.668,22.93,73.5
263,Harper & Brothers,25.174,21.944000000000003,0.031868,0.042792000000000004,3479.7,4.515,17.7,52.0,2.931,18.43,59.1
264,Harper & Brothers,22.954,28.838,0.03832,0.048848,2843.0,5.87,17.6,69.1,3.928,10.86,34.8
265,Harper & Brothers,19.551,24.499000000000002,0.034308,0.042182,3014.8,5.64,50.0,83.9,1.679,7.37,23.6
266,Harper & Brothers,26.026999999999997,20.261,0.054439999999999995,0.06731000000000001,1251.3,4.57,48.5,86.8,1.7890000000000001,13.34,42.8
267,Harper & Brothers,25.447,20.038,0.050472,0.063618,2603.4,4.5,33.5,79.0,2.359,20.8,66.7
268,Harper & Brothers,66.97,72.637,0.12022999999999999,0.21495999999999998,3104.0,9.165,96.1,646.7,6.727,6.61,21.2
269,Harper & Brothers,27.625,26.081,0.038298,0.056134,4004.5,4.64,28.4,64.2,2.2640000000000002,16.14,51.7
270,Harper & Brothers,24.421,18.994,0.029488,0.041895999999999996,3588.4,4.595,25.9,60.8,2.346,17.8,57.0
271,Harper & Brothers,25.962,22.773000000000003,0.031294,0.046528,3519.4,4.695,28.8,65.4,2.274,18.34,58.8
272,Harper & Brothers,31.533,23.859,0.041652,0.055626,3405.0,4.57,36.5,74.4,2.0380000000000003,14.08,45.1
273,Harper & Brothers,31.494,26.871,0.045004,0.067156,3376.6,4.7,42.1,85.3,2.0269999999999997,16.88,54.1
274,Harper & Brothers,40.1,34.82,0.051434,0.082454,3141.0,4.645,42.3,106.2,2.509,18.41,59.0
275,Harper & Brothers,39.469,36.89,0.049096,0.076142,4084.1,4.695,47.5,90.2,1.899,11.73,37.6
276,Harper & Brothers,23.705,24.639,0.031386000000000004,0.04344,3684.3,4.57,32.8,69.2,2.112,13.09,42.0
277,Harper & Brothers,25.548000000000002,19.453,0.037992000000000005,0.056632,2209.2,6.42,32.0,90.9,2.838,16.2,51.9
278,Harper & Brothers,29.774,13.949000000000002,0.038919999999999996,0.059796,1838.4,4.575,21.9,70.0,3.19,17.75,56.9
279,Harper & Brothers,37.979,22.824,0.051503999999999994,0.08929400000000001,2241.2,6.08,51.9,121.9,2.351,14.87,47.7
280,Harper & Brothers,21.585,17.572,0.029074000000000003,0.040133999999999996,2956.5,4.675,22.4,75.9,3.385,12.64,40.5
281,Harper & Brothers,27.039,16.261,0.034142,0.050539999999999995,2447.1,5.82,28.3,66.9,2.363,10.84,34.8
282,Harper & Brothers,20.264,14.783,0.030854000000000003,0.037388,2606.5,4.645,32.3,65.3,2.02,7.64,24.5
283,Harper & Brothers,59.007,30.877,0.047976,0.08643200000000001,2366.8,4.675,27.6,88.6,3.2089999999999996,15.53,49.8
284,Harper & Brothers,34.031,18.64,0.047648,0.064176,1839.7,5.705,24.1,57.1,2.372,13.55,43.4
285,Harper & Brothers,31.06,20.779,0.052502,0.06837599999999999,1879.5,5.425,34.3,72.7,2.115,7.27,23.3
286,Harper & Brothers,20.344,18.027,0.027964,0.035666,2234.4,4.605,20.5,61.5,2.997,12.79,41.0
287,Harper & Brothers,30.206999999999997,16.998,0.035336,0.063354,1904.4,5.27,19.7,68.5,3.484,13.74,44.0
288,Harper & Brothers,30.974,14.001,0.027906,0.051526,1861.6,4.545,14.2,46.1,3.2430000000000003,20.9,67.0
289,Harper & Brothers,34.687,20.717,0.04487,0.069736,2329.6,6.425,23.1,52.7,2.2840000000000003,10.09,32.3
290,Harper & Brothers,19.984,16.692999999999998,0.028718,0.035894,2474.7,4.875,19.3,59.2,3.0610000000000004,11.61,37.2
291,Harper & Brothers,38.446,21.408,0.050568,0.084176,1914.8,5.647,20.0,50.8,2.536,7.39,23.7
292,Henry Holt and Company,12.71,9.7289,0.03005,0.023396,1416.2,4.83,35.9,85.4,2.377,10.53,23.4
293,Henry Holt and Company,17.301,13.585,0.034793,0.034683,2083.7,5.207000000000001,20.1,93.4,4.6530000000000005,20.54,65.8
294,Henry Holt and Company,25.879,21.32,0.044733999999999996,0.057662,2015.6,5.165,29.5,91.2,3.094,6.84,21.9
295,Henry Holt and Company,17.917,16.115,0.034782,0.036317,1852.0,4.96,33.5,122.7,3.667,16.37,52.5
296,Henry Holt and Company,25.052,23.529,0.03913,0.055638,1919.3,5.067,58.6,107.2,1.829,11.44,36.7
297,Henry Holt and Company,21.543000000000003,18.333,0.038124,0.049192,1780.8,5.265,48.9,105.0,2.148,8.76,28.1
298,Henry Holt and Company,17.523,15.079,0.018174,0.019482,,4.235,20.2,50.5,2.502,16.36,52.4
299,Henry Holt and Company,19.709,15.463,0.022412,0.029154000000000003,2481.4,4.2,22.8,50.0,2.1919999999999997,15.12,48.5
300,Henry Holt and Company,23.025,21.479,0.028118,0.032108,2661.8,4.36,34.4,62.0,1.8030000000000002,14.18,45.5
301,Henry Holt and Company,25.5,22.099,0.027752,0.041272,2519.3,4.535,38.0,71.9,1.893,13.2,42.3
302,Henry Holt and Company,23.686,22.307,0.030292000000000003,0.040346,2547.2,4.44,31.4,67.9,2.162,13.9,44.6
303,Henry Holt and Company,20.76,18.666,0.027948,0.027777999999999997,2265.3,4.475,28.6,64.1,2.24,15.92,51.0
304,Henry Holt and Company,25.307,19.230999999999998,0.044908,0.056224,2100.6,4.66,26.9,54.6,2.033,12.58,40.3
305,Henry Holt and Company,26.394000000000002,20.593000000000004,0.03851,0.05441,2458.7,4.555,34.5,60.3,1.746,10.64,34.1
306,Henry Holt and Company,32.58,29.358,0.045138,0.068788,3361.3,4.65,34.2,64.4,1.885,13.01,41.7
307,Henry Holt and Company,24.239,23.09,0.048692,0.059286,2178.0,4.83,38.7,78.4,2.024,13.24,42.4
308,Henry Holt and Company,24.712,22.662,0.046945999999999995,0.055229999999999994,1977.9,4.68,48.5,78.7,1.62,8.51,27.3
309,Henry Holt and Company,24.33,21.959,0.041364,0.059696000000000006,2053.0,4.68,36.3,72.3,1.993,14.47,46.4
310,Henry Holt and Company,17.399,13.116,0.045663999999999996,0.052128,2184.8,4.5,48.1,82.2,1.7080000000000002,12.3,39.4
311,Henry Holt and Company,19.671,15.595999999999998,0.034624,0.041122000000000006,2631.9,4.46,47.2,82.6,1.751,11.04,35.4
312,Henry Holt and Company,24.432,21.551,0.033014,0.043463999999999996,3942.6,4.68,35.1,68.5,1.949,12.83,41.1
313,Henry Holt and Company,19.172,17.203,0.035392,0.041436,2985.8,4.57,58.7,90.5,1.5430000000000001,8.04,25.8
314,Henry Holt and Company,21.478,21.182,0.038058,0.04434,2758.1,4.655,52.8,87.0,1.6480000000000001,11.15,35.7
315,Henry Holt and Company,18.303,10.544,0.046992,0.056782000000000006,1504.6,4.545,30.1,71.9,2.391,11.4,36.5
316,"Printed for the Camden Society, by J.B. Nichols and Son",12.71,9.7289,0.03005,0.023396,1416.2,4.83,35.9,85.4,2.377,10.53,23.4
317,"Printed for the Camden Society, by J.B. Nichols and Son",17.301,13.585,0.034793,0.034683,2083.7,5.207000000000001,20.1,93.4,4.6530000000000005,20.54,65.8
318,"Printed for the Camden Society, by J.B. Nichols and Son",25.879,21.32,0.044733999999999996,0.057662,2015.6,5.165,29.5,91.2,3.094,6.84,21.9
319,"Printed for the Camden Society, by J.B. Nichols and Son",17.917,16.115,0.034782,0.036317,1852.0,4.96,33.5,122.7,3.667,16.37,52.5
320,"Printed for the Camden Society, by J.B. Nichols and Son",25.052,23.529,0.03913,0.055638,1919.3,5.067,58.6,107.2,1.829,11.44,36.7
321,"Printed for the Camden Society, by J.B. Nichols and Son",21.543000000000003,18.333,0.038124,0.049192,1780.8,5.265,48.9,105.0,2.148,8.76,28.1
322,"Printed for the Camden Society, by J.B. Nichols and Son",17.523,15.079,0.018174,0.019482,,4.235,20.2,50.5,2.502,16.36,52.4
323,"Printed for the Camden Society, by J.B. Nichols and Son",19.709,15.463,0.022412,0.029154000000000003,2481.4,4.2,22.8,50.0,2.1919999999999997,15.12,48.5
324,"Printed for the Camden Society, by J.B. Nichols and Son",23.025,21.479,0.028118,0.032108,2661.8,4.36,34.4,62.0,1.8030000000000002,14.18,45.5
325,"Printed for the Camden Society, by J.B. Nichols and Son",25.5,22.099,0.027752,0.041272,2519.3,4.535,38.0,71.9,1.893,13.2,42.3
326,"Printed for the Camden Society, by J.B. Nichols and Son",23.686,22.307,0.030292000000000003,0.040346,2547.2,4.44,31.4,67.9,2.162,13.9,44.6
327,"Printed for the Camden Society, by J.B. Nichols and Son",20.76,18.666,0.027948,0.027777999999999997,2265.3,4.475,28.6,64.1,2.24,15.92,51.0
328,"Printed for the Camden Society, by J.B. Nichols and Son",25.307,19.230999999999998,0.044908,0.056224,2100.6,4.66,26.9,54.6,2.033,12.58,40.3
329,"Printed for the Camden Society, by J.B. Nichols and Son",26.394000000000002,20.593000000000004,0.03851,0.05441,2458.7,4.555,34.5,60.3,1.746,10.64,34.1
330,"Printed for the Camden Society, by J.B. Nichols and Son",32.58,29.358,0.045138,0.068788,3361.3,4.65,34.2,64.4,1.885,13.01,41.7
331,"Printed for the Camden Society, by J.B. Nichols and Son",24.239,23.09,0.048692,0.059286,2178.0,4.83,38.7,78.4,2.024,13.24,42.4
332,"Printed for the Camden Society, by J.B. Nichols and Son",24.712,22.662,0.046945999999999995,0.055229999999999994,1977.9,4.68,48.5,78.7,1.62,8.51,27.3
333,"Printed for the Camden Society, by J.B. Nichols and Son",24.33,21.959,0.041364,0.059696000000000006,2053.0,4.68,36.3,72.3,1.993,14.47,46.4
334,"Printed for the Camden Society, by J.B. Nichols and Son",17.399,13.116,0.045663999999999996,0.052128,2184.8,4.5,48.1,82.2,1.7080000000000002,12.3,39.4
335,"Printed for the Camden Society, by J.B. Nichols and Son",19.671,15.595999999999998,0.034624,0.041122000000000006,2631.9,4.46,47.2,82.6,1.751,11.04,35.4
336,"Printed for the Camden Society, by J.B. Nichols and Son",24.432,21.551,0.033014,0.043463999999999996,3942.6,4.68,35.1,68.5,1.949,12.83,41.1
337,"Printed for the Camden Society, by J.B. Nichols and Son",19.172,17.203,0.035392,0.041436,2985.8,4.57,58.7,90.5,1.5430000000000001,8.04,25.8
338,"Printed for the Camden Society, by J.B. Nichols and Son",21.478,21.182,0.038058,0.04434,2758.1,4.655,52.8,87.0,1.6480000000000001,11.15,35.7
339,"Printed for the Camden Society, by J.B. Nichols and Son",18.303,10.544,0.046992,0.056782000000000006,1504.6,4.545,30.1,71.9,2.391,11.4,36.5
340,Houghton Mifflin Company,27.8,18.367,0.032496,0.05134,2016.5,4.51,43.0,95.3,2.217,6.88,22.0
341,Houghton Mifflin Company,28.1,19.271,0.042114,0.050769999999999996,2623.8,5.415,37.8,177.1,4.678999999999999,12.8,41.0
342,Impr. de A. Pérez Dubrull,20.951999999999998,21.518,0.025626,0.030792,2502.8,4.49,27.8,72.9,2.6260000000000003,13.65,43.8
343,Impr. de A. Pérez Dubrull,16.687,15.114,0.031498000000000005,0.0351,2768.1,4.445,25.8,55.7,2.161,11.62,37.2
344,Impr. de A. Pérez Dubrull,22.581999999999997,21.058000000000003,0.03052,0.039486,,4.445,23.3,52.3,2.247,11.7,37.5
345,Impr. de A. Pérez Dubrull,25.631999999999998,24.307,0.039076,0.04738,3342.4,4.695,29.6,77.1,2.6039999999999996,11.05,35.4
346,Impr. de A. Pérez Dubrull,12.44,10.094,0.014766,0.011928,,4.285,30.6,59.3,1.94,7.42,23.8
347,Impr. de A. Pérez Dubrull,18.76,15.600999999999999,0.036802,0.043458,1707.3,4.51,39.3,71.0,1.804,7.24,23.2
348,Impr. de A. Pérez Dubrull,24.613000000000003,21.927,0.038446,0.052618,2568.8,4.59,38.6,67.0,1.736,8.99,28.8
349,Impr. de A. Pérez Dubrull,24.26,23.320999999999998,0.039633999999999996,0.050136,2335.9,4.78,29.1,67.8,2.326,6.89,22.1
350,Impr. de A. Pérez Dubrull,13.091,10.172,0.01493,0.012654,,4.435,43.1,60.2,1.3980000000000001,1.58,5.1
351,Impr. de la Rev. de archivos,16.709,20.764,0.03094,0.034424,2585.4,3.935,25.3,70.7,2.801,7.44,23.8
352,Impr. de M. Tello,13.162,9.9723,0.034132,0.02563,1273.9,7.92,26.0,52.8,2.0340000000000003,10.72,34.3
353,Impr. de M. Tello,11.362,9.1316,0.027348,0.020288,,4.35,27.1,63.7,2.352,15.41,49.4
354,Impr. de M. Tello,10.155,8.703,0.015986,0.014588,,4.305,26.9,48.7,1.81,9.38,30.1
355,Impr. de M. Tello,15.668,13.491,0.028994,0.033686,,4.59,22.8,49.0,2.148,7.77,24.9
356,Impr. de M. Tello,21.105999999999998,16.409000000000002,0.033354,0.043804,2678.1,4.42,61.0,95.1,1.558,8.77,28.1
357,in typographeo Clarendoniano,36.52,45.073,0.03555,0.061015999999999994,4884.1,4.515,22.8,90.4,3.9619999999999997,16.37,52.5
358,in typographeo Clarendoniano,41.193999999999996,45.348,0.045688,0.077702,3097.6,4.82,30.8,120.6,3.912,14.14,45.3
359,in typographeo Clarendoniano,32.422,37.282,0.038164,0.051626,3223.7,4.74,28.7,120.8,4.206,17.0,54.5
360,J. Murray,17.563,14.190999999999999,0.024612000000000002,0.023906,2044.1,4.7,18.6,67.9,3.6519999999999997,22.89,73.4
361,J. Murray,21.498,19.677,0.032598,0.041536000000000003,2644.7,4.7,26.3,63.4,2.4130000000000003,15.25,48.9
362,J. Murray,26.026,21.000999999999998,0.035401999999999996,0.050792000000000004,3047.5,4.75,19.6,51.4,2.6289999999999996,16.83,53.9
363,J. Murray,26.496,22.141,0.033734,0.049114,2294.2,4.945,45.9,80.2,1.749,14.27,45.7
364,J. Winchester,14.901,16.132,0.047622000000000005,0.036076,1798.6,6.405,76.8,161.6,2.105,7.92,25.4
365,J. Winchester,28.261999999999997,25.444000000000003,0.069134,0.08315,1949.8,5.587000000000001,68.1,173.4,2.5469999999999997,15.35,49.2
366,J. Winchester,32.579,29.156999999999996,0.08539400000000001,0.11459000000000001,2022.5,7.273,105.7,222.4,2.105,13.3,42.6
367,J.B. Lippincott & Co.,22.284000000000002,24.608,0.034496,0.043656,2449.1,4.64,16.5,41.0,2.494,10.77,34.5
368,J.B. Lippincott & Co.,21.732,23.956999999999997,0.037266,0.049402,3223.6,5.12,15.1,34.6,2.292,7.62,24.4
369,J.M. Dent & Sons,17.557000000000002,10.297,0.026624000000000002,0.030956,1482.4,4.465,33.9,225.1,6.645,11.25,36.1
370,J.R. Osgood and Company,22.438000000000002,18.027,0.041714,0.051104000000000004,1759.0,4.595,31.2,75.4,2.414,14.73,47.2
371,J.R. Osgood and Company,21.564,17.885,0.037572,0.042406,1768.3,4.44,33.7,88.4,2.62,15.76,50.5
372,J.R. Osgood and Company,15.200999999999999,13.689,0.020730000000000002,0.022244,,4.265,20.3,47.0,2.31,11.39,36.5
373,J.R. Osgood and Company,19.918,18.04,0.03444,0.043046,3147.8,4.5,23.4,60.1,2.5639999999999996,14.03,45.0
374,J.R. Osgood and Company,21.75,20.021,0.04767,0.0554,1684.6,4.635,30.7,82.1,2.677,14.43,46.3
375,"James B. Lyon, State Printer",21.101,25.726999999999997,0.037392,0.045404,2972.2,4.645,24.7,59.4,2.4019999999999997,9.29,29.8
376,"James B. Lyon, State Printer",27.103,40.251999999999995,0.043248,0.05038,3721.9,4.66,23.3,68.2,2.929,12.96,41.5
377,"James B. Lyon, State Printer",19.397000000000002,28.607,0.034274,0.039826,4022.1,4.645,18.1,59.5,3.284,12.44,39.9
378,"James B. Lyon, State Printer",27.521,34.098,0.047316000000000004,0.052025999999999996,3265.3,5.055,26.8,74.5,2.781,16.06,51.5
379,"James B. Lyon, State Printer",30.218000000000004,36.729,0.038810000000000004,0.051296,3242.0,4.68,23.0,63.6,2.762,14.37,46.1
380,"James B. Lyon, State Printer",30.888,41.431000000000004,0.05254400000000001,0.057362,3696.1,4.885,41.7,131.2,3.1430000000000002,12.64,40.5
381,"James B. Lyon, State Printer",27.061999999999998,40.119,0.03748,0.046130000000000004,3670.1,6.08,29.1,105.2,3.6210000000000004,13.96,44.7
382,"James B. Lyon, State Printer",38.484,38.204,0.046962000000000004,0.074054,2976.1,4.82,31.9,106.8,3.353,13.56,43.5
383,"James R. Osgood and Company, Late Ticknor & Fields, and Fields, Osgood & Co.",55.363,41.635,0.06554600000000001,0.14527,2971.9,5.77,53.7,122.6,2.281,18.8,60.3
384,"James R. Osgood and Company, Late Ticknor & Fields, and Fields, Osgood & Co.",52.808,39.759,0.06426,0.12978,2530.3,5.39,45.5,83.9,1.8459999999999999,4.21,13.5
385,"James R. Osgood and Company, Late Ticknor & Fields, and Fields, Osgood & Co.",52.611000000000004,40.303000000000004,0.063814,0.13038,2002.5,5.44,28.2,65.0,2.307,9.24,29.6
386,"James R. Osgood and Company, Late Ticknor & Fields, and Fields, Osgood & Co.",35.177,21.896,0.039966,0.07532799999999999,2026.7,5.075,20.9,60.7,2.906,22.98,73.7
387,"K. Paul, Trench, Trübner & Co., Ltd.",34.503,23.135,0.040974000000000003,0.082998,2344.2,4.505,32.2,72.7,2.256,13.5,43.3
388,"K. Paul, Trench, Trübner & Co., Ltd.",29.346999999999998,17.910999999999998,0.057608000000000006,0.097104,1394.7,4.69,30.7,57.2,1.8659999999999999,8.56,27.4
389,L. Kimball Printing Company,26.316,29.899,0.04165,0.05836,3664.4,5.69,30.3,78.7,2.6010000000000004,9.85,31.6
390,L. Kimball Printing Company,29.628,32.515,0.043648,0.05789400000000001,4073.2,5.465,22.3,54.7,2.45,11.58,37.1
391,L. Kimball Printing Company,37.113,37.074,0.045152,0.067208,2971.1,5.657,19.3,58.4,3.032,16.54,53.0
392,L. Kimball Printing Company,35.618,36.111,0.048632,0.069632,2957.9,5.69,19.8,64.0,3.239,15.34,49.2
393,L.C. Page and Company,26.476,22.771,0.042098000000000003,0.050192,2382.0,5.25,34.2,108.8,3.182,12.41,39.8
394,L.C. Page and Company,18.46,14.675999999999998,0.025934,0.033507999999999996,3453.4,4.43,22.2,58.2,2.617,10.78,34.5
395,L.C. Page and Company,30.301,22.959,0.050118,0.06124400000000001,2459.5,5.935,17.7,81.4,4.587,20.23,64.8
396,Lawrence and Bullen,29.845,20.043,0.050364,0.065884,2041.2,4.6,32.1,112.2,3.497,9.08,29.1
397,Lawrence and Bullen,64.066,62.00899999999999,0.076914,0.1962,3515.6,4.21,49.8,290.4,5.83,11.46,36.7
398,Lawrence and Bullen,55.108000000000004,58.221000000000004,0.062074000000000004,0.14709,2842.5,4.16,36.2,304.6,8.418,11.42,36.6
399,Lawrence and Bullen,40.838,27.909000000000002,0.06146,0.10248,2528.0,4.615,24.0,117.2,4.872,17.49,56.1
400,Lawrence and Bullen,37.347,24.934,0.058365999999999994,0.089486,2206.5,4.745,29.8,168.1,5.635,15.04,48.2
401,"Little, Brown and Co.",49.052,38.622,0.052753999999999995,0.098462,3523.1,4.815,46.9,83.5,1.78,12.47,40.0
402,"Little, Brown and Co.",56.731,19.861,0.047514,0.11495,1452.9,5.465,35.1,90.8,2.5869999999999997,30.72,98.5
403,"Little, Brown and Co.",50.777,42.891000000000005,0.056012,0.12018,2603.2,5.105,23.9,54.6,2.283,11.14,35.7
404,"Longman, Green, Longman and Roberts",19.364,14.764000000000001,0.033796,0.04264,1986.4,4.55,26.6,62.4,2.3480000000000003,19.26,61.7
405,"Longman, Green, Longman and Roberts",13.675,10.581,0.022752,0.024398,2187.8,4.7,26.3,52.5,1.995,13.26,42.5
406,"Longman, Rees, Orme, Brown, Green and Longmans",23.662,16.441,0.034614,0.050428,2112.0,4.23,54.2,167.6,3.09,7.97,25.5
407,"Longman, Rees, Orme, Brown, Green and Longmans",26.228,16.590999999999998,0.028556,0.047914,2245.3,4.325,27.8,93.7,3.375,17.51,56.1
408,"Longman, Rees, Orme, Brown, Green and Longmans",28.719,18.701,0.030378,0.046462,1761.1,4.61,31.5,102.9,3.267,16.37,52.5
409,"Longmans, Green, & Co.",22.771,18.782,0.033472,0.036086,1475.0,4.79,31.9,127.4,3.9960000000000004,14.4,46.2
410,"Longmans, Green, & Co.",26.733,25.776,0.034866,0.051626,3174.5,4.845,44.2,90.6,2.049,10.34,33.1
411,"Longmans, Green, & Co.",29.252,24.502,0.040642000000000005,0.055322,3143.6,5.095,36.4,86.1,2.367,11.93,38.2
412,"Longmans, Green, & Co.",28.369,29.947,0.048718,0.0615,3553.2,5.175,57.9,140.6,2.43,12.6,40.4
413,"Longmans, Green, & Co.",27.621,24.427,0.043154000000000005,0.053914,3360.4,4.785,41.3,101.6,2.4619999999999997,10.21,32.7
414,"Longmans, Green, & Co.",22.8,13.867,0.031402,0.03729,2124.2,4.6,20.7,67.3,3.252,11.85,38.0
415,"Longmans, Green, & Co.",25.7,23.188000000000002,0.042562,0.064256,2171.4,5.32,40.1,245.9,6.127999999999999,9.86,31.6
416,"Longmans, Green, & Co.",24.303,21.596999999999998,0.040476,0.04768,2219.4,5.05,25.3,94.2,3.72,17.36,55.6
417,M. Tello***,27.159000000000002,23.048000000000002,0.039438,0.056720000000000007,2618.2,4.885,39.3,70.1,1.7830000000000001,7.26,23.3
418,M. Tello***,23.644000000000002,23.116,0.036764,0.042844,2439.4,4.58,15.5,60.4,3.8930000000000002,9.26,29.7
419,M. Tello***,21.015,23.465999999999998,0.04162,0.044326,2754.9,4.48,23.3,44.8,1.922,5.98,19.2
420,M. Tello***,10.468,10.289000000000001,0.011859999999999999,0.004956,,4.1,18.9,36.2,1.9180000000000001,2.77,8.9
421,M. Tello***,15.439,14.671,0.026674,0.029104,,4.17,39.1,367.2,9.396,17.21,55.2
422,M. Tello***,13.027999999999999,10.943,0.01231,0.008778,,3.895,18.4,152.8,8.295,9.53,30.6
423,M. Tello***,28.509,26.3,0.040044,0.051894,2455.6,4.65,24.7,64.7,2.6239999999999997,10.48,33.6
424,M. Tello***,28.588,24.866,0.040596,0.066666,2101.0,4.91,22.2,57.3,2.577,7.29,23.4
425,M. Tello***,26.160999999999998,23.781,0.034006,0.050232,2984.7,4.855,25.0,63.9,2.557,13.64,43.7
426,M. Witmark & Sons,37.7,42.232,0.044430000000000004,0.0722,3377.5,5.49,25.5,121.4,4.761,17.37,55.7
427,M. Witmark & Sons,43.266000000000005,51.376999999999995,0.05171,0.10803,3492.2,8.245,88.1,267.2,3.032,8.28,26.5
428,Macmillan and Company,24.935,17.695,0.041234,0.048257999999999995,2579.4,4.92,30.4,81.0,2.668,12.47,40.0
429,Macmillan and Company,36.147,36.657,0.040792,0.077452,3482.8,5.03,33.8,86.0,2.545,6.46,20.7
430,Macmillan and Company,12.908,11.449000000000002,0.017896000000000002,0.00946,1576.9,5.035,32.6,195.2,5.985,6.99,22.4
431,Macmillan and Company,22.604,15.436,0.03267,0.039882,2323.9,4.74,19.8,50.1,2.533,6.92,22.2
432,Macmillan and Company,24.913,18.111,0.030476,0.048302,2605.2,4.645,19.6,59.9,3.0589999999999997,14.62,46.9
433,Macmillan and Company,27.066999999999997,23.228,0.033472,0.057372,2407.8,4.62,22.1,92.8,4.197,16.2,51.9
434,Macmillan and Company,22.535999999999998,22.569000000000003,0.026406,0.035898,2720.4,4.245,15.5,70.2,4.519,22.15,71.0
435,Macmillan and Company,25.425,18.803,0.032764,0.04724,1944.4,5.035,20.8,62.9,3.0180000000000002,13.33,42.7
436,Macmillan and Company,29.119,24.72,0.035118,0.05669400000000001,2419.8,5.06,20.4,102.3,5.015,19.16,61.4
437,Macmillan and Company,25.658,17.778,0.027663999999999998,0.042232,2034.8,5.075,16.6,52.9,3.18,16.69,53.5
438,Macmillan and Company,23.951999999999998,10.825,0.029554,0.037744,1497.2,4.89,24.9,80.6,3.238,19.32,61.9
439,Marshall Jones Co.,21.680999999999997,19.62,0.02783,0.035769999999999996,3659.8,4.84,33.9,115.5,3.405,5.83,18.7
440,N.D. Thompson Publishing Co.,40.775999999999996,33.238,0.045774,0.076468,2617.3,4.83,33.2,118.6,3.57,13.45,43.1
441,N.D. Thompson Publishing Co.,50.043,45.261,0.048624,0.09589400000000001,3330.1,5.0969999999999995,30.0,124.1,4.14,16.02,51.4
442,N.D. Thompson Publishing Co.,46.45399999999999,39.26,0.045696,0.07759400000000001,3591.9,4.55,24.2,116.0,4.8,21.13,67.7
443,N.D. Thompson Publishing Co.,45.897,40.284,0.048144,0.094028,3036.3,5.835,28.9,196.3,6.792999999999999,22.06,70.7
444,Offices of the Egypt Exploration Fund,59.657,59.34,0.15578,0.30001,2084.4,8.61,62.8,457.6,7.285,7.68,24.6
445,Offices of the Egypt Exploration Fund,51.272,55.85,0.12445,0.27619,2546.2,8.7,54.5,629.3,11.552,11.27,36.1
446,Offices of the Egypt Exploration Fund,58.956,43.152,0.096442,0.20631,1783.5,8.79,39.0,484.7,12.422,10.73,34.4
447,Offices of the Egypt Exploration Fund,64.779,66.46,0.13897,0.26633,2090.7,8.66,92.1,534.9,5.806,6.15,19.7
448,Offices of the Egypt Exploration Fund,51.498000000000005,42.001999999999995,0.090266,0.19482,1846.5,8.83,54.3,408.3,7.516,7.73,24.8
449,Offices of the Egypt Exploration Fund,76.438,44.505,0.048348,0.16697,2785.9,4.635,24.3,124.1,5.1080000000000005,24.22,77.6
450,Offices of the Egypt Exploration Fund,44.453,26.315,0.037377999999999995,0.07914,2259.8,4.585,14.7,50.4,3.424,11.21,35.9
451,"Oliver A. Quayle, State Legislative Printer",43.548,46.05,0.04238,0.072242,3293.8,4.72,26.0,87.9,3.385,17.31,55.5
452,P.F. Collier,19.073,29.908,0.033748,0.03822,3936.2,4.64,30.6,80.2,2.623,9.38,30.1
453,P.F. Collier,19.711,34.964,0.036054,0.04152,3864.4,5.0,27.6,87.4,3.162,10.4,33.3
454,P.F. Collier,17.65,27.239,0.03171,0.035046,4012.7,4.33,21.4,78.2,3.654,8.44,27.0
455,P.F. Collier,17.327,27.331,0.027162000000000002,0.030119999999999997,3377.1,4.84,21.5,72.6,3.375,10.28,32.9
456,"Phillips, Sampson and Company",25.043000000000003,26.195999999999998,0.049206,0.05384,2785.3,5.385,68.5,117.3,1.712,17.48,56.0
457,"Phillips, Sampson and Company",33.482,29.634,0.047560000000000005,0.069458,2194.0,4.95,40.7,97.8,2.406,24.18,77.5
458,"Phillips, Sampson and Company",45.073,34.992,0.05411799999999999,0.096734,2993.0,5.03,41.1,78.9,1.919,16.24,52.1
459,"Phillips, Sampson and Company",37.678000000000004,33.226,0.052722000000000005,0.086254,2811.7,5.0,36.8,75.4,2.046,12.39,39.7
460,"Phillips, Sampson and Company",33.027,31.211,0.04471,0.066334,2850.1,4.86,48.5,81.6,1.6840000000000002,12.07,38.7
461,"Phillips, Sampson and Company",37.917,32.298,0.054029999999999995,0.08463,2467.0,4.9,55.9,94.6,1.692,15.12,48.5
462,Printed for the Camden Society,21.009,17.302,0.031712,0.036156,1539.3,4.89,55.9,124.9,2.2359999999999998,11.23,36.0
463,Printed for the Camden Society,27.456999999999997,26.061999999999998,0.036355,0.051608,2465.3,4.78,20.0,102.4,5.111000000000001,21.83,70.0
464,Printed for the Camden Society,28.773000000000003,27.238000000000003,0.03442,0.05159299999999999,2513.4,4.93,19.4,81.6,4.212,22.0,70.5
465,Printed for the Camden Society,24.491999999999997,23.884,0.048074,0.053586,2067.7,5.165,23.0,80.2,3.495,12.59,40.3
466,Printed for the Camden Society,22.326,20.570999999999998,0.034024,0.036066,2596.1,4.535,31.1,95.1,3.0610000000000004,16.84,54.0
467,Printed for the Camden Society,13.847000000000001,12.272,0.027884,0.027724000000000002,1798.1,4.445,23.5,71.7,3.056,17.34,55.6
468,Printed for the Camden Society,21.583000000000002,19.857,0.036834,0.037824,1885.1,4.65,38.3,86.4,2.2569999999999997,17.03,54.6
469,Printed for the Camden Society,18.766,15.157,0.027982,0.032354,2116.8,4.44,27.7,67.1,2.425,17.84,57.2
470,Printed for the Camden Society,30.04,25.779,0.036692,0.056826,2499.9,4.525,31.4,71.6,2.282,17.05,54.6
471,Printed for the Camden Society,30.223000000000003,26.148000000000003,0.034166,0.057066,3011.2,4.49,27.1,62.3,2.2969999999999997,17.07,54.7
472,Printed for the Camden Society,31.480999999999998,28.805999999999997,0.03898,0.059477999999999996,2761.9,4.695,26.8,64.6,2.411,17.43,55.9
473,Printed for the Camden Society,27.113000000000003,21.331,0.046892,0.059184,2434.0,4.62,41.3,70.2,1.7,13.24,42.4
474,Printed for the Camden Society,34.001,33.672,0.042516000000000005,0.074462,3628.4,4.765,29.5,74.2,2.519,17.47,56.0
475,Printed for the Camden Society,32.035,30.048000000000002,0.053134,0.072858,2917.5,5.045,52.9,90.4,1.7069999999999999,10.17,32.6
476,Printed for the Camden Society,22.248,21.685,0.039526,0.04623,3025.1,4.68,22.9,56.9,2.489,15.44,49.5
477,Printed for the Camden Society,32.695,30.794,0.039869999999999996,0.064576,3318.0,4.69,32.0,63.8,1.996,14.68,47.0
478,Printed for the Camden Society,18.65,15.519,0.04125,0.047124,1524.9,4.6,38.6,86.2,2.23,14.19,45.5
479,Printed for the Camden Society,29.639,25.386999999999997,0.03525,0.05345,2703.7,4.665,30.7,93.9,3.057,19.21,61.6
480,Printed for the Camden Society,25.724,24.329,0.03822,0.053332000000000004,3072.6,4.855,58.1,89.0,1.531,8.88,28.4
481,Printed for the Camden Society,27.01,23.951,0.029098000000000002,0.045542,3006.0,4.635,39.7,81.9,2.062,14.63,46.9
482,Printed for the Camden Society,19.545,19.378,0.03174,0.037924,3297.9,4.69,43.0,76.1,1.767,12.66,40.6
483,Printed for the Camden Society,50.758,57.545,0.10638,0.19222999999999998,2672.1,8.795,28.7,443.1,15.425999999999998,9.96,31.9
484,Printed for the Camden Society,24.02,25.323,0.034204000000000005,0.05026,3362.2,4.655,22.3,61.5,2.7569999999999997,8.87,28.4
485,Printed for the Camden Society,23.353,21.349,0.032692,0.045994,3339.2,4.845,14.3,36.1,2.526,8.21,26.3
486,Printed for the Navy Records Society,30.839000000000002,21.182,0.051796,0.066988,2049.5,4.69,42.2,125.2,2.965,7.09,22.7
487,Printed for the Navy Records Society,37.005,21.569000000000003,0.055855999999999996,0.07951799999999999,1939.0,4.735,19.9,83.6,4.205,6.86,22.0
488,Printed for the Navy Records Society,33.691,21.633000000000003,0.046380000000000005,0.065366,2542.3,4.385,24.4,86.1,3.531,12.24,39.2
489,Printed for the Navy Records Society,34.568000000000005,21.135,0.044860000000000004,0.058552,1757.0,4.675,24.6,81.0,3.2960000000000003,12.73,40.8
490,Printed for the Navy Records Society,23.070999999999998,16.287,0.028183999999999997,0.040926,2706.5,4.455,20.7,55.6,2.693,10.66,34.2
491,"Pub. for the Early English Text Society by K. Paul, Trench, Trübner & Co.",40.784,28.6,0.052629999999999996,0.082312,2389.1,5.19,34.1,142.1,4.163,12.1,38.8
492,"Pub. for the Early English Text Society by K. Paul, Trench, Trübner & Co.",37.809,31.718000000000004,0.048662000000000004,0.072148,3350.8,4.655,40.2,113.1,2.8160000000000003,8.46,27.1
493,"Pub. for the Early English Text Society by K. Paul, Trench, Trübner & Co.",38.586999999999996,32.541,0.042263999999999996,0.070094,3026.8,4.705,25.6,88.0,3.44,15.24,48.9
494,"Pub. for the Early English Text Society by K. Paul, Trench, Trübner & Co.",41.192,34.324,0.04735,0.078276,2955.6,4.87,27.5,247.8,9.026,17.04,54.6
495,"Pub. for the Early English Text Society, by N. Trübner & Co.",33.967,26.927,0.04498,0.063208,2843.4,4.975,30.0,78.4,2.612,17.88,57.3
496,"Pub. for the Early English Text Society, by N. Trübner & Co.",35.574,28.641,0.060648,0.075214,3216.4,4.975,43.8,104.5,2.385,15.03,48.2
497,"Pub. for the Early English Text Society, by N. Trübner & Co.",33.507,28.252,0.049632,0.070488,1805.8,4.905,35.2,97.2,2.761,17.39,55.7
498,"R. Bentley, New Burlington Street",23.206,27.421999999999997,0.052627999999999994,0.057572000000000005,2659.1,4.82,35.8,84.2,2.351,15.17,48.6
499,R.H. Woodward,20.906999999999996,21.823,0.037452,0.047632,2649.2,4.93,29.0,68.1,2.352,13.58,43.5
500,R.H. Woodward,18.827,24.889,0.038778,0.04579,2672.6,5.845,41.3,87.0,2.108,9.1,29.2
501,R.H. Woodward,21.64,23.516,0.036792,0.049382,2768.5,5.7,29.0,66.5,2.29,6.26,20.1
502,R.H. Woodward,18.465999999999998,22.364,0.037495999999999995,0.045154,2540.4,5.83,28.5,56.6,1.985,7.72,24.7
503,R.R. Donnelley & Sons,18.044,20.721999999999998,0.03415,0.0289,1965.6,4.61,34.3,67.2,1.959,16.01,51.3
504,R.R. Donnelley & Sons,24.275,24.308000000000003,0.04091,0.04283,1758.7,4.625,23.7,61.9,2.613,23.17,74.3
505,R.R. Donnelley & Sons,26.948,27.444000000000003,0.039327999999999995,0.05321,3567.4,4.78,21.9,64.2,2.9360000000000004,14.92,47.8
506,R.R. Donnelley & Sons,32.698,38.304,0.044012,0.054086,3966.4,4.995,29.1,69.9,2.401,13.7,43.9
507,R.R. Donnelley & Sons,24.433000000000003,27.759,0.037112,0.043434,3600.2,4.605,21.2,52.0,2.449,12.72,40.8
508,R.R. Donnelley & Sons,35.080999999999996,30.962,0.05185,0.069862,3084.4,5.24,31.1,82.8,2.6639999999999997,17.91,57.4
509,R.R. Donnelley & Sons,25.034000000000002,30.619,0.047646,0.059567999999999996,3291.8,4.795,35.4,84.5,2.386,13.83,44.3
510,R.S. Peale & Co.,29.275,23.956999999999997,0.036227999999999996,0.04735,1715.5,4.97,21.9,70.4,3.222,18.45,59.1
511,R.S. Peale & Co.,34.681999999999995,27.233,0.040526,0.056625999999999996,2969.5,4.66,25.9,59.7,2.301,17.5,56.1
512,Remington and Co.,41.551,27.686999999999998,0.026483999999999997,0.044552,3368.1,4.58,28.5,129.1,4.521,21.07,67.5
513,Remington and Co.,44.222,28.469,0.047166,0.068514,3103.1,4.58,27.3,102.7,3.7689999999999997,22.48,72.1
514,Remington and Co.,39.024,25.338,0.04165,0.062202,2445.1,4.41,20.4,94.2,4.614,21.75,69.7
515,Remington and Co.,34.228,21.804000000000002,0.035276,0.056532000000000006,2690.4,4.26,29.9,97.7,3.2680000000000002,17.33,55.5
516,Richard Bentley and Son,52.132,32.98,0.06628200000000001,0.12689,1467.7,5.47,31.8,220.4,6.933,19.85,63.6
517,Richard Bentley and Son,43.966,29.445999999999998,0.05687999999999999,0.10765,2156.9,5.03,35.0,125.4,3.585,17.15,55.0
518,Richard Bentley and Son,29.424,17.701,0.042342000000000005,0.062702,1828.1,5.16,46.0,88.3,1.919,14.8,47.4
519,Richard Bentley and Son,46.433,34.912,0.06204199999999999,0.10985,1796.9,4.935,50.0,215.0,4.301,18.46,59.2
520,Richard Bentley and Son,35.314,24.098000000000003,0.057714,0.09086,1977.7,5.205,60.5,114.6,1.892,15.85,50.8
521,Roberts Brothers,28.085,19.387999999999998,0.045034,0.054653999999999994,2289.8,4.69,24.4,74.4,3.057,21.52,69.0
522,Royal Historical Society,28.385,24.894000000000002,0.029930000000000002,0.043922,3548.7,4.37,30.4,106.9,3.516,12.78,40.9
523,Royal Historical Society,19.588,20.331,0.035502,0.04446,2926.7,4.145,28.5,69.8,2.448,6.28,20.1
524,Royal Historical Society,23.968000000000004,23.491999999999997,0.027727999999999996,0.040846,3302.3,4.335,25.1,80.5,3.2089999999999996,11.48,36.8
525,Royal Historical Society,27.91,27.195999999999998,0.035504,0.051904,2266.2,4.66,29.5,89.1,3.017,10.47,33.6
526,Rudd and Carleton,22.127,15.135,0.044677999999999995,0.051634000000000006,2034.5,7.385,34.9,74.8,2.144,16.38,52.5
527,Rudd and Carleton,30.535,25.023000000000003,0.040392000000000004,0.06883600000000001,2480.1,4.82,56.8,101.1,1.781,22.79,73.0
528,Rudd and Carleton,29.017,20.728,0.052708000000000005,0.07509400000000001,2195.9,6.57,48.8,88.9,1.8219999999999998,11.55,37.0
529,Rudd and Carleton,52.92,30.725,0.058484,0.13209,1959.2,4.985,33.3,74.3,2.228,23.74,76.1
530,Rudd and Carleton,26.572,20.254,0.04338,0.061984000000000004,2074.1,5.89,61.4,102.2,1.665,10.5,33.6
531,Rudd and Carleton,49.36,28.660999999999998,0.05461799999999999,0.11795,2724.0,4.965,50.3,103.2,2.051,19.93,63.9
532,S. Sonnenschein & Co.,30.289,22.471,0.041304,0.051914,2864.9,4.24,23.4,79.2,3.388,13.7,43.9
533,S. Sonnenschein & Co.,30.324,23.219,0.037362,0.054776,2916.7,4.3,15.0,97.3,6.499,19.3,61.9
534,S. Sonnenschein & Co.,31.054000000000002,26.1,0.037542,0.05421,2904.2,4.77,25.5,95.2,3.733,13.49,43.2
535,S.C. Griggs and Company,18.000999999999998,15.569,0.029796,0.028142,1634.0,4.74,19.6,53.0,2.705,20.78,66.6
536,S.C. Griggs and Company,27.8,25.224,0.02978,0.043614,3024.7,4.835,32.0,71.0,2.219,18.97,60.8
537,S.C. Griggs and Company,22.676,19.503,0.034763999999999996,0.047792,2525.7,4.87,24.9,56.0,2.247,18.08,58.0
538,S.C. Griggs and Company,21.255,19.485,0.032992,0.043106,2903.8,4.915,20.9,53.5,2.562,12.38,39.7
539,S.C. Griggs and Company,26.72,22.131,0.046138,0.062226,2426.9,4.88,37.7,93.3,2.471,19.21,61.6
540,"Small, Maynard & Co.",24.680999999999997,16.486,0.033589999999999995,0.042910000000000004,2453.7,4.625,23.1,57.9,2.509,13.11,42.0
541,"Small, Maynard & Co.",20.678,15.386,0.022397999999999998,0.030054,2475.6,4.41,12.4,37.6,3.0389999999999997,16.41,52.6
542,"Small, Maynard & Co.",17.409000000000002,13.828,0.026406,0.030862,2197.7,4.68,20.9,47.0,2.246,9.69,31.1
543,"Small, Maynard & Co.",20.194000000000003,14.722999999999999,0.030938,0.041612,2414.3,4.51,11.5,36.4,3.173,15.59,50.0
544,"Smith, Elder, & Co.",29.045,19.323,0.033726,0.044204,1721.6,4.335,26.3,239.2,9.093,27.26,87.4
545,"Smith, Elder, & Co.",19.372,13.866,0.03391,0.033757999999999996,1537.5,4.26,28.4,131.2,4.614,19.93,63.9
546,"Smith, Elder, & Co.",21.603,17.24,0.027254,0.037748000000000004,3047.1,4.36,21.0,68.6,3.266,13.26,42.5
547,"Smith, Elder, & Co.",19.215999999999998,12.144,0.024478,0.03536,2468.1,4.165,21.7,54.9,2.525,11.32,36.3
548,"Smith, Elder, & Co.",38.908,27.165,0.048338,0.078352,2288.4,4.46,31.8,126.4,3.975,18.25,58.5
549,"State Journal Co., Printers",26.7,22.491999999999997,0.035364,0.051508000000000005,2718.9,5.105,31.3,84.7,2.7039999999999997,11.43,36.6
550,"State Journal Co., Printers",26.043000000000003,17.926,0.038360000000000005,0.046438,1530.4,4.59,24.6,96.7,3.923,13.32,42.7
551,State of New York,23.177,40.821999999999996,0.040195999999999996,0.048945999999999996,3348.2,5.795,27.6,105.5,3.821,10.41,33.4
552,sumptibus Societatis Camdenensis,34.67,28.779,0.051118000000000004,0.07234,2274.6,5.065,44.1,127.6,2.89,22.45,71.9
553,sumptibus Societatis Camdenensis,34.803000000000004,31.873,0.040934,0.066496,3263.0,4.735,37.0,81.4,2.199,18.17,58.3
554,sumptibus Societatis Camdenensis,30.118000000000002,27.471999999999998,0.04742,0.06487000000000001,2971.0,4.635,51.6,87.2,1.6909999999999998,7.72,24.7
555,sumptibus Societatis Camdenensis,32.913000000000004,26.448,0.048112,0.065984,2885.8,4.75,50.3,91.0,1.807,15.27,48.9
556,T. Nelson,16.048,20.374000000000002,0.034874,0.034748,3019.2,4.47,33.7,130.2,3.863,6.73,21.6
557,T. Nelson,23.633000000000003,31.910999999999998,0.035212,0.046528,3072.1,4.683,30.8,109.1,3.5380000000000003,12.19,39.1
558,T.B. Peterson,32.379,23.291,0.060042,0.094862,2363.8,7.975,15.7,106.9,6.791,11.2,35.9
559,T.B. Peterson,33.488,24.024,0.0585,0.09215599999999999,2294.4,6.615,20.6,55.2,2.674,7.39,23.7
560,T.B. Peterson,23.045,17.746,0.043036000000000005,0.064078,1669.0,6.195,21.3,47.4,2.219,5.16,16.5
561,T.B. Peterson,24.709,19.795,0.055470000000000005,0.067564,1995.8,7.33,25.6,73.6,2.8710000000000004,6.59,21.1
562,T.B. Peterson,21.444000000000003,19.252,0.03507,0.048744,2368.2,5.647,27.2,82.3,3.023,13.99,44.8
563,T.B. Peterson & Brothers,32.379,23.291,0.060042,0.094862,2363.8,7.975,15.7,106.9,6.791,11.2,35.9
564,T.B. Peterson & Brothers,33.488,24.024,0.0585,0.09215599999999999,2294.4,6.615,20.6,55.2,2.674,7.39,23.7
565,T.B. Peterson & Brothers,23.045,17.746,0.043036000000000005,0.064078,1669.0,6.195,21.3,47.4,2.219,5.16,16.5
566,T.B. Peterson & Brothers,24.709,19.795,0.055470000000000005,0.067564,1995.8,7.33,25.6,73.6,2.8710000000000004,6.59,21.1
567,T.B. Peterson & Brothers,21.444000000000003,19.252,0.03507,0.048744,2368.2,5.647,27.2,82.3,3.023,13.99,44.8
568,The Baker & Taylor Co.,36.543,24.713,0.042524,0.066764,3053.8,5.43,29.7,103.7,3.492,12.29,39.4
569,The Baker & Taylor Co.,25.307,22.889,0.039118,0.060082,2628.1,5.0,24.7,97.9,3.9589999999999996,10.43,33.4
570,The Baker & Taylor Co.,23.273000000000003,13.671,0.04922,0.06116799999999999,1763.7,5.15,23.4,56.4,2.407,6.62,21.2
571,The Baker & Taylor Co.,32.976,24.41,0.042406,0.064506,1932.5,5.605,27.1,80.0,2.957,13.45,43.1
572,The Baker & Taylor Co.,42.507,24.358,0.050836,0.098236,1920.5,5.545,19.9,103.8,5.223,30.05,96.3
573,The Bobbs-Merrill Company,39.233000000000004,25.79,0.044578,0.068704,2716.5,5.805,30.8,134.4,4.37,13.92,44.6
574,The Bobbs-Merrill Company,35.3,21.51,0.032008,0.047866000000000006,2350.2,4.73,21.6,71.9,3.3339999999999996,19.37,62.1
575,The Century Co.,57.105,33.417,0.052292,0.11218,2612.9,6.655,35.8,112.7,3.145,11.68,37.4
576,The Century Co.,44.278,27.971999999999998,0.060303999999999996,0.11625999999999999,2047.4,6.775,30.4,200.0,6.5760000000000005,10.87,34.8
577,The Century Co.,34.281,26.662,0.047498,0.068816,3077.2,4.635,17.9,55.5,3.1069999999999998,16.3,52.2
578,The Century Co.,45.983999999999995,29.724,0.05496,0.10174,2789.1,6.99,25.2,116.4,4.626,12.99,41.6
579,The Century Co.,32.014,24.363000000000003,0.04365,0.062784,2795.9,4.95,19.7,61.4,3.1189999999999998,19.86,63.6
580,The Century Co.,44.681999999999995,27.065,0.053456,0.09203,1932.2,6.385,30.6,121.1,3.955,13.27,42.5
581,The Century Co.,57.105,33.417,0.052292,0.11218,2612.9,6.655,35.8,112.7,3.145,11.68,37.4
582,The Century Co.,44.278,27.971999999999998,0.060303999999999996,0.11625999999999999,2047.4,6.775,30.4,200.0,6.5760000000000005,10.87,34.8
583,The Century Co.,34.281,26.662,0.047498,0.068816,3077.2,4.635,17.9,55.5,3.1069999999999998,16.3,52.2
584,The Century Co.,45.983999999999995,29.724,0.05496,0.10174,2789.1,6.99,25.2,116.4,4.626,12.99,41.6
585,The Century Co.,32.014,24.363000000000003,0.04365,0.062784,2795.9,4.95,19.7,61.4,3.1189999999999998,19.86,63.6
586,The Century Co.,44.681999999999995,27.065,0.053456,0.09203,1932.2,6.385,30.6,121.1,3.955,13.27,42.5
587,The Henry Bill Publishing Company,19.639,16.885,0.0333,0.031972,2011.0,5.065,16.8,66.7,3.965,17.55,56.2
588,The Henry Bill Publishing Company,28.338,27.734,0.038856,0.047096,3198.9,4.55,20.8,59.0,2.839,17.11,54.8
589,The Henry Bill Publishing Company,25.875999999999998,23.065,0.039314,0.046528,2973.3,4.725,23.3,61.1,2.625,17.04,54.6
590,The Henry Bill Publishing Company,24.497,24.894000000000002,0.041862,0.050754,4180.1,4.85,35.3,79.4,2.248,13.44,43.1
591,The Johns Hopkins Press,28.515,22.414,0.036638,0.054662,1982.0,4.575,18.1,63.2,3.484,16.65,53.4
592,The Walter Scott Publishing Company,29.805,26.074,0.044916000000000005,0.061648,2297.2,4.72,25.9,152.9,5.9110000000000005,22.43,71.9
593,The Walter Scott Publishing Company,48.742,24.773000000000003,0.041210000000000004,0.07113,2905.9,4.425,33.2,173.4,5.222,19.54,62.6
594,The Walter Scott Publishing Company,34.421,26.104,0.045182,0.059586,1985.4,4.375,37.0,114.8,3.1039999999999996,8.94,28.6
595,The Walter Scott Publishing Company,38.46,23.579,0.044498,0.06479800000000001,2367.8,4.53,25.7,131.1,5.099,18.29,58.6
596,The Walter Scott Publishing Company,39.227,32.208,0.04147,0.070616,3009.5,4.385,62.1,175.8,2.832,7.75,24.8
597,The Walter Scott Publishing Company,31.326,25.63,0.03526,0.055024,3275.0,4.55,32.1,156.8,4.883,16.61,53.2
598,Ticknor and Fields,19.518,15.988,0.030456999999999998,0.038232,2443.0,4.79,22.1,49.4,2.2359999999999998,16.13,51.7
599,Ticknor and Fields,19.842,17.558,0.0289,0.034386,2423.1,4.435,23.0,48.6,2.12,20.24,64.9
600,Ticknor and Fields,26.76,22.819000000000003,0.048,0.062684,1795.4,4.57,29.7,78.0,2.6289999999999996,17.52,56.2
601,Vizetelly,30.910999999999998,33.582,0.048858,0.05334,1995.9,5.08,37.0,128.7,3.477,19.71,63.2
602,Vizetelly,32.923,47.148999999999994,0.050378,0.071754,3636.6,5.26,39.0,140.5,3.6039999999999996,10.3,33.0
603,Vizetelly,44.875,58.135,0.062648,0.10181,2734.2,5.6,38.5,126.2,3.275,14.4,46.2
604,Vizetelly,42.282,48.167,0.05635,0.096868,4253.0,5.29,65.5,214.6,3.2769999999999997,14.63,46.9
605,W. Heinemann,26.12,12.228,0.046404,0.060427999999999996,1458.9,4.88,42.3,134.3,3.173,6.83,21.9
606,W. Heinemann,19.497,10.355,0.041068,0.04141,1390.1,4.58,34.4,164.1,4.776,10.88,34.9
607,W. Heinemann,25.353,13.675999999999998,0.041894,0.044472000000000005,1551.7,4.74,34.8,133.5,3.839,9.79,31.4
608,W. Heinemann,23.375999999999998,13.902000000000001,0.047136000000000004,0.054344,1681.2,4.65,33.8,125.5,3.7119999999999997,8.01,25.7
609,W. Heinemann,25.011999999999997,12.324000000000002,0.037952,0.051989999999999995,1467.7,4.61,26.0,142.3,5.4670000000000005,18.93,60.7
610,W. Heinemann,27.47,16.264,0.042516000000000005,0.06384400000000001,1380.6,5.06,30.4,143.3,4.71,12.41,39.8
611,Williams and Norgate,25.109,23.408,0.03688,0.039060000000000004,1875.3,4.545,28.1,112.5,4.004,15.4,49.4
612,Williams and Norgate,31.267,29.128,0.040462,0.051576,3327.8,4.45,29.9,110.3,3.693,11.58,37.1
613,Williams and Norgate,30.651,29.851999999999997,0.028156,0.04435,3410.7,4.415,36.0,180.5,5.012,13.04,41.8
614,Williams and Norgate,28.752,24.109,0.035298,0.04715,2977.7,4.385,26.2,87.0,3.315,13.26,42.5
615,Williams and Norgate,20.177,19.096,0.033852,0.04287,2519.7,4.515,34.0,75.0,2.206,9.95,31.9
616,Williams and Norgate,21.326,20.305999999999997,0.0325,0.043382,3441.9,4.495,22.0,85.9,3.9010000000000002,14.4,46.1
617,Williams and Norgate,30.093000000000004,31.238000000000003,0.045324,0.059003999999999994,3937.7,4.585,43.6,136.2,3.1210000000000004,12.19,39.1
618,Williams and Norgate,31.035999999999998,30.811,0.041104,0.056048,3645.3,4.57,43.1,138.0,3.202,10.72,34.4
619,"Wynkoop, Hallenbeck, Crawford Co. ",25.124000000000002,34.014,0.04113,0.049,3573.2,5.805,29.6,108.3,3.658,11.66,37.4
620,"Wynkoop, Hallenbeck, Crawford Co. ",33.694,46.858999999999995,0.044804000000000004,0.055653999999999995,4828.2,4.555,28.6,82.2,2.8739999999999997,12.3,39.4
621,"Wynkoop, Hallenbeck, Crawford Co. ",28.772,35.853,0.045516,0.057462,3764.3,4.585,25.9,73.0,2.8139999999999996,16.53,53.0
